Timestamp,User Count,Type,Name,Requests/s,Failures/s,50%,66%,75%,80%,90%,95%,98%,99%,99.9%,99.99%,100%,Total Request Count,Total Failure Count,Total Median Response Time,Total Average Response Time,Total Min Response Time,Total Max Response Time,Total Average Content Size
1750615460,0,,Aggregated,0.000000,0.000000,N/A,N/A,N/A,N/A,N/A,N/A,N/A,N/A,N/A,N/A,N/A,0,0,0,0.0,0,0,0
1750615461,1,GET,/,0.000000,0.000000,0,0,0,0,0,0,0,0,0,0,0,1,0,158.03705103462562,158.03705103462562,158.03705103462562,158.03705103462562,10499.0
1750615461,1,GET,/product/0PUK6V6EV0,0.000000,0.000000,0,0,0,0,0,0,0,0,0,0,0,2,0,39.473881013691425,40.299692016560584,39.473881013691425,41.12550301942974,7946.0
1750615461,1,GET,/product/1YMWWN1N4O,0.000000,0.000000,0,0,0,0,0,0,0,0,0,0,0,1,0,44.00427499786019,44.00427499786019,44.00427499786019,44.00427499786019,7988.0
1750615461,1,GET,/product/2ZYFJ3GM2N,0.000000,0.000000,0,0,0,0,0,0,0,0,0,0,0,2,0,50,51.28516399418004,49.96175097767264,52.60857701068744,7950.0
1750615461,1,GET,/product/66VCHSJNUP,0.000000,0.000000,0,0,0,0,0,0,0,0,0,0,0,2,0,39.05658202711493,41.89481202047318,39.05658202711493,44.73304201383144,7949.0
1750615461,1,GET,/product/6E92ZMYYFZ,0.000000,0.000000,0,0,0,0,0,0,0,0,0,0,0,3,0,41.69772600289434,40.93966933821017,39.5003940211609,41.69772600289434,7933.0
1750615461,1,GET,/product/9SIQT8TOJO,0.000000,0.000000,0,0,0,0,0,0,0,0,0,0,0,2,0,40.37589201470837,45.04184451070614,40.37589201470837,49.70779700670391,7986.0
1750615461,1,GET,/product/L9ECAV7KIM,0.000000,0.000000,0,0,0,0,0,0,0,0,0,0,0,1,0,44.8222829727456,44.8222829727456,44.8222829727456,44.8222829727456,7950.0
1750615461,1,GET,/product/LS4PSXUNUM,0.000000,0.000000,0,0,0,0,0,0,0,0,0,0,0,2,0,38,39.260657533304766,37.99840802093968,40.522907045669854,7943.0
1750615461,1,,Aggregated,0.000000,0.000000,0,0,0,0,0,0,0,0,0,0,0,16,0,42,50.32793482314446,37.99840802093968,158.03705103462562,8111.5
1750615462,1,GET,/,0.000000,0.000000,0,0,0,0,0,0,0,0,0,0,0,1,0,158.03705103462562,158.03705103462562,158.03705103462562,158.03705103462562,10499.0
1750615462,1,GET,/product/0PUK6V6EV0,0.000000,0.000000,0,0,0,0,0,0,0,0,0,0,0,4,0,38,38.99492400523741,37.65787399606779,41.12550301942974,7957.0
1750615462,1,GET,/product/1YMWWN1N4O,0.000000,0.000000,0,0,0,0,0,0,0,0,0,0,0,2,0,40.458306029904634,42.23129051388241,40.458306029904634,44.00427499786019,7994.0
1750615462,1,GET,/product/2ZYFJ3GM2N,0.000000,0.000000,0,0,0,0,0,0,0,0,0,0,0,5,0,38,42.107406607829034,33.43318204861134,52.60857701068744,7963.2
1750615462,1,GET,/product/66VCHSJNUP,0.000000,0.000000,0,0,0,0,0,0,0,0,0,0,0,6,0,44,42.82973900747796,39.05658202711493,45.548875990789384,7951.0
1750615462,1,GET,/product/6E92ZMYYFZ,0.000000,0.000000,0,0,0,0,0,0,0,0,0,0,0,5,0,42,40.98226900678128,37.97935898182914,44.11297803744674,7929.0
1750615462,1,GET,/product/9SIQT8TOJO,0.000000,0.000000,0,0,0,0,0,0,0,0,0,0,0,5,0,39,40.50763598643243,34.8626509658061,49.70779700670391,7983.2
1750615462,1,GET,/product/L9ECAV7KIM,0.000000,0.000000,0,0,0,0,0,0,0,0,0,0,0,4,0,41,40.785057746688835,33.34502800134942,44.8222829727456,7950.0
1750615462,1,GET,/product/LS4PSXUNUM,0.000000,0.000000,0,0,0,0,0,0,0,0,0,0,0,3,0,40.60477501479909,39.70869669380287,37.99840802093968,40.60477501479909,7934.333333333333
1750615462,1,GET,/product/OLJCESPC7Z,0.000000,0.000000,0,0,0,0,0,0,0,0,0,0,0,2,0,37.42352197878063,37.45633500511758,37.42352197878063,37.48914803145453,7975.0
1750615462,1,,Aggregated,0.000000,0.000000,40,42,44,44,50,53,160,160,160,160,160,37,0,40,44.07090030302218,33.34502800134942,158.03705103462562,8025.7027027027025
1750615463,1,GET,/,0.000000,0.000000,160,160,160,160,160,160,160,160,160,160,160,1,0,158.03705103462562,158.03705103462562,158.03705103462562,158.03705103462562,10499.0
1750615463,1,GET,/product/0PUK6V6EV0,0.000000,0.000000,38,38,38,38,38,38,38,38,38,38,38,5,0,38,38.33223080728203,35.68145801546052,41.12550301942974,7955.2
1750615463,1,GET,/product/1YMWWN1N4O,0.000000,0.000000,41,41,41,41,41,41,41,41,41,41,41,3,0,41,41.716841340530664,40.458306029904634,44.00427499786019,8000.666666666667
1750615463,1,GET,/product/2ZYFJ3GM2N,0.000000,0.000000,40,40,41,41,41,41,41,41,41,41,41,7,0,40,41.67491972579488,33.43318204861134,52.60857701068744,7964.0
1750615463,1,GET,/product/66VCHSJNUP,0.000000,0.000000,44,44,46,46,46,46,46,46,46,46,46,7,0,44,41.94650172056364,36.64707799907774,45.548875990789384,7952.0
1750615463,1,GET,/product/6E92ZMYYFZ,0.000000,0.000000,38,38,38,44,44,44,44,44,44,44,44,8,0,38,39.5482610038016,36.3819639896974,44.11297803744674,7931.0
1750615463,1,GET,/product/9SIQT8TOJO,0.000000,0.000000,39,39,46,46,46,46,46,46,46,46,46,6,0,39,41.469718319907166,34.8626509658061,49.70779700670391,7988.0
1750615463,1,GET,/product/L9ECAV7KIM,0.000000,0.000000,41,44,44,45,45,45,45,45,45,45,45,6,0,41,41.22742065616573,33.34502800134942,44.8222829727456,7945.0
1750615463,1,GET,/product/LS4PSXUNUM,0.000000,0.000000,38,38,41,41,41,41,41,41,41,41,41,6,0,38,38.20211436444273,36.03814204689115,40.60477501479909,7939.0
1750615463,1,GET,/product/OLJCESPC7Z,0.000000,0.000000,0,0,0,0,0,0,0,0,0,0,0,8,0,39,39.49436826223973,37.42352197878063,43.147871969267726,7983.25
1750615463,1,,Aggregated,0.000000,0.000000,40,41,43,44,46,50,53,160,160,160,160,57,0,40,42.419916375237925,33.34502800134942,158.03705103462562,8004.122807017544
1750615464,1,GET,/,0.500000,0.000000,160,160,160,160,160,160,160,160,160,160,160,1,0,158.03705103462562,158.03705103462562,158.03705103462562,158.03705103462562,10499.0
1750615464,1,GET,/product/0PUK6V6EV0,1.000000,0.000000,38,38,38,38,38,38,38,38,38,38,38,8,0,38,37.81005275232019,35.68145801546052,41.12550301942974,7954.75
1750615464,1,GET,/product/1YMWWN1N4O,0.500000,0.000000,40,40,41,41,41,41,41,41,41,41,41,4,0,40,40.76930800511036,37.92670799884945,44.00427499786019,7993.0
1750615464,1,GET,/product/2ZYFJ3GM2N,1.500000,0.000000,38,40,41,41,43,43,43,43,43,43,43,10,0,38,40.658976713893935,33.43318204861134,52.60857701068744,7968.6
1750615464,1,GET,/product/66VCHSJNUP,1.500000,0.000000,44,44,46,46,46,46,46,46,46,46,46,7,0,44,41.94650172056364,36.64707799907774,45.548875990789384,7952.0
1750615464,1,GET,/product/6E92ZMYYFZ,1.500000,0.000000,38,38,38,38,44,44,44,44,44,44,44,9,0,38,39.02541055706226,34.84260698314756,44.11297803744674,7929.888888888889
1750615464,1,GET,/product/9SIQT8TOJO,1.500000,0.000000,39,40,40,46,46,46,46,46,46,46,46,8,0,39,40.88943248643773,34.8626509658061,49.70779700670391,7989.25
1750615464,1,GET,/product/L9ECAV7KIM,0.500000,0.000000,39,41,44,44,45,45,45,45,45,45,45,9,0,39,39.86078199361347,33.34502800134942,44.8222829727456,7941.333333333333
1750615464,1,GET,/product/LS4PSXUNUM,1.000000,0.000000,36,38,39,41,45,45,45,45,45,45,45,11,0,38,37.71481292576275,32.80381701188162,45.231257972773165,7949.0
1750615464,1,GET,/product/OLJCESPC7Z,0.000000,0.000000,40,41,41,41,43,43,43,43,43,43,43,11,0,39,39.20724691653793,36.04897699551657,43.147871969267726,7984.636363636364
1750615464,1,,Aggregated,9.500000,0.000000,39,41,41,43,45,50,53,160,160,160,160,78,0,39,41.11594660730005,32.80381701188162,158.03705103462562,7993.384615384615
1750615465,1,GET,/,0.333333,0.000000,160,160,160,160,160,160,160,160,160,160,160,1,0,158.03705103462562,158.03705103462562,158.03705103462562,158.03705103462562,10499.0
1750615465,1,GET,/product/0PUK6V6EV0,1.333333,0.000000,38,38,38,38,44,44,44,44,44,44,44,10,0,38,38.160495000192896,35.02529498655349,44.09923299681395,7954.6
1750615465,1,GET,/product/1YMWWN1N4O,0.666667,0.000000,40,40,41,41,44,44,44,44,44,44,44,7,0,40,39.435048995073885,34.32875999715179,44.1164459916763,7986.0
1750615465,1,GET,/product/2ZYFJ3GM2N,1.666667,0.000000,38,40,40,41,43,43,43,43,43,43,43,13,0,38,39.964027317742314,33.43318204861134,52.60857701068744,7966.0
1750615465,1,GET,/product/66VCHSJNUP,2.333333,0.000000,44,44,46,46,51,51,51,51,51,51,51,9,0,44,43.06252556206245,36.64707799907774,50.87093397742137,7948.666666666667
1750615465,1,GET,/product/6E92ZMYYFZ,1.666667,0.000000,38,38,38,38,44,44,44,44,44,44,44,11,0,38,38.55089490852234,34.84260698314756,44.11297803744674,7931.181818181818
1750615465,1,GET,/product/9SIQT8TOJO,1.666667,0.000000,39,39,40,40,46,46,46,46,46,46,46,10,0,39,40.169161290396005,34.8626509658061,49.70779700670391,7986.8
1750615465,1,GET,/product/L9ECAV7KIM,1.333333,0.000000,39,39,41,44,45,45,45,45,45,45,45,11,0,39,39.37125772195445,33.34502800134942,44.8222829727456,7943.818181818182
1750615465,1,GET,/product/LS4PSXUNUM,1.000000,0.000000,36,38,39,39,41,45,45,45,45,45,45,14,0,36,37.41079908961962,32.80381701188162,45.231257972773165,7950.571428571428
1750615465,1,GET,/product/OLJCESPC7Z,1.000000,0.000000,40,40,41,41,43,43,43,43,43,43,43,12,0,38,39.027819506979235,36.04897699551657,43.147871969267726,7985.833333333333
1750615465,1,,Aggregated,13.000000,0.000000,39,40,41,43,45,50,53,160,160,160,160,98,0,38,40.54798716702974,32.80381701188162,158.03705103462562,7986.469387755102
1750615466,1,GET,/,0.250000,0.000000,160,160,160,160,160,160,160,160,160,160,160,1,0,158.03705103462562,158.03705103462562,158.03705103462562,158.03705103462562,10499.0
1750615466,1,GET,/product/0PUK6V6EV0,1.250000,0.000000,37,38,38,38,44,44,44,44,44,44,44,11,0,38,37.88993700238114,35.02529498655349,44.09923299681395,7952.727272727273
1750615466,1,GET,/product/1YMWWN1N4O,0.750000,0.000000,40,41,43,43,44,44,44,44,44,44,44,8,0,40,39.917910122312605,34.32875999715179,44.1164459916763,7984.25
1750615466,1,GET,/product/2ZYFJ3GM2N,1.750000,0.000000,40,41,41,41,43,43,43,43,43,43,43,17,0,40,40.10785677511355,33.43318204861134,52.60857701068744,7967.882352941177
1750615466,1,GET,/product/66VCHSJNUP,1.750000,0.000000,43,44,46,46,51,51,51,51,51,51,51,12,0,43,42.654925001746356,36.64707799907774,50.87093397742137,7942.666666666667
1750615466,1,GET,/product/6E92ZMYYFZ,2.000000,0.000000,38,38,38,40,44,44,44,44,44,44,44,12,0,38,38.71104433104241,34.84260698314756,44.11297803744674,7930.5
1750615466,1,GET,/product/9SIQT8TOJO,1.750000,0.000000,39,40,40,40,44,46,46,46,46,46,46,14,0,39,40.04538141972652,34.8626509658061,49.70779700670391,7984.714285714285
1750615466,1,GET,/product/L9ECAV7KIM,1.750000,0.000000,38,39,41,44,45,46,46,46,46,46,46,14,0,38,39.571019421730725,33.34502800134942,46.254256973043084,7943.857142857143
1750615466,1,GET,/product/LS4PSXUNUM,1.500000,0.000000,36,38,39,39,41,45,45,45,45,45,45,14,0,36,37.41079908961962,32.80381701188162,45.231257972773165,7950.571428571428
1750615466,1,GET,/product/OLJCESPC7Z,2.000000,0.000000,40,40,41,41,42,43,43,43,43,43,43,15,0,38,38.90599940593044,34.921025042422116,43.147871969267726,7983.8
1750615466,1,,Aggregated,14.750000,0.000000,39,40,41,43,45,46,51,53,160,160,160,118,0,39,40.46072564689616,32.80381701188162,158.03705103462562,7981.779661016949
1750615467,1,GET,/,0.200000,0.000000,160,160,160,160,160,160,160,160,160,160,160,1,0,158.03705103462562,158.03705103462562,158.03705103462562,158.03705103462562,10499.0
1750615467,1,GET,/product/0PUK6V6EV0,1.600000,0.000000,38,38,38,38,44,44,44,44,44,44,44,13,0,38,38.39609077504765,35.02529498655349,44.312426005490124,7954.615384615385
1750615467,1,GET,/product/1YMWWN1N4O,0.800000,0.000000,40,41,43,43,44,44,44,44,44,44,44,9,0,40,39.54237333447155,34.32875999715179,44.1164459916763,7981.777777777777
1750615467,1,GET,/product/2ZYFJ3GM2N,2.000000,0.000000,38,40,41,41,43,43,43,43,43,43,43,18,0,38,39.911048619412924,33.43318204861134,52.60857701068744,7969.222222222223
1750615467,1,GET,/product/66VCHSJNUP,1.600000,0.000000,42,43,44,46,46,51,51,51,51,51,51,17,0,42,41.841101113652044,35.16488999594003,50.87093397742137,7943.294117647059
1750615467,1,GET,/product/6E92ZMYYFZ,1.800000,0.000000,38,38,42,42,44,45,45,45,45,45,45,15,0,38,39.182932930998504,34.84260698314756,44.72040198743343,7929.266666666666
1750615467,1,GET,/product/9SIQT8TOJO,1.800000,0.000000,39,39,40,40,44,46,46,46,46,46,46,17,0,39,39.56150357707349,34.8626509658061,49.70779700670391,7983.529411764706
1750615467,1,GET,/product/L9ECAV7KIM,1.800000,0.000000,38,39,41,44,45,46,46,46,46,46,46,14,0,38,39.571019421730725,33.34502800134942,46.254256973043084,7943.857142857143
1750615467,1,GET,/product/LS4PSXUNUM,2.200000,0.000000,38,38,39,40,41,45,45,45,45,45,45,16,0,38,37.57375439090538,32.80381701188162,45.231257972773165,7950.625
1750615467,1,GET,/product/OLJCESPC7Z,2.200000,0.000000,38,40,41,41,42,43,43,43,43,43,43,18,0,38,38.6520205065608,34.90266599692404,43.147871969267726,7983.0
1750615467,1,,Aggregated,16.000000,0.000000,39,40,41,43,45,46,51,53,160,160,160,138,0,39,40.24612645836264,32.80381701188162,158.03705103462562,7978.289855072464
1750615468,1,GET,/,0.166667,0.000000,160,160,160,160,160,160,160,160,160,160,160,1,0,158.03705103462562,158.03705103462562,158.03705103462562,158.03705103462562,10499.0
1750615468,1,GET,/product/0PUK6V6EV0,1.833333,0.000000,38,38,38,38,44,44,44,44,44,44,44,14,0,38,38.176292578490184,35.02529498655349,44.312426005490124,7952.714285714285
1750615468,1,GET,/product/1YMWWN1N4O,1.166667,0.000000,40,40,41,43,44,44,44,44,44,44,44,11,0,40,39.63272036476569,34.32875999715179,44.1164459916763,7981.272727272727
1750615468,1,GET,/product/2ZYFJ3GM2N,2.166667,0.000000,40,41,41,41,43,43,43,43,43,43,43,21,0,40,39.85032514901832,33.43318204861134,52.60857701068744,7969.142857142857
1750615468,1,GET,/product/66VCHSJNUP,1.500000,0.000000,41,43,44,46,48,51,51,51,51,51,51,23,0,41,41.23671216708001,33.71335403062403,50.87093397742137,7940.95652173913
1750615468,1,GET,/product/6E92ZMYYFZ,1.833333,0.000000,38,40,41,41,44,45,45,45,45,45,45,19,0,38,38.82821810456287,33.0529939965345,44.72040198743343,7929.315789473684
1750615468,1,GET,/product/9SIQT8TOJO,2.000000,0.000000,38,39,40,40,44,46,46,46,46,46,46,18,0,39,39.27047926441042,34.323065949138254,49.70779700670391,7985.0
1750615468,1,GET,/product/L9ECAV7KIM,1.833333,0.000000,38,39,41,44,45,46,46,46,46,46,46,16,0,38,39.206294179166434,33.34502800134942,46.254256973043084,7943.75
1750615468,1,GET,/product/LS4PSXUNUM,2.333333,0.000000,38,38,40,40,41,45,45,45,45,45,45,17,0,38,37.69153924932813,32.80381701188162,45.231257972773165,7949.705882352941
1750615468,1,GET,/product/OLJCESPC7Z,2.000000,0.000000,40,40,41,41,42,43,43,43,43,43,43,19,0,38,38.82322205831051,34.90266599692404,43.147871969267726,7982.263157894737
1750615468,1,,Aggregated,16.833333,0.000000,39,40,41,42,44,46,50,53,160,160,160,159,0,39,40.02559209482615,32.80381701188162,158.03705103462562,7974.33962264151
1750615469,1,GET,/,0.142857,0.000000,160,160,160,160,160,160,160,160,160,160,160,1,0,158.03705103462562,158.03705103462562,158.03705103462562,158.03705103462562,10499.0
1750615469,1,GET,/product/0PUK6V6EV0,1.571429,0.000000,38,38,38,41,44,44,44,44,44,44,44,15,0,38,38.3631241430218,35.02529498655349,44.312426005490124,7951.6
1750615469,1,GET,/product/1YMWWN1N4O,1.142857,0.000000,40,41,42,42,43,44,44,44,44,44,44,14,0,40,39.86185950010882,34.32875999715179,44.1164459916763,7981.428571428572
1750615469,1,GET,/product/2ZYFJ3GM2N,2.428571,0.000000,39,41,41,41,43,43,43,43,43,43,43,23,0,39,39.8116622261865,33.43318204861134,52.60857701068744,7968.260869565217
1750615469,1,GET,/product/66VCHSJNUP,1.714286,0.000000,41,43,44,46,48,49,51,51,51,51,51,26,0,41,41.39243995618577,33.71335403062403,50.87093397742137,7941.0
1750615469,1,GET,/product/6E92ZMYYFZ,1.857143,0.000000,39,40,41,42,45,49,49,49,49,49,49,23,0,39,39.449107390322276,33.0529939965345,49.43873902084306,7930.304347826087
1750615469,1,GET,/product/9SIQT8TOJO,2.000000,0.000000,38,39,40,40,46,48,48,48,48,48,48,20,0,39,39.61405493901111,34.323065949138254,49.70779700670391,7986.1
1750615469,1,GET,/product/L9ECAV7KIM,2.000000,0.000000,38,39,41,41,45,46,46,46,46,46,46,17,0,38,38.91753463882624,33.34502800134942,46.254256973043084,7944.941176470588
1750615469,1,GET,/product/LS4PSXUNUM,2.142857,0.000000,38,39,40,40,45,49,49,49,49,49,49,18,0,38,38.33327656805826,32.80381701188162,49.24281098647043,7950.666666666667
1750615469,1,GET,/product/OLJCESPC7Z,2.142857,0.000000,40,40,41,41,42,43,43,43,43,43,43,21,0,38,38.66121414605351,34.43800896639004,43.147871969267726,7980.523809523809
1750615469,1,,Aggregated,17.142857,0.000000,39,40,41,42,45,48,50,53,160,160,160,178,0,39,40.148959264912634,32.80381701188162,158.03705103462562,7972.668539325843
1750615470,1,GET,/,0.125000,0.000000,160,160,160,160,160,160,160,160,160,160,160,1,0,158.03705103462562,158.03705103462562,158.03705103462562,158.03705103462562,10499.0
1750615470,1,GET,/product/0PUK6V6EV0,1.625000,0.000000,38,38,41,42,44,44,44,44,44,44,44,17,0,38,38.49470618468545,35.02529498655349,44.312426005490124,7951.294117647059
1750615470,1,GET,/product/1YMWWN1N4O,1.125000,0.000000,40,41,42,42,43,44,44,44,44,44,44,15,0,40,39.72116466611624,34.32875999715179,44.1164459916763,7979.866666666667
1750615470,1,GET,/product/2ZYFJ3GM2N,2.250000,0.000000,39,41,41,41,43,44,45,45,45,45,45,26,0,39,40.09277592950429,33.43318204861134,52.60857701068744,7968.538461538462
1750615470,1,GET,/product/66VCHSJNUP,2.250000,0.000000,41,42,44,46,49,51,51,51,51,51,51,30,0,41,41.38533189543523,33.71335403062403,51.22630199184641,7940.4
1750615470,1,GET,/product/6E92ZMYYFZ,1.875000,0.000000,39,40,41,42,44,45,49,49,49,49,49,25,0,39,39.46919299894944,33.0529939965345,49.43873902084306,7930.92
1750615470,1,GET,/product/9SIQT8TOJO,2.125000,0.000000,38,39,40,40,46,48,48,48,48,48,48,22,0,39,39.49511453339999,34.323065949138254,49.70779700670391,7983.909090909091
1750615470,1,GET,/product/L9ECAV7KIM,2.000000,0.000000,38,39,40,41,45,46,46,46,46,46,46,18,0,38,38.923447825557865,33.34502800134942,46.254256973043084,7944.888888888889
1750615470,1,GET,/product/LS4PSXUNUM,2.000000,0.000000,38,39,40,40,45,49,49,49,49,49,49,21,0,38,38.01866048958064,32.80381701188162,49.24281098647043,7950.619047619048
1750615470,1,GET,/product/OLJCESPC7Z,2.250000,0.000000,38,40,41,41,42,43,43,43,43,43,43,23,0,38,38.51466287312138,34.43800896639004,43.147871969267726,7979.260869565217
1750615470,1,,Aggregated,17.625000,0.000000,39,40,41,42,45,48,51,53,160,160,160,198,0,39,40.06419282387754,32.80381701188162,158.03705103462562,7970.585858585859
1750615471,1,GET,/,0.111111,0.000000,160,160,160,160,160,160,160,160,160,160,160,1,0,158.03705103462562,158.03705103462562,158.03705103462562,158.03705103462562,10499.0
1750615471,1,GET,/product/0PUK6V6EV0,1.666667,0.000000,38,38,41,41,44,44,44,44,44,44,44,19,0,38,38.58843727012802,35.02529498655349,44.312426005490124,7952.526315789473
1750615471,1,GET,/product/1YMWWN1N4O,1.222222,0.000000,40,40,42,42,43,44,44,44,44,44,44,16,0,40,39.6137052521226,34.32875999715179,44.1164459916763,7977.5
1750615471,1,GET,/product/2ZYFJ3GM2N,2.333333,0.000000,40,41,41,43,44,45,49,49,49,49,49,28,0,40,40.52640657755546,33.43318204861134,52.60857701068744,7969.285714285715
1750615471,1,GET,/product/66VCHSJNUP,2.555556,0.000000,40,42,43,46,49,51,51,51,51,51,51,32,0,40,41.11061758885626,33.71335403062403,51.22630199184641,7940.4375
1750615471,1,GET,/product/6E92ZMYYFZ,2.111111,0.000000,39,41,41,43,44,45,49,49,49,49,49,28,0,39,39.60077457096694,33.0529939965345,49.43873902084306,7932.428571428572
1750615471,1,GET,/product/9SIQT8TOJO,2.111111,0.000000,38,39,39,40,44,46,48,48,48,48,48,27,0,39,39.21849347211214,34.323065949138254,49.70779700670391,7984.444444444444
1750615471,1,GET,/product/L9ECAV7KIM,1.777778,0.000000,38,39,41,43,45,46,46,46,46,46,46,20,0,38,38.81745614344254,32.93753002071753,46.254256973043084,7947.0
1750615471,1,GET,/product/LS4PSXUNUM,1.888889,0.000000,38,39,40,41,45,49,49,49,49,49,49,22,0,38,38.29352742336182,32.80381701188162,49.24281098647043,7949.454545454545
1750615471,1,GET,/product/OLJCESPC7Z,2.111111,0.000000,38,40,41,41,42,43,45,45,45,45,45,25,0,38,38.72120768297464,34.43800896639004,44.75286498200148,7978.2
1750615471,1,,Aggregated,17.888889,0.000000,39,40,41,42,44,46,49,51,51,51,51,218,0,39,40.04529229452868,32.80381701188162,158.03705103462562,7969.917431192661
1750615472,1,GET,/,0.100000,0.000000,160,160,160,160,160,160,160,160,160,160,160,1,0,158.03705103462562,158.03705103462562,158.03705103462562,158.03705103462562,10499.0
1750615472,1,GET,/product/0PUK6V6EV0,1.500000,0.000000,38,41,41,42,44,45,45,45,45,45,45,21,0,38,38.76919357571751,35.02529498655349,44.52662996482104,7951.619047619048
1750615472,1,GET,/product/1YMWWN1N4O,1.400000,0.000000,38,40,41,42,43,44,44,44,44,44,44,21,0,38,38.99023124194216,34.32875999715179,44.1164459916763,7978.476190476191
1750615472,1,GET,/product/2ZYFJ3GM2N,2.400000,0.000000,40,41,43,43,44,45,49,49,49,49,49,28,0,40,40.52640657755546,33.43318204861134,52.60857701068744,7969.285714285715
1750615472,1,GET,/product/66VCHSJNUP,2.700000,0.000000,41,42,43,46,49,51,51,51,51,51,51,33,0,41,41.14969372290723,33.71335403062403,51.22630199184641,7941.090909090909
1750615472,1,GET,/product/6E92ZMYYFZ,2.300000,0.000000,39,41,41,42,43,45,49,49,49,49,49,28,0,39,39.60077457096694,33.0529939965345,49.43873902084306,7932.428571428572
1750615472,1,GET,/product/9SIQT8TOJO,2.000000,0.000000,38,39,40,40,44,46,48,48,48,48,48,28,0,39,39.30806499140869,34.323065949138254,49.70779700670391,7984.142857142857
1750615472,1,GET,/product/L9ECAV7KIM,1.700000,0.000000,37,39,40,43,45,46,46,46,46,46,46,23,0,38,38.791529816555105,32.93753002071753,46.254256973043084,7946.521739130435
1750615472,1,GET,/product/LS4PSXUNUM,1.800000,0.000000,38,39,40,40,45,46,49,49,49,49,49,27,0,38,38.46856342257794,32.80381701188162,49.24281098647043,7949.148148148148
1750615472,1,GET,/product/OLJCESPC7Z,2.100000,0.000000,40,40,41,42,43,44,45,45,45,45,45,28,0,38,39.10868504109593,34.43800896639004,44.75286498200148,7979.357142857143
1750615472,1,,Aggregated,18.000000,0.000000,38,40,41,42,44,46,49,51,51,51,51,238,0,39,39.995845950926665,32.80381701188162,158.03705103462562,7969.36974789916
1750615473,1,GET,/,0.100000,0.000000,160,160,160,160,160,160,160,160,160,160,160,1,0,158.03705103462562,158.03705103462562,158.03705103462562,158.03705103462562,10499.0
1750615473,1,GET,/product/0PUK6V6EV0,1.700000,0.000000,38,40,41,42,44,45,45,45,45,45,45,24,0,38,38.56636887697581,34.17520795483142,44.52662996482104,7951.166666666667
1750615473,1,GET,/product/1YMWWN1N4O,1.500000,0.000000,38,38,40,42,43,44,44,44,44,44,44,23,0,38,38.592728740616664,33.70308200828731,44.1164459916763,7980.0
1750615473,1,GET,/product/2ZYFJ3GM2N,2.600000,0.000000,39,41,43,43,44,45,49,49,49,49,49,31,0,39,40.117443069785594,33.09637599159032,52.60857701068744,7969.354838709677
1750615473,1,GET,/product/66VCHSJNUP,3.000000,0.000000,40,42,43,43,49,51,51,51,51,51,51,35,0,40,40.98989536619878,33.71335403062403,51.22630199184641,7941.2
1750615473,1,GET,/product/6E92ZMYYFZ,2.500000,0.000000,40,41,43,43,45,48,49,49,49,49,49,32,0,40,39.94536346726818,33.0529939965345,49.43873902084306,7932.0625
1750615473,1,GET,/product/9SIQT8TOJO,2.200000,0.000000,38,39,39,39,42,44,48,48,48,48,48,29,0,39,39.17882502568757,34.323065949138254,49.70779700670391,7983.310344827586
1750615473,1,GET,/product/L9ECAV7KIM,2.000000,0.000000,37,39,40,42,44,46,46,46,46,46,46,24,0,38,38.932770699223816,32.93753002071753,46.254256973043084,7946.25
1750615473,1,GET,/product/LS4PSXUNUM,2.100000,0.000000,38,40,40,40,45,46,49,49,49,49,49,28,0,38,38.53449937222259,32.80381701188162,49.24281098647043,7949.5
1750615473,1,GET,/product/OLJCESPC7Z,2.300000,0.000000,38,40,41,42,43,44,45,45,45,45,45,32,0,38,38.952069693550584,34.43800896639004,44.75286498200148,7981.3125
1750615473,1,,Aggregated,20.000000,0.000000,38,40,41,42,44,46,49,51,51,51,51,259,0,39,39.860254842437385,32.80381701188162,158.03705103462562,7968.722007722008
1750615474,1,GET,/,0.000000,0.000000,160,160,160,160,160,160,160,160,160,160,160,1,0,158.03705103462562,158.03705103462562,158.03705103462562,158.03705103462562,10499.0
1750615474,1,GET,/product/0PUK6V6EV0,1.700000,0.000000,39,41,42,44,45,47,47,47,47,47,47,28,0,38,38.89534243041583,34.17520795483142,46.679124992806464,7953.0
1750615474,1,GET,/product/1YMWWN1N4O,1.600000,0.000000,38,40,41,42,43,44,44,44,44,44,44,24,0,38,38.67766033363296,33.70308200828731,44.1164459916763,7979.416666666667
1750615474,1,GET,/product/2ZYFJ3GM2N,2.500000,0.000000,40,41,43,43,44,45,49,49,49,49,49,36,0,39,39.94248972675349,31.23602399136871,52.60857701068744,7970.944444444444
1750615474,1,GET,/product/66VCHSJNUP,2.900000,0.000000,40,42,42,43,48,49,51,51,51,51,51,37,0,40,40.96206366808179,33.71335403062403,51.22630199184641,7940.540540540541
1750615474,1,GET,/product/6E92ZMYYFZ,2.500000,0.000000,40,41,42,43,45,48,49,49,49,49,49,34,0,40,39.89075399894158,33.0529939965345,49.43873902084306,7932.235294117647
1750615474,1,GET,/product/9SIQT8TOJO,2.400000,0.000000,38,39,39,40,42,44,48,48,48,48,48,32,0,39,39.14362655450532,34.323065949138254,49.70779700670391,7983.8125
1750615474,1,GET,/product/L9ECAV7KIM,1.900000,0.000000,37,40,42,43,44,46,46,46,46,46,46,26,0,38,38.91751541568038,32.93753002071753,46.254256973043084,7946.538461538462
1750615474,1,GET,/product/LS4PSXUNUM,2.100000,0.000000,38,40,40,40,46,49,49,49,49,49,49,28,0,38,38.53449937222259,32.80381701188162,49.24281098647043,7949.5
1750615474,1,GET,/product/OLJCESPC7Z,2.500000,0.000000,38,40,40,42,43,44,45,45,45,45,45,33,0,38,38.93284767224087,34.43800896639004,44.75286498200148,7981.848484848485
1750615474,1,,Aggregated,20.100000,0.000000,39,40,42,42,44,46,49,49,51,51,51,279,0,39,39.83291582472282,31.23602399136871,158.03705103462562,7968.52329749104
1750615475,1,GET,/,0.000000,0.000000,160,160,160,160,160,160,160,160,160,160,160,1,0,158.03705103462562,158.03705103462562,158.03705103462562,158.03705103462562,10499.0
1750615475,1,GET,/product/0PUK6V6EV0,1.800000,0.000000,38,41,42,42,44,45,47,47,47,47,47,31,0,38,38.43366680666804,33.3010739996098,46.679124992806464,7953.354838709677
1750615475,1,GET,/product/1YMWWN1N4O,1.900000,0.000000,38,39,40,41,42,43,43,43,43,43,43,26,0,38,38.6659433089125,33.70308200828731,44.1164459916763,7979.0
1750615475,1,GET,/product/2ZYFJ3GM2N,2.400000,0.000000,40,41,43,44,44,45,49,49,49,49,49,36,0,39,39.94248972675349,31.23602399136871,52.60857701068744,7970.944444444444
1750615475,1,GET,/product/66VCHSJNUP,2.600000,0.000000,40,41,42,42,48,49,51,51,51,51,51,38,0,40,40.9011303349153,33.71335403062403,51.22630199184641,7939.684210526316
1750615475,1,GET,/product/6E92ZMYYFZ,2.300000,0.000000,40,41,43,44,47,48,49,49,49,49,49,35,0,40,40.08235665470628,33.0529939965345,49.43873902084306,7932.371428571429
1750615475,1,GET,/product/9SIQT8TOJO,2.300000,0.000000,39,39,41,41,44,47,48,48,48,48,48,36,0,39,39.35823979878074,34.323065949138254,49.70779700670391,7982.055555555556
1750615475,1,GET,/product/L9ECAV7KIM,1.900000,0.000000,38,40,43,43,44,46,46,46,46,46,46,26,0,38,38.91751541568038,32.93753002071753,46.254256973043084,7946.538461538462
1750615475,1,GET,/product/LS4PSXUNUM,2.400000,0.000000,40,44,44,46,49,170,170,170,170,170,170,31,0,38,43.2456991421209,32.80381701188162,172.0081259845756,7949.322580645161
1750615475,1,GET,/product/OLJCESPC7Z,2.500000,0.000000,38,40,40,42,43,44,45,45,45,45,45,36,0,38,38.78491134027071,34.43800896639004,44.75286498200148,7981.666666666667
1750615475,1,,Aggregated,20.100000,0.000000,39,41,42,43,45,47,49,51,170,170,170,296,0,39,40.254985909111404,31.23602399136871,172.0081259845756,7968.023648648648
1750615476,1,GET,/,0.000000,0.000000,160,160,160,160,160,160,160,160,160,160,160,1,0,158.03705103462562,158.03705103462562,158.03705103462562,158.03705103462562,10499.0
1750615476,1,GET,/product/0PUK6V6EV0,1.900000,0.000000,38,41,41,42,44,45,47,47,47,47,47,32,0,38,38.52835156249057,33.3010739996098,46.679124992806464,7953.125
1750615476,1,GET,/product/1YMWWN1N4O,2.100000,0.000000,38,39,40,41,42,44,44,44,44,44,44,28,0,38,38.77854496697962,33.70308200828731,44.1164459916763,7979.285714285715
1750615476,1,GET,/product/2ZYFJ3GM2N,2.400000,0.000000,40,41,43,44,44,45,49,49,49,49,49,39,0,40,39.81357936460812,31.23602399136871,52.60857701068744,7970.051282051282
1750615476,1,GET,/product/66VCHSJNUP,2.800000,0.000000,39,41,42,42,49,51,170,170,170,170,170,41,0,40,43.86426372419498,33.71335403062403,172.41696798009798,7938.682926829269
1750615476,1,GET,/product/6E92ZMYYFZ,2.400000,0.000000,40,41,43,44,47,48,49,49,49,49,49,36,0,40,40.11461888633979,33.0529939965345,49.43873902084306,7932.611111111111
1750615476,1,GET,/product/9SIQT8TOJO,2.300000,0.000000,39,39,41,41,42,47,48,48,48,48,48,38,0,39,39.26407617951841,34.323065949138254,49.70779700670391,7981.789473684211
1750615476,1,GET,/product/L9ECAV7KIM,1.700000,0.000000,38,40,42,43,43,44,44,44,44,44,44,29,0,38,38.8774795473778,32.93753002071753,46.254256973043084,7945.103448275862
1750615476,1,GET,/product/LS4PSXUNUM,2.200000,0.000000,40,44,44,46,49,170,170,170,170,170,170,32,0,38,43.03932988841552,32.80381701188162,172.0081259845756,7948.9375
1750615476,1,GET,/product/OLJCESPC7Z,2.400000,0.000000,39,40,40,42,44,44,45,45,45,45,45,38,0,38,38.961639744229615,34.43800896639004,44.75286498200148,7982.368421052632
1750615476,1,,Aggregated,20.200000,0.000000,39,40,42,42,44,48,49,170,170,170,170,314,0,39,40.60292011571775,31.23602399136871,172.41696798009798,7967.270700636943
1750615477,1,GET,/,0.000000,0.000000,160,160,160,160,160,160,160,160,160,160,160,1,0,158.03705103462562,158.03705103462562,158.03705103462562,158.03705103462562,10499.0
1750615477,1,GET,/product/0PUK6V6EV0,2.000000,0.000000,39,41,41,42,45,47,47,47,47,47,47,33,0,38,38.537951364450045,33.3010739996098,46.679124992806464,7952.666666666667
1750615477,1,GET,/product/1YMWWN1N4O,2.000000,0.000000,38,40,41,42,44,48,49,49,49,49,49,31,0,38,39.40587080714683,33.70308200828731,49.02295098872855,7979.354838709677
1750615477,1,GET,/product/2ZYFJ3GM2N,2.600000,0.000000,39,41,43,44,44,45,49,49,49,49,49,42,0,39,39.71763393409284,31.23602399136871,52.60857701068744,7971.285714285715
1750615477,1,GET,/product/66VCHSJNUP,2.900000,0.000000,39,41,42,42,49,51,170,170,170,170,170,43,0,40,43.70855757300634,33.71335403062403,172.41696798009798,7939.720930232558
1750615477,1,GET,/product/6E92ZMYYFZ,2.600000,0.000000,40,41,41,43,47,48,49,49,49,49,49,40,0,40,39.823829621309415,33.0529939965345,49.43873902084306,7932.45
1750615477,1,GET,/product/9SIQT8TOJO,2.400000,0.000000,39,39,41,41,47,47,48,48,48,48,48,41,0,39,39.33620797157878,33.880823000799865,49.70779700670391,7980.634146341464
1750615477,1,GET,/product/L9ECAV7KIM,1.700000,0.000000,38,42,42,43,43,44,44,44,44,44,44,31,0,38,38.901019092243644,32.93753002071753,46.254256973043084,7946.064516129032
1750615477,1,GET,/product/LS4PSXUNUM,1.700000,0.000000,40,43,44,46,49,170,170,170,170,170,170,34,0,38,42.7887207171058,32.80381701188162,172.0081259845756,7948.941176470588
1750615477,1,GET,/product/OLJCESPC7Z,2.200000,0.000000,40,40,42,43,44,45,45,45,45,45,45,38,0,38,38.961639744229615,34.43800896639004,44.75286498200148,7982.368421052632
1750615477,1,,Aggregated,20.100000,0.000000,39,41,42,43,45,48,49,170,170,170,170,334,0,39,40.55691065917121,31.23602399136871,172.41696798009798,7966.84131736527
1750615478,1,GET,/,0.000000,0.000000,160,160,160,160,160,160,160,160,160,160,160,1,0,158.03705103462562,158.03705103462562,158.03705103462562,158.03705103462562,10499.0
1750615478,1,GET,/product/0PUK6V6EV0,2.100000,0.000000,39,40,41,41,42,45,47,47,47,47,47,36,0,38,38.530007028991044,33.3010739996098,46.679124992806464,7950.833333333333
1750615478,1,GET,/product/1YMWWN1N4O,1.900000,0.000000,38,41,41,42,44,48,49,49,49,49,49,34,0,38,39.308233970694026,32.7074890374206,49.02295098872855,7977.882352941177
1750615478,1,GET,/product/2ZYFJ3GM2N,2.300000,0.000000,39,40,43,44,44,45,49,49,49,49,49,43,0,39,39.607630656804716,31.23602399136871,52.60857701068744,7971.069767441861
1750615478,1,GET,/product/66VCHSJNUP,2.900000,0.000000,39,41,42,42,49,51,170,170,170,170,170,45,0,40,43.41563501317675,33.71335403062403,172.41696798009798,7939.333333333333
1750615478,1,GET,/product/6E92ZMYYFZ,2.400000,0.000000,40,41,43,43,47,48,49,49,49,49,49,41,0,40,39.80475980163802,33.0529939965345,49.43873902084306,7931.926829268293
1750615478,1,GET,/product/9SIQT8TOJO,2.400000,0.000000,39,39,41,41,47,47,48,48,48,48,48,43,0,39,39.30551434466399,33.880823000799865,49.70779700670391,7980.883720930233
1750615478,1,GET,/product/L9ECAV7KIM,1.500000,0.000000,39,42,43,43,44,44,44,44,44,44,44,34,0,39,39.097277937210436,32.93753002071753,46.254256973043084,7945.882352941177
1750615478,1,GET,/product/LS4PSXUNUM,1.700000,0.000000,40,43,44,46,49,170,170,170,170,170,170,36,0,38,42.5337191764912,32.80381701188162,172.0081259845756,7949.111111111111
1750615478,1,GET,/product/OLJCESPC7Z,2.500000,0.000000,39,40,40,40,44,44,45,45,45,45,45,41,0,38,38.773793908880975,32.61006198590621,44.75286498200148,7983.487804878048
1750615478,1,,Aggregated,19.700000,0.000000,39,40,42,43,45,48,49,170,170,170,170,354,0,39,40.42601161606815,31.23602399136871,172.41696798009798,7966.217514124294
1750615479,1,GET,/,0.000000,0.000000,160,160,160,160,160,160,160,160,160,160,160,1,0,158.03705103462562,158.03705103462562,158.03705103462562,158.03705103462562,10499.0
1750615479,1,GET,/product/0PUK6V6EV0,2.100000,0.000000,39,40,41,41,42,45,47,47,47,47,47,38,0,38,38.473974764775974,33.3010739996098,46.679124992806464,7950.105263157895
1750615479,1,GET,/product/1YMWWN1N4O,2.100000,0.000000,38,39,41,41,44,48,49,49,49,49,49,35,0,38,39.20420105735372,32.7074890374206,49.02295098872855,7977.314285714286
1750615479,1,GET,/product/2ZYFJ3GM2N,2.200000,0.000000,39,40,43,44,44,44,49,49,49,49,49,45,0,39,39.58023898303509,31.23602399136871,52.60857701068744,7971.2
1750615479,1,GET,/product/66VCHSJNUP,2.900000,0.000000,39,40,41,42,42,170,170,170,170,170,170,46,0,39,43.317766665258326,33.71335403062403,172.41696798009798,7939.869565217391
1750615479,1,GET,/product/6E92ZMYYFZ,2.300000,0.000000,40,41,43,43,47,48,48,48,48,48,48,42,0,39,39.748198876623064,33.0529939965345,49.43873902084306,7932.238095238095
1750615479,1,GET,/product/9SIQT8TOJO,2.400000,0.000000,39,39,41,41,47,47,47,47,47,47,47,44,0,39,39.473323995480314,33.880823000799865,49.70779700670391,7980.363636363636
1750615479,1,GET,/product/L9ECAV7KIM,1.500000,0.000000,39,42,43,43,44,45,48,48,48,48,48,41,0,39,39.31114535988876,32.93753002071753,47.71303496090695,7944.341463414634
1750615479,1,GET,/product/LS4PSXUNUM,1.800000,0.000000,39,41,44,44,46,170,170,170,170,170,170,38,0,38,42.224779193546915,32.80381701188162,172.0081259845756,7948.8421052631575
1750615479,1,GET,/product/OLJCESPC7Z,2.300000,0.000000,39,40,40,42,44,44,45,45,45,45,45,45,0,38,38.579416317710034,32.216122024692595,44.75286498200148,7983.4
1750615479,1,,Aggregated,19.600000,0.000000,39,40,41,42,44,47,49,170,170,170,170,375,0,39,40.33212283191582,31.23602399136871,172.41696798009798,7965.504
1750615480,1,GET,/,0.000000,0.000000,0,0,0,0,0,0,0,0,0,0,0,1,0,158.03705103462562,158.03705103462562,158.03705103462562,158.03705103462562,10499.0
1750615480,1,GET,/product/0PUK6V6EV0,2.000000,0.000000,39,40,41,42,47,47,61,61,61,61,61,41,0,38,39.183244197175085,33.3010739996098,60.891809000167996,7950.390243902439
1750615480,1,GET,/product/1YMWWN1N4O,2.200000,0.000000,38,39,41,41,44,48,49,49,49,49,49,37,0,38,39.045104270838706,32.7074890374206,49.02295098872855,7978.540540540541
1750615480,1,GET,/product/2ZYFJ3GM2N,2.400000,0.000000,39,42,43,44,44,49,170,170,170,170,170,47,0,39,42.412914707265955,31.23602399136871,170.3719210345298,7970.765957446809
1750615480,1,GET,/product/66VCHSJNUP,2.500000,0.000000,39,40,40,41,42,170,170,170,170,170,170,47,0,39,43.12810388472962,33.71335403062403,172.41696798009798,7939.702127659574
1750615480,1,GET,/product/6E92ZMYYFZ,2.500000,0.000000,40,41,41,43,47,48,48,48,48,48,48,45,0,39,39.6764078630238,33.0529939965345,49.43873902084306,7932.022222222222
1750615480,1,GET,/product/9SIQT8TOJO,2.400000,0.000000,39,40,41,41,47,47,47,47,47,47,47,47,0,39,39.403660974633745,33.880823000799865,49.70779700670391,7979.021276595745
1750615480,1,GET,/product/L9ECAV7KIM,1.600000,0.000000,39,42,43,43,44,45,48,48,48,48,48,41,0,39,39.31114535988876,32.93753002071753,47.71303496090695,7944.341463414634
1750615480,1,GET,/product/LS4PSXUNUM,1.800000,0.000000,40,44,45,46,46,170,170,170,170,170,170,41,0,38,42.20240769152552,32.80381701188162,172.0081259845756,7948.463414634146
1750615480,1,GET,/product/OLJCESPC7Z,2.100000,0.000000,39,40,40,42,44,44,45,45,45,45,45,45,0,38,38.579416317710034,32.216122024692595,44.75286498200148,7983.4
1750615480,1,,Aggregated,19.500000,0.000000,39,40,42,43,45,47,61,170,170,170,170,392,0,39,40.676496489827606,31.23602399136871,172.41696798009798,7964.989795918367
1750615481,1,GET,/,0.000000,0.000000,0,0,0,0,0,0,0,0,0,0,0,1,0,158.03705103462562,158.03705103462562,158.03705103462562,158.03705103462562,10499.0
1750615481,1,GET,/product/0PUK6V6EV0,2.100000,0.000000,39,40,40,42,47,47,61,61,61,61,61,44,0,38,39.0898771610492,33.3010739996098,60.891809000167996,7949.818181818182
1750615481,1,GET,/product/1YMWWN1N4O,2.300000,0.000000,38,39,41,41,44,48,49,49,49,49,49,39,0,38,38.93960369243406,32.7074890374206,49.02295098872855,7979.2307692307695
1750615481,1,GET,/product/2ZYFJ3GM2N,2.200000,0.000000,39,40,42,42,44,44,170,170,170,170,170,49,0,39,42.19043545415435,31.23602399136871,170.3719210345298,7971.142857142857
1750615481,1,GET,/product/66VCHSJNUP,2.200000,0.000000,39,40,41,42,42,170,170,170,170,170,170,50,0,39,42.92196275200695,33.71335403062403,172.41696798009798,7939.16
1750615481,1,GET,/product/6E92ZMYYFZ,2.200000,0.000000,39,40,41,41,44,47,48,48,48,48,48,46,0,39,39.569478083412044,33.0529939965345,49.43873902084306,7931.608695652174
1750615481,1,GET,/product/9SIQT8TOJO,2.400000,0.000000,40,41,42,43,47,47,47,47,47,47,47,52,0,39,39.56404712964566,33.880823000799865,49.70779700670391,7978.884615384615
1750615481,1,GET,/product/L9ECAV7KIM,1.900000,0.000000,40,42,43,43,44,45,48,48,48,48,48,42,0,39,39.4081964221273,32.93753002071753,47.71303496090695,7944.666666666667
1750615481,1,GET,/product/LS4PSXUNUM,2.000000,0.000000,40,43,45,46,46,170,170,170,170,170,170,43,0,38,42.03189882249463,32.80381701188162,172.0081259845756,7948.581395348837
1750615481,1,GET,/product/OLJCESPC7Z,2.200000,0.000000,39,40,40,42,43,44,44,44,44,44,44,46,0,38,38.64792368055888,32.216122024692595,44.75286498200148,7983.391304347826
1750615481,1,,Aggregated,19.500000,0.000000,39,40,42,42,45,47,61,170,170,170,170,412,0,39,40.60172935912738,31.23602399136871,172.41696798009798,7964.76213592233
1750615482,1,GET,/,0.000000,0.000000,0,0,0,0,0,0,0,0,0,0,0,1,0,158.03705103462562,158.03705103462562,158.03705103462562,158.03705103462562,10499.0
1750615482,1,GET,/product/0PUK6V6EV0,2.300000,0.000000,39,39,40,40,47,47,61,61,61,61,61,48,0,38,39.01051077142862,33.3010739996098,60.891809000167996,7950.5
1750615482,1,GET,/product/1YMWWN1N4O,2.100000,0.000000,38,39,41,41,44,48,49,49,49,49,49,42,0,38,38.67597550076122,32.7074890374206,49.02295098872855,7979.238095238095
1750615482,1,GET,/product/2ZYFJ3GM2N,2.100000,0.000000,39,40,42,44,44,98,170,170,170,170,170,50,0,39,43.30674944561906,31.23602399136871,170.3719210345298,7970.92
1750615482,1,GET,/product/66VCHSJNUP,1.900000,0.000000,39,39,40,41,42,170,170,170,170,170,170,51,0,39,42.78174665866091,33.71335403062403,172.41696798009798,7938.862745098039
1750615482,1,GET,/product/6E92ZMYYFZ,1.900000,0.000000,39,40,41,41,47,48,48,48,48,48,48,46,0,39,39.569478083412044,33.0529939965345,49.43873902084306,7931.608695652174
1750615482,1,GET,/product/9SIQT8TOJO,2.600000,0.000000,40,41,41,43,47,47,47,47,47,47,47,57,0,39,39.51426389067548,33.450949005782604,49.70779700670391,7980.701754385965
1750615482,1,GET,/product/L9ECAV7KIM,2.400000,0.000000,42,43,43,44,45,48,49,49,49,49,49,45,0,39,39.690532706057034,32.93753002071753,48.584642005153,7946.222222222223
1750615482,1,GET,/product/LS4PSXUNUM,2.000000,0.000000,40,43,44,45,46,170,170,170,170,170,170,44,0,38,41.90883071384054,32.80381701188162,172.0081259845756,7948.227272727273
1750615482,1,GET,/product/OLJCESPC7Z,2.400000,0.000000,39,39,40,40,42,44,44,44,44,44,44,46,0,38,38.64792368055888,32.216122024692595,44.75286498200148,7983.391304347826
1750615482,1,,Aggregated,19.700000,0.000000,39,40,42,42,45,48,98,170,170,170,170,430,0,39,40.65701194665243,31.23602399136871,172.41696798009798,7965.048837209302
1750615483,1,GET,/,0.000000,0.000000,0,0,0,0,0,0,0,0,0,0,0,1,0,158.03705103462562,158.03705103462562,158.03705103462562,158.03705103462562,10499.0
1750615483,1,GET,/product/0PUK6V6EV0,2.400000,0.000000,39,39,40,41,47,47,61,61,61,61,61,49,0,38,38.93768914371767,33.3010739996098,60.891809000167996,7950.693877551021
1750615483,1,GET,/product/1YMWWN1N4O,2.200000,0.000000,38,39,41,41,44,48,49,49,49,49,49,44,0,38,38.577323682891965,32.7074890374206,49.02295098872855,7980.318181818182
1750615483,1,GET,/product/2ZYFJ3GM2N,2.200000,0.000000,39,42,44,44,98,170,170,170,170,170,170,50,0,39,43.30674944561906,31.23602399136871,170.3719210345298,7970.92
1750615483,1,GET,/product/66VCHSJNUP,1.700000,0.000000,39,39,40,41,42,170,170,170,170,170,170,53,0,39,42.48695085945381,33.71335403062403,172.41696798009798,7938.943396226415
1750615483,1,GET,/product/6E92ZMYYFZ,2.000000,0.000000,38,40,41,41,46,47,47,47,47,47,47,47,0,39,39.716373485057275,33.0529939965345,49.43873902084306,7931.808510638298
1750615483,1,GET,/product/9SIQT8TOJO,2.600000,0.000000,40,41,42,44,47,47,170,170,170,170,170,60,0,39,41.62840116284011,33.450949005782604,170.09381600655615,7981.133333333333
1750615483,1,GET,/product/L9ECAV7KIM,2.100000,0.000000,38,42,43,44,45,48,49,49,49,49,49,49,0,38,39.46905377159389,32.93753002071753,48.584642005153,7945.836734693878
1750615483,1,GET,/product/LS4PSXUNUM,2.000000,0.000000,41,44,46,46,47,170,170,170,170,170,170,47,0,38,41.91282468828115,32.48151298612356,172.0081259845756,7947.553191489362
1750615483,1,GET,/product/OLJCESPC7Z,2.200000,0.000000,39,39,40,42,44,45,45,45,45,45,45,49,0,39,38.74356586400572,32.216122024692595,44.89194299094379,7982.142857142857
1750615483,1,,Aggregated,19.400000,0.000000,39,40,42,43,46,48,170,170,170,170,170,449,0,39,40.862420211620794,31.23602399136871,172.41696798009798,7964.801781737194
1750615484,1,GET,/,0.000000,0.000000,0,0,0,0,0,0,0,0,0,0,0,1,0,158.03705103462562,158.03705103462562,158.03705103462562,158.03705103462562,10499.0
1750615484,1,GET,/product/0PUK6V6EV0,2.500000,0.000000,39,39,40,40,43,47,61,61,61,61,61,50,0,38,39.020836361451074,33.3010739996098,60.891809000167996,7950.8
1750615484,1,GET,/product/1YMWWN1N4O,2.200000,0.000000,38,39,40,41,44,48,49,49,49,49,49,45,0,38,38.58633013442159,32.7074890374206,49.02295098872855,7980.266666666666
1750615484,1,GET,/product/2ZYFJ3GM2N,2.100000,0.000000,39,40,42,44,44,98,170,170,170,170,170,52,0,39,43.05479852393126,31.23602399136871,170.3719210345298,7971.346153846154
1750615484,1,GET,/product/66VCHSJNUP,1.800000,0.000000,38,39,39,39,42,170,170,170,170,170,170,53,0,39,42.48695085945381,33.71335403062403,172.41696798009798,7938.943396226415
1750615484,1,GET,/product/6E92ZMYYFZ,1.800000,0.000000,38,39,40,41,46,47,47,47,47,47,47,50,0,39,39.527445416897535,33.0529939965345,49.43873902084306,7931.12
1750615484,1,GET,/product/9SIQT8TOJO,2.600000,0.000000,40,41,43,43,47,47,170,170,170,170,170,64,0,39,41.646547761956754,33.450949005782604,170.09381600655615,7981.25
1750615484,1,GET,/product/L9ECAV7KIM,2.200000,0.000000,38,42,43,43,45,48,49,49,49,49,49,53,0,38,39.17888503407462,32.93753002071753,48.584642005153,7945.811320754717
1750615484,1,GET,/product/LS4PSXUNUM,2.100000,0.000000,41,44,46,46,47,170,170,170,170,170,170,48,0,38,41.85430961175977,32.48151298612356,172.0081259845756,7946.958333333333
1750615484,1,GET,/product/OLJCESPC7Z,2.100000,0.000000,39,39,42,42,45,53,53,53,53,53,53,53,0,38,38.891553666820435,32.216122024692595,52.7986980159767,7982.509433962264
1750615484,1,,Aggregated,19.400000,0.000000,39,40,42,42,46,48,170,170,170,170,170,469,0,39,40.77742661849391,31.23602399136871,172.41696798009798,7964.682302771855
1750615485,1,GET,/,0.000000,0.000000,0,0,0,0,0,0,0,0,0,0,0,1,0,158.03705103462562,158.03705103462562,158.03705103462562,158.03705103462562,10499.0
1750615485,1,GET,/product/0PUK6V6EV0,2.600000,0.000000,39,40,40,41,44,47,61,61,61,61,61,54,0,38,39.11687922448403,33.3010739996098,60.891809000167996,7951.333333333333
1750615485,1,GET,/product/1YMWWN1N4O,2.100000,0.000000,38,39,40,41,44,48,49,49,49,49,49,47,0,38,38.59827059638152,32.7074890374206,49.02295098872855,7980.765957446809
1750615485,1,GET,/product/2ZYFJ3GM2N,2.100000,0.000000,39,40,42,42,98,170,170,170,170,170,170,53,0,39,42.95774643915653,31.23602399136871,170.3719210345298,7971.88679245283
1750615485,1,GET,/product/66VCHSJNUP,1.800000,0.000000,38,39,41,42,83,170,170,170,170,170,170,56,0,39,43.06001672479657,33.71335403062403,172.41696798009798,7939.0
1750615485,1,GET,/product/6E92ZMYYFZ,1.800000,0.000000,38,39,40,40,41,46,46,46,46,46,46,53,0,39,39.50666854452377,33.0529939965345,49.43873902084306,7930.924528301887
1750615485,1,GET,/product/9SIQT8TOJO,2.900000,0.000000,40,42,43,44,47,47,170,170,170,170,170,65,0,39,41.669991735118224,33.450949005782604,170.09381600655615,7981.261538461538
1750615485,1,GET,/product/L9ECAV7KIM,2.200000,0.000000,38,40,43,43,45,48,49,49,49,49,49,54,0,38,39.10177803374137,32.93753002071753,48.584642005153,7945.592592592592
1750615485,1,GET,/product/LS4PSXUNUM,1.700000,0.000000,40,41,43,45,46,46,47,47,47,47,47,53,0,39,41.813995554067965,32.48151298612356,172.0081259845756,7947.603773584906
1750615485,1,GET,/product/OLJCESPC7Z,1.800000,0.000000,39,39,42,42,45,53,53,53,53,53,53,53,0,38,38.891553666820435,32.216122024692595,52.7986980159767,7982.509433962264
1750615485,1,,Aggregated,19.000000,0.000000,39,40,42,42,46,48,98,170,170,170,170,489,0,39,40.82593407611894,31.23602399136871,172.41696798009798,7964.294478527608
1750615486,1,GET,/,0.000000,0.000000,0,0,0,0,0,0,0,0,0,0,0,1,0,158.03705103462562,158.03705103462562,158.03705103462562,158.03705103462562,10499.0
1750615486,1,GET,/product/0PUK6V6EV0,2.500000,0.000000,39,40,40,43,44,47,61,61,61,61,61,54,0,38,39.11687922448403,33.3010739996098,60.891809000167996,7951.333333333333
1750615486,1,GET,/product/1YMWWN1N4O,2.000000,0.000000,38,39,40,40,41,49,49,49,49,49,49,48,0,38,38.62603197921999,32.7074890374206,49.02295098872855,7981.208333333333
1750615486,1,GET,/product/2ZYFJ3GM2N,1.900000,0.000000,39,39,42,44,98,170,170,170,170,170,170,54,0,39,42.90159180096385,31.23602399136871,170.3719210345298,7972.0
1750615486,1,GET,/product/66VCHSJNUP,1.800000,0.000000,38,39,40,41,42,83,83,83,83,83,83,59,0,39,42.720012739695356,33.71335403062403,172.41696798009798,7938.64406779661
1750615486,1,GET,/product/6E92ZMYYFZ,1.600000,0.000000,38,39,39,40,41,46,46,46,46,46,46,55,0,39,39.396333942105144,33.0529939965345,49.43873902084306,7930.854545454546
1750615486,1,GET,/product/9SIQT8TOJO,3.000000,0.000000,40,42,43,43,47,47,170,170,170,170,170,70,0,39,41.39091993898286,33.450949005782604,170.09381600655615,7980.628571428571
1750615486,1,GET,/product/L9ECAV7KIM,2.500000,0.000000,38,40,43,43,45,48,49,49,49,49,49,55,0,38,39.04229817827317,32.93753002071753,48.584642005153,7946.254545454545
1750615486,1,GET,/product/LS4PSXUNUM,1.900000,0.000000,39,41,43,45,46,46,47,47,47,47,47,58,0,39,41.545843299084886,32.48151298612356,172.0081259845756,7947.793103448276
1750615486,1,GET,/product/OLJCESPC7Z,1.700000,0.000000,38,39,39,42,45,53,53,53,53,53,53,55,0,38,38.82775127951225,32.216122024692595,52.7986980159767,7982.418181818181
1750615486,1,,Aggregated,18.900000,0.000000,39,40,41,42,45,47,83,170,170,170,170,509,0,39,40.703809758591554,31.23602399136871,172.41696798009798,7964.100196463654
1750615487,1,GET,/,0.000000,0.000000,0,0,0,0,0,0,0,0,0,0,0,1,0,158.03705103462562,158.03705103462562,158.03705103462562,158.03705103462562,10499.0
1750615487,1,GET,/product/0PUK6V6EV0,2.200000,0.000000,39,40,40,43,44,47,61,61,61,61,61,55,0,38,39.059076966209844,33.3010739996098,60.891809000167996,7950.909090909091
1750615487,1,GET,/product/1YMWWN1N4O,2.100000,0.000000,37,39,40,40,41,41,41,41,41,41,41,48,0,38,38.62603197921999,32.7074890374206,49.02295098872855,7981.208333333333
1750615487,1,GET,/product/2ZYFJ3GM2N,1.700000,0.000000,39,40,42,44,98,170,170,170,170,170,170,55,0,39,42.83951067746702,31.23602399136871,170.3719210345298,7972.181818181818
1750615487,1,GET,/product/66VCHSJNUP,1.600000,0.000000,37,39,40,41,83,500,500,500,500,500,500,60,0,39,50.271004793467,33.71335403062403,495.779535965994,7938.2
1750615487,1,GET,/product/6E92ZMYYFZ,1.500000,0.000000,38,39,39,39,40,46,46,46,46,46,46,56,0,39,39.39211483624864,33.0529939965345,49.43873902084306,7930.857142857143
1750615487,1,GET,/product/9SIQT8TOJO,3.100000,0.000000,40,42,43,43,47,71,170,170,170,170,170,74,0,39,41.68056086180857,33.450949005782604,170.09381600655615,7980.513513513513
1750615487,1,GET,/product/L9ECAV7KIM,2.700000,0.000000,37,38,42,43,45,48,49,49,49,49,49,56,0,38,39.00207726422065,32.93753002071753,48.584642005153,7946.035714285715
1750615487,1,GET,/product/LS4PSXUNUM,2.100000,0.000000,39,41,43,43,46,46,47,47,47,47,47,60,0,39,41.453726905941345,32.48151298612356,172.0081259845756,7947.966666666666
1750615487,1,GET,/product/OLJCESPC7Z,2.000000,0.000000,39,39,42,42,45,53,53,53,53,53,53,55,0,38,38.82775127951225,32.216122024692595,52.7986980159767,7982.418181818181
1750615487,1,,Aggregated,19.000000,0.000000,39,40,41,42,45,48,98,170,500,500,500,520,0,39,41.59606805803308,31.23602399136871,495.779535965994,7963.911538461539
1750615488,1,GET,/,0.000000,0.000000,0,0,0,0,0,0,0,0,0,0,0,1,0,158.03705103462562,158.03705103462562,158.03705103462562,158.03705103462562,10499.0
1750615488,1,GET,/product/0PUK6V6EV0,2.200000,0.000000,39,40,41,43,44,47,61,61,61,61,61,59,0,38,38.9953191368446,33.3010739996098,60.891809000167996,7951.525423728814
1750615488,1,GET,/product/1YMWWN1N4O,2.100000,0.000000,37,38,39,39,40,40,40,40,40,40,40,50,0,38,38.58411360066384,32.7074890374206,49.02295098872855,7981.4
1750615488,1,GET,/product/2ZYFJ3GM2N,1.700000,0.000000,39,41,42,44,98,170,170,170,170,170,170,56,0,39,42.80257152277045,31.23602399136871,170.3719210345298,7972.357142857143
1750615488,1,GET,/product/66VCHSJNUP,1.800000,0.000000,37,40,40,41,83,500,500,500,500,500,500,62,0,39,49.825269008813905,32.5044869678095,495.779535965994,7938.258064516129
1750615488,1,GET,/product/6E92ZMYYFZ,1.800000,0.000000,38,39,39,39,40,46,46,46,46,46,46,57,0,39,39.26010659319888,31.867644982412457,49.43873902084306,7930.403508771929
1750615488,1,GET,/product/9SIQT8TOJO,3.000000,0.000000,41,42,43,43,47,71,170,170,170,170,170,77,0,39,41.511684269855984,33.450949005782604,170.09381600655615,7981.168831168831
1750615488,1,GET,/product/L9ECAV7KIM,2.800000,0.000000,37,38,42,43,45,48,49,49,49,49,49,59,0,38,38.858513538212655,32.93753002071753,48.584642005153,7946.0
1750615488,1,GET,/product/LS4PSXUNUM,2.200000,0.000000,39,41,43,45,46,46,47,47,47,47,47,62,0,39,41.32390884408397,32.48151298612356,172.0081259845756,7948.129032258064
1750615488,1,GET,/product/OLJCESPC7Z,1.600000,0.000000,36,39,39,42,45,53,53,53,53,53,53,58,0,38,38.659947247902764,32.216122024692595,52.7986980159767,7981.9655172413795
1750615488,1,,Aggregated,19.200000,0.000000,38,40,41,42,45,48,98,170,500,500,500,541,0,39,41.41462956750576,31.23602399136871,495.779535965994,7963.896487985213
1750615489,1,GET,/,0.000000,0.000000,0,0,0,0,0,0,0,0,0,0,0,1,0,158.03705103462562,158.03705103462562,158.03705103462562,158.03705103462562,10499.0
1750615489,1,GET,/product/0PUK6V6EV0,2.300000,0.000000,39,40,41,43,44,47,61,61,61,61,61,61,0,38,38.981046639268335,33.3010739996098,60.891809000167996,7951.147540983607
1750615489,1,GET,/product/1YMWWN1N4O,1.900000,0.000000,37,38,39,40,40,40,40,40,40,40,40,50,0,38,38.58411360066384,32.7074890374206,49.02295098872855,7981.4
1750615489,1,GET,/product/2ZYFJ3GM2N,1.500000,0.000000,40,41,42,42,98,170,170,170,170,170,170,59,0,39,42.59837861468826,31.23602399136871,170.3719210345298,7972.813559322034
1750615489,1,GET,/product/66VCHSJNUP,1.800000,0.000000,36,40,40,41,83,500,500,500,500,500,500,63,0,39,49.6019382308799,32.5044869678095,495.779535965994,7937.809523809524
1750615489,1,GET,/product/6E92ZMYYFZ,1.900000,0.000000,38,39,40,40,46,170,170,170,170,170,170,60,0,39,41.48981343023479,31.867644982412457,173.24102099519223,7930.966666666666
1750615489,1,GET,/product/9SIQT8TOJO,3.300000,0.000000,41,42,43,43,44,71,170,170,170,170,170,78,0,39,41.457665458811114,33.450949005782604,170.09381600655615,7981.25641025641
1750615489,1,GET,/product/L9ECAV7KIM,2.600000,0.000000,37,38,42,45,48,48,49,49,49,49,49,60,0,38,39.00477616213417,32.93753002071753,48.584642005153,7945.8
1750615489,1,GET,/product/LS4PSXUNUM,2.500000,0.000000,39,41,43,45,46,46,47,47,47,47,47,63,0,39,41.23178037116304,32.48151298612356,172.0081259845756,7947.825396825397
1750615489,1,GET,/product/OLJCESPC7Z,1.700000,0.000000,39,41,42,42,47,53,70,70,70,70,70,63,0,39,39.4192904830792,32.216122024692595,70.2260120306164,7983.253968253968
1750615489,1,,Aggregated,19.500000,0.000000,39,40,41,42,46,53,170,170,500,500,500,558,0,39,41.66255155559479,31.23602399136871,495.779535965994,7963.9229390681
1750615490,1,GET,/,0.000000,0.000000,0,0,0,0,0,0,0,0,0,0,0,1,0,158.03705103462562,158.03705103462562,158.03705103462562,158.03705103462562,10499.0
1750615490,1,GET,/product/0PUK6V6EV0,2.300000,0.000000,39,39,40,42,43,44,47,47,47,47,47,66,0,39,39.08423301552168,33.3010739996098,60.891809000167996,7951.575757575758
1750615490,1,GET,/product/1YMWWN1N4O,1.700000,0.000000,37,38,39,40,40,40,40,40,40,40,40,52,0,38,38.43350407707756,32.7074890374206,49.02295098872855,7980.807692307692
1750615490,1,GET,/product/2ZYFJ3GM2N,1.300000,0.000000,39,40,40,41,42,98,98,98,98,98,98,61,0,39,42.419175971413914,31.23602399136871,170.3719210345298,7973.213114754099
1750615490,1,GET,/product/66VCHSJNUP,1.700000,0.000000,37,39,40,41,83,500,500,500,500,500,500,65,0,39,49.181715931850846,32.5044869678095,495.779535965994,7937.292307692308
1750615490,1,GET,/product/6E92ZMYYFZ,1.600000,0.000000,38,39,40,40,46,170,170,170,170,170,170,60,0,39,41.48981343023479,31.867644982412457,173.24102099519223,7930.966666666666
1750615490,1,GET,/product/9SIQT8TOJO,3.300000,0.000000,41,42,43,43,47,92,170,170,170,170,170,81,0,39,42.037606503768465,33.450949005782604,170.09381600655615,7981.679012345679
1750615490,1,GET,/product/L9ECAV7KIM,2.400000,0.000000,37,38,39,43,45,48,49,49,49,49,49,62,0,38,39.09759273594846,32.93753002071753,48.584642005153,7946.0
1750615490,1,GET,/product/LS4PSXUNUM,2.600000,0.000000,39,40,41,43,46,46,47,47,47,47,47,66,0,38,40.99418612719147,32.48151298612356,172.0081259845756,7947.848484848485
1750615490,1,GET,/product/OLJCESPC7Z,1.600000,0.000000,39,41,42,45,53,70,70,70,70,70,70,63,0,39,39.4192904830792,32.216122024692595,70.2260120306164,7983.253968253968
1750615490,1,,Aggregated,18.500000,0.000000,38,40,41,42,45,49,98,170,500,500,500,577,0,39,41.643045370832596,31.23602399136871,495.779535965994,7963.819757365684
1750615491,1,GET,/,0.000000,0.000000,0,0,0,0,0,0,0,0,0,0,0,1,0,158.03705103462562,158.03705103462562,158.03705103462562,158.03705103462562,10499.0
1750615491,1,GET,/product/0PUK6V6EV0,2.300000,0.000000,39,39,42,43,44,47,92,92,92,92,92,68,0,39,39.86290755924796,33.3010739996098,91.81187598733231,7951.264705882353
1750615491,1,GET,/product/1YMWWN1N4O,1.600000,0.000000,37,38,40,40,40,86,86,86,86,86,86,54,0,38,39.282823518280765,32.7074890374206,86.40436397399753,7981.555555555556
1750615491,1,GET,/product/2ZYFJ3GM2N,1.300000,0.000000,38,40,40,41,42,98,98,98,98,98,98,63,0,39,42.27091654366444,31.23602399136871,170.3719210345298,7972.730158730159
1750615491,1,GET,/product/66VCHSJNUP,1.700000,0.000000,36,38,40,40,83,500,500,500,500,500,500,66,0,39,49.00644403868214,32.5044869678095,495.779535965994,7937.090909090909
1750615491,1,GET,/product/6E92ZMYYFZ,1.600000,0.000000,38,39,40,40,46,170,170,170,170,170,170,63,0,39,41.24123191771408,31.867644982412457,173.24102099519223,7930.777777777777
1750615491,1,GET,/product/9SIQT8TOJO,3.400000,0.000000,41,41,42,43,89,92,170,170,170,170,170,83,0,39,42.583487069525994,33.450949005782604,170.09381600655615,7981.638554216867
1750615491,1,GET,/product/L9ECAV7KIM,2.400000,0.000000,37,38,39,45,48,49,49,49,49,49,49,62,0,38,39.09759273594846,32.93753002071753,48.584642005153,7946.0
1750615491,1,GET,/product/LS4PSXUNUM,2.600000,0.000000,39,40,41,43,46,46,47,47,47,47,47,70,0,38,40.81508213255022,31.471989990677685,172.0081259845756,7947.714285714285
1750615491,1,GET,/product/OLJCESPC7Z,1.700000,0.000000,39,42,45,45,53,70,70,70,70,70,70,65,0,39,39.43824828333723,32.216122024692595,70.2260120306164,7982.661538461539
1750615491,1,,Aggregated,18.600000,0.000000,38,40,41,42,46,71,98,170,500,500,500,595,0,39,41.789411695404056,31.23602399136871,495.779535965994,7963.527731092437
1750615492,1,GET,/,0.000000,0.000000,0,0,0,0,0,0,0,0,0,0,0,1,0,158.03705103462562,158.03705103462562,158.03705103462562,158.03705103462562,10499.0
1750615492,1,GET,/product/0PUK6V6EV0,2.300000,0.000000,39,39,42,43,44,47,92,92,92,92,92,72,0,38,39.714281027651545,33.3010739996098,91.81187598733231,7952.222222222223
1750615492,1,GET,/product/1YMWWN1N4O,1.500000,0.000000,38,40,40,40,41,86,86,86,86,86,86,56,0,38,39.264789535081945,32.7074890374206,86.40436397399753,7981.178571428572
1750615492,1,GET,/product/2ZYFJ3GM2N,1.400000,0.000000,38,39,40,40,42,98,98,98,98,98,98,66,0,39,41.88642563972142,31.23602399136871,170.3719210345298,7973.30303030303
1750615492,1,GET,/product/66VCHSJNUP,1.700000,0.000000,37,40,41,41,83,500,500,500,500,500,500,67,0,39,48.93910744116266,32.5044869678095,495.779535965994,7936.955223880597
1750615492,1,GET,/product/6E92ZMYYFZ,1.800000,0.000000,38,39,40,40,46,170,170,170,170,170,170,63,0,39,41.24123191771408,31.867644982412457,173.24102099519223,7930.777777777777
1750615492,1,GET,/product/9SIQT8TOJO,3.300000,0.000000,41,42,43,43,89,92,170,170,170,170,170,83,0,39,42.583487069525994,33.450949005782604,170.09381600655615,7981.638554216867
1750615492,1,GET,/product/L9ECAV7KIM,1.900000,0.000000,37,38,39,39,42,45,48,48,48,48,48,66,0,38,39.07641802498168,32.93753002071753,48.584642005153,7945.848484848485
1750615492,1,GET,/product/LS4PSXUNUM,2.500000,0.000000,40,41,42,43,46,46,47,47,47,47,47,74,0,39,40.88609061216482,31.471989990677685,172.0081259845756,7948.1621621621625
1750615492,1,GET,/product/OLJCESPC7Z,1.800000,0.000000,38,40,42,45,47,53,70,70,70,70,70,67,0,38,39.332071184562935,32.216122024692595,70.2260120306164,7982.55223880597
1750615492,1,,Aggregated,18.200000,0.000000,38,40,41,42,46,70,92,170,500,500,500,615,0,39,41.67838681572518,31.23602399136871,495.779535965994,7963.504065040651
1750615493,1,GET,/,0.000000,0.000000,0,0,0,0,0,0,0,0,0,0,0,1,0,158.03705103462562,158.03705103462562,158.03705103462562,158.03705103462562,10499.0
1750615493,1,GET,/product/0PUK6V6EV0,2.500000,0.000000,39,39,42,43,44,47,92,92,92,92,92,73,0,38,39.68687061609522,33.3010739996098,91.81187598733231,7951.972602739726
1750615493,1,GET,/product/1YMWWN1N4O,1.500000,0.000000,38,39,40,40,41,86,86,86,86,86,86,56,0,38,39.264789535081945,32.7074890374206,86.40436397399753,7981.178571428572
1750615493,1,GET,/product/2ZYFJ3GM2N,1.300000,0.000000,38,39,40,40,42,49,49,49,49,49,49,69,0,39,41.8539269881296,31.23602399136871,170.3719210345298,7974.173913043478
1750615493,1,GET,/product/66VCHSJNUP,1.800000,0.000000,37,40,41,41,83,500,500,500,500,500,500,67,0,39,48.93910744116266,32.5044869678095,495.779535965994,7936.955223880597
1750615493,1,GET,/product/6E92ZMYYFZ,1.500000,0.000000,38,39,40,40,44,170,170,170,170,170,170,65,0,39,41.21698121307418,31.867644982412457,173.24102099519223,7930.107692307693
1750615493,1,GET,/product/9SIQT8TOJO,3.300000,0.000000,40,42,43,45,68,89,92,92,92,92,92,91,0,39,42.83762966784147,33.450949005782604,170.09381600655615,7981.516483516483
1750615493,1,GET,/product/L9ECAV7KIM,2.100000,0.000000,38,39,39,42,47,48,48,48,48,48,48,67,0,38,39.19753569626569,32.93753002071753,48.584642005153,7946.44776119403
1750615493,1,GET,/product/LS4PSXUNUM,2.500000,0.000000,40,41,42,42,43,43,46,46,46,46,46,76,0,39,40.91155342451346,31.471989990677685,172.0081259845756,7947.763157894737
1750615493,1,GET,/product/OLJCESPC7Z,1.800000,0.000000,37,40,42,45,53,70,70,70,70,70,70,69,0,38,39.20616126582161,32.216122024692595,70.2260120306164,7982.68115942029
1750615493,1,,Aggregated,18.300000,0.000000,38,40,41,42,46,68,92,170,500,500,500,634,0,39,41.70175731638946,31.23602399136871,495.779535965994,7963.6514195583595
1750615494,1,GET,/,0.000000,0.000000,0,0,0,0,0,0,0,0,0,0,0,1,0,158.03705103462562,158.03705103462562,158.03705103462562,158.03705103462562,10499.0
1750615494,1,GET,/product/0PUK6V6EV0,2.400000,0.000000,39,39,41,42,44,47,92,92,92,92,92,76,0,38,39.6055338021956,33.3010739996098,91.81187598733231,7952.3421052631575
1750615494,1,GET,/product/1YMWWN1N4O,1.500000,0.000000,38,40,41,44,52,86,86,86,86,86,86,59,0,38,39.5215678135312,32.7074890374206,86.40436397399753,7981.593220338983
1750615494,1,GET,/product/2ZYFJ3GM2N,1.500000,0.000000,38,39,40,40,42,49,49,49,49,49,49,70,0,39,41.785006831300315,31.23602399136871,170.3719210345298,7974.0
1750615494,1,GET,/product/66VCHSJNUP,1.600000,0.000000,38,40,44,44,83,500,500,500,500,500,500,69,0,39,48.72150271810402,32.5044869678095,495.779535965994,7937.014492753623
1750615494,1,GET,/product/6E92ZMYYFZ,1.700000,0.000000,38,40,40,41,44,170,170,170,170,170,170,67,0,39,41.14156995323111,31.867644982412457,173.24102099519223,7930.313432835821
1750615494,1,GET,/product/9SIQT8TOJO,3.000000,0.000000,40,42,42,45,71,89,92,92,92,92,92,93,0,39,42.680452105223694,33.450949005782604,170.09381600655615,7981.268817204301
1750615494,1,GET,/product/L9ECAV7KIM,2.000000,0.000000,39,41,45,46,48,56,56,56,56,56,56,71,0,38,39.544035333805574,32.93753002071753,55.95821904717013,7946.760563380281
1750615494,1,GET,/product/LS4PSXUNUM,2.600000,0.000000,40,42,42,42,43,43,46,46,46,46,46,77,0,39,40.92338370452575,31.471989990677685,172.0081259845756,7947.38961038961
1750615494,1,GET,/product/OLJCESPC7Z,1.900000,0.000000,37,39,41,42,47,53,70,70,70,70,70,70,0,38,39.18771546200982,32.216122024692595,70.2260120306164,7982.6
1750615494,1,,Aggregated,18.200000,0.000000,39,40,42,42,46,68,92,170,500,500,500,653,0,39,41.67564878358604,31.23602399136871,495.779535965994,7963.499234303216
1750615495,1,GET,/,0.000000,0.000000,0,0,0,0,0,0,0,0,0,0,0,1,0,158.03705103462562,158.03705103462562,158.03705103462562,158.03705103462562,10499.0
1750615495,1,GET,/product/0PUK6V6EV0,2.500000,0.000000,38,39,41,42,47,49,92,92,92,92,92,80,0,38,39.68658040030277,33.3010739996098,91.81187598733231,7951.675
1750615495,1,GET,/product/1YMWWN1N4O,1.400000,0.000000,38,41,44,44,52,86,86,86,86,86,86,63,0,38,39.609474221444025,32.7074890374206,86.40436397399753,7981.206349206349
1750615495,1,GET,/product/2ZYFJ3GM2N,1.600000,0.000000,38,40,40,40,42,45,49,49,49,49,49,74,0,39,41.61708878677313,31.23602399136871,170.3719210345298,7973.351351351352
1750615495,1,GET,/product/66VCHSJNUP,1.600000,0.000000,37,40,40,44,46,500,500,500,500,500,500,69,0,39,48.72150271810402,32.5044869678095,495.779535965994,7937.014492753623
1750615495,1,GET,/product/6E92ZMYYFZ,1.700000,0.000000,39,40,41,41,44,170,170,170,170,170,170,71,0,39,41.05037426605532,31.867644982412457,173.24102099519223,7930.915492957746
1750615495,1,GET,/product/9SIQT8TOJO,2.600000,0.000000,38,41,42,45,71,89,92,92,92,92,92,94,0,39,42.583795412359365,33.450949005782604,170.09381600655615,7981.510638297872
1750615495,1,GET,/product/L9ECAV7KIM,2.100000,0.000000,39,41,45,46,48,56,56,56,56,56,56,72,0,38,39.55321159284924,32.93753002071753,55.95821904717013,7947.0
1750615495,1,GET,/product/LS4PSXUNUM,3.000000,0.000000,39,42,42,42,43,43,43,43,43,43,43,78,0,39,40.882434849687016,31.471989990677685,172.0081259845756,7947.307692307692
1750615495,1,GET,/product/OLJCESPC7Z,2.100000,0.000000,38,40,42,43,47,70,70,70,70,70,70,71,0,38,39.243041948435014,32.216122024692595,70.2260120306164,7982.352112676056
1750615495,1,,Aggregated,18.600000,0.000000,38,40,42,43,46,62,92,170,500,500,500,673,0,39,41.61987977671848,31.23602399136871,495.779535965994,7963.312035661218
1750615496,1,GET,/,0.000000,0.000000,0,0,0,0,0,0,0,0,0,0,0,1,0,158.03705103462562,158.03705103462562,158.03705103462562,158.03705103462562,10499.0
1750615496,1,GET,/product/0PUK6V6EV0,2.400000,0.000000,39,40,41,42,47,49,92,92,92,92,92,84,0,39,39.71139228572914,33.3010739996098,91.81187598733231,7952.023809523809
1750615496,1,GET,/product/1YMWWN1N4O,1.200000,0.000000,38,41,44,44,52,86,86,86,86,86,86,64,0,38,39.603075952072686,32.7074890374206,86.40436397399753,7981.3125
1750615496,1,GET,/product/2ZYFJ3GM2N,1.900000,0.000000,37,39,40,40,42,45,49,49,49,49,49,76,0,39,41.46023979257351,31.23602399136871,170.3719210345298,7973.368421052632
1750615496,1,GET,/product/66VCHSJNUP,1.400000,0.000000,37,40,44,44,46,500,500,500,500,500,500,70,0,39,48.55100976502789,32.5044869678095,495.779535965994,7937.4857142857145
1750615496,1,GET,/product/6E92ZMYYFZ,1.700000,0.000000,39,40,41,41,44,170,170,170,170,170,170,72,0,39,41.008120789936385,31.867644982412457,173.24102099519223,7930.416666666667
1750615496,1,GET,/product/9SIQT8TOJO,3.200000,0.000000,40,41,45,62,71,89,92,92,92,92,92,95,0,39,42.561836418769275,33.450949005782604,170.09381600655615,7981.305263157895
1750615496,1,GET,/product/L9ECAV7KIM,1.800000,0.000000,39,40,42,45,47,48,56,56,56,56,56,77,0,39,39.52073150272058,32.93753002071753,55.95821904717013,7947.064935064935
1750615496,1,GET,/product/LS4PSXUNUM,2.900000,0.000000,38,41,42,42,43,43,43,43,43,43,43,83,0,39,40.56804797805689,31.471989990677685,172.0081259845756,7947.77108433735
1750615496,1,GET,/product/OLJCESPC7Z,2.000000,0.000000,37,40,42,43,47,70,70,70,70,70,70,72,0,38,39.18967947700165,32.216122024692595,70.2260120306164,7982.666666666667
1750615496,1,,Aggregated,18.500000,0.000000,38,40,42,42,46,62,92,170,500,500,500,694,0,39,41.50691665511079,31.23602399136871,495.779535965994,7963.152737752162
1750615497,1,GET,/,0.000000,0.000000,0,0,0,0,0,0,0,0,0,0,0,1,0,158.03705103462562,158.03705103462562,158.03705103462562,158.03705103462562,10499.0
1750615497,1,GET,/product/0PUK6V6EV0,2.600000,0.000000,39,39,40,42,47,49,92,92,92,92,92,86,0,39,39.682193837253116,33.3010739996098,91.81187598733231,7952.325581395349
1750615497,1,GET,/product/1YMWWN1N4O,1.500000,0.000000,38,39,44,44,52,86,86,86,86,86,86,66,0,38,39.51166484727185,32.7074890374206,86.40436397399753,7981.484848484848
1750615497,1,GET,/product/2ZYFJ3GM2N,1.700000,0.000000,37,40,40,41,45,45,49,49,49,49,49,78,0,39,41.47644734938438,31.23602399136871,170.3719210345298,7973.74358974359
1750615497,1,GET,/product/66VCHSJNUP,1.600000,0.000000,37,38,40,44,46,46,46,46,46,46,46,70,0,39,48.55100976502789,32.5044869678095,495.779535965994,7937.4857142857145
1750615497,1,GET,/product/6E92ZMYYFZ,1.700000,0.000000,38,40,41,41,44,44,170,170,170,170,170,77,0,39,40.7594046736886,31.867644982412457,173.24102099519223,7930.376623376624
1750615497,1,GET,/product/9SIQT8TOJO,2.900000,0.000000,38,41,42,45,68,89,92,92,92,92,92,99,0,39,42.39474343267655,33.450949005782604,170.09381600655615,7981.030303030303
1750615497,1,GET,/product/L9ECAV7KIM,1.800000,0.000000,40,41,43,45,47,48,56,56,56,56,56,78,0,39,39.56647261227959,32.93753002071753,55.95821904717013,7946.897435897436
1750615497,1,GET,/product/LS4PSXUNUM,2.800000,0.000000,38,40,42,42,42,43,43,43,43,43,43,84,0,39,40.505062300196315,31.471989990677685,172.0081259845756,7947.690476190476
1750615497,1,GET,/product/OLJCESPC7Z,1.700000,0.000000,37,40,42,43,45,47,70,70,70,70,70,76,0,38,39.1805313074177,32.216122024692595,70.2260120306164,7982.105263157895
1750615497,1,,Aggregated,18.300000,0.000000,38,40,42,42,45,52,89,92,170,170,170,715,0,39,41.418312466866176,31.23602399136871,495.779535965994,7963.102097902098
1750615498,1,GET,/,0.000000,0.000000,0,0,0,0,0,0,0,0,0,0,0,1,0,158.03705103462562,158.03705103462562,158.03705103462562,158.03705103462562,10499.0
1750615498,1,GET,/product/0PUK6V6EV0,2.600000,0.000000,39,39,41,42,44,49,92,92,92,92,92,91,0,39,39.646731637121476,33.3010739996098,91.81187598733231,7951.384615384615
1750615498,1,GET,/product/1YMWWN1N4O,1.600000,0.000000,38,41,44,44,52,86,86,86,86,86,86,68,0,38,39.5583494554397,32.7074890374206,86.40436397399753,7981.911764705882
1750615498,1,GET,/product/2ZYFJ3GM2N,2.100000,0.000000,38,39,40,40,45,45,49,49,49,49,49,82,0,39,41.37726461304715,31.23602399136871,170.3719210345298,7973.634146341464
1750615498,1,GET,/product/66VCHSJNUP,1.300000,0.000000,37,37,38,44,46,46,46,46,46,46,46,71,0,39,48.36169090925414,32.5044869678095,495.779535965994,7937.605633802817
1750615498,1,GET,/product/6E92ZMYYFZ,1.800000,0.000000,38,40,41,43,44,170,170,170,170,170,170,77,0,39,40.7594046736886,31.867644982412457,173.24102099519223,7930.376623376624
1750615498,1,GET,/product/9SIQT8TOJO,2.800000,0.000000,40,41,43,45,68,89,92,92,92,92,92,101,0,39,42.319804632293966,33.450949005782604,170.09381600655615,7981.089108910891
1750615498,1,GET,/product/L9ECAV7KIM,1.900000,0.000000,40,42,43,45,47,48,56,56,56,56,56,80,0,39,39.63440068473574,32.93753002071753,55.95821904717013,7946.925
1750615498,1,GET,/product/LS4PSXUNUM,2.500000,0.000000,37,40,42,42,42,43,43,43,43,43,43,85,0,39,40.40818535585833,31.471989990677685,172.0081259845756,7947.635294117647
1750615498,1,GET,/product/OLJCESPC7Z,1.800000,0.000000,38,40,42,43,45,47,70,70,70,70,70,79,0,38,39.157136827500985,32.216122024692595,70.2260120306164,7982.569620253164
1750615498,1,,Aggregated,18.400000,0.000000,39,40,42,43,45,52,89,92,170,170,170,735,0,39,41.35252951421034,31.23602399136871,495.779535965994,7963.140136054421
1750615499,1,GET,/,0.000000,0.000000,0,0,0,0,0,0,0,0,0,0,0,1,0,158.03705103462562,158.03705103462562,158.03705103462562,158.03705103462562,10499.0
1750615499,1,GET,/product/0PUK6V6EV0,2.900000,0.000000,39,39,41,42,47,49,92,92,92,92,92,91,0,39,39.646731637121476,33.3010739996098,91.81187598733231,7951.384615384615
1750615499,1,GET,/product/1YMWWN1N4O,1.600000,0.000000,38,41,44,44,52,86,86,86,86,86,86,70,0,38,39.51831627055071,32.7074890374206,86.40436397399753,7981.5142857142855
1750615499,1,GET,/product/2ZYFJ3GM2N,2.200000,0.000000,38,39,40,41,45,46,49,49,49,49,49,83,0,39,41.42809625650498,31.23602399136871,170.3719210345298,7973.614457831325
1750615499,1,GET,/product/66VCHSJNUP,1.100000,0.000000,38,38,44,46,49,49,49,49,49,49,49,73,0,39,48.22023374695101,32.5044869678095,495.779535965994,7937.835616438356
1750615499,1,GET,/product/6E92ZMYYFZ,1.700000,0.000000,38,40,41,41,44,44,170,170,170,170,170,79,0,39,40.68739342877547,31.867644982412457,173.24102099519223,7930.974683544304
1750615499,1,GET,/product/9SIQT8TOJO,2.400000,0.000000,40,41,42,43,68,89,92,92,92,92,92,105,0,39,42.15232214081057,33.450949005782604,170.09381600655615,7981.066666666667
1750615499,1,GET,/product/L9ECAV7KIM,2.200000,0.000000,40,42,43,43,47,47,56,56,56,56,56,87,0,39,39.73800988249673,32.93753002071753,55.95821904717013,7946.459770114942
1750615499,1,GET,/product/LS4PSXUNUM,2.500000,0.000000,38,41,42,42,42,43,43,43,43,43,43,86,0,39,40.40108474721417,31.471989990677685,172.0081259845756,7947.581395348837
1750615499,1,GET,/product/OLJCESPC7Z,1.800000,0.000000,38,40,42,43,45,47,70,70,70,70,70,80,0,38,39.141058691893704,32.216122024692595,70.2260120306164,7982.875
1750615499,1,,Aggregated,18.400000,0.000000,39,40,42,42,45,49,86,92,92,92,92,755,0,39,41.31664049114711,31.23602399136871,495.779535965994,7963.014569536424
1750615500,1,GET,/,0.000000,0.000000,0,0,0,0,0,0,0,0,0,0,0,1,0,158.03705103462562,158.03705103462562,158.03705103462562,158.03705103462562,10499.0
1750615500,1,GET,/product/0PUK6V6EV0,3.000000,0.000000,39,39,40,42,44,49,92,92,92,92,92,91,0,39,39.646731637121476,33.3010739996098,91.81187598733231,7951.384615384615
1750615500,1,GET,/product/1YMWWN1N4O,1.800000,0.000000,38,41,44,44,46,52,86,86,86,86,86,73,0,38,39.454373204921154,31.5826500300318,86.40436397399753,7982.191780821918
1750615500,1,GET,/product/2ZYFJ3GM2N,2.300000,0.000000,39,40,41,41,45,46,49,49,49,49,49,88,0,39,41.32042599204314,31.23602399136871,170.3719210345298,7973.75
1750615500,1,GET,/product/66VCHSJNUP,1.000000,0.000000,38,44,46,46,49,49,49,49,49,49,49,73,0,39,48.22023374695101,32.5044869678095,495.779535965994,7937.835616438356
1750615500,1,GET,/product/6E92ZMYYFZ,2.100000,0.000000,38,40,41,41,43,44,44,44,44,44,44,81,0,39,40.68395989964268,31.867644982412457,173.24102099519223,7930.950617283951
1750615500,1,GET,/product/9SIQT8TOJO,2.500000,0.000000,38,40,41,42,62,68,89,89,89,89,89,107,0,39,41.99967819437924,33.450949005782604,170.09381600655615,7980.915887850468
1750615500,1,GET,/product/L9ECAV7KIM,2.200000,0.000000,40,42,43,43,46,47,56,56,56,56,56,91,0,39,39.6717495021441,32.93753002071753,55.95821904717013,7946.549450549451
1750615500,1,GET,/product/LS4PSXUNUM,2.400000,0.000000,40,41,42,42,42,43,43,43,43,43,43,88,0,39,40.32902577587679,31.471989990677685,172.0081259845756,7947.818181818182
1750615500,1,GET,/product/OLJCESPC7Z,2.100000,0.000000,37,38,40,43,45,45,45,45,45,45,45,83,0,38,39.05761918454173,32.216122024692595,70.2260120306164,7982.590361445783
1750615500,1,,Aggregated,19.400000,0.000000,39,40,42,43,45,49,68,89,92,92,92,776,0,39,41.22753300097682,31.23602399136871,495.779535965994,7963.132731958763
1750615501,1,GET,/,0.000000,0.000000,0,0,0,0,0,0,0,0,0,0,0,1,0,158.03705103462562,158.03705103462562,158.03705103462562,158.03705103462562,10499.0
1750615501,1,GET,/product/0PUK6V6EV0,3.200000,0.000000,38,39,40,41,44,44,49,49,49,49,49,95,0,39,39.56235457873462,33.3010739996098,91.81187598733231,7951.41052631579
1750615501,1,GET,/product/1YMWWN1N4O,1.800000,0.000000,38,41,44,44,46,52,52,52,52,52,52,73,0,38,39.454373204921154,31.5826500300318,86.40436397399753,7982.191780821918
1750615501,1,GET,/product/2ZYFJ3GM2N,2.600000,0.000000,39,40,41,41,45,46,49,49,49,49,49,91,0,39,41.22305745425235,31.23602399136871,170.3719210345298,7974.43956043956
1750615501,1,GET,/product/66VCHSJNUP,0.900000,0.000000,42,44,46,46,49,49,49,49,49,49,49,74,0,39,48.142271331115,32.5044869678095,495.779535965994,7937.756756756757
1750615501,1,GET,/product/6E92ZMYYFZ,2.000000,0.000000,39,40,41,41,44,44,47,47,47,47,47,84,0,39,40.73124564144694,31.867644982412457,173.24102099519223,7930.547619047619
1750615501,1,GET,/product/9SIQT8TOJO,2.500000,0.000000,38,40,41,42,62,68,89,89,89,89,89,107,0,39,41.99967819437924,33.450949005782604,170.09381600655615,7980.915887850468
1750615501,1,GET,/product/L9ECAV7KIM,2.100000,0.000000,40,41,42,43,46,47,56,56,56,56,56,96,0,39,39.62198310000531,32.93753002071753,55.95821904717013,7946.520833333333
1750615501,1,GET,/product/LS4PSXUNUM,2.200000,0.000000,40,42,42,42,43,45,45,45,45,45,45,90,0,39,40.41136772527049,31.471989990677685,172.0081259845756,7947.488888888889
1750615501,1,GET,/product/OLJCESPC7Z,2.100000,0.000000,37,38,38,40,43,45,45,45,45,45,45,85,0,38,38.99503214462825,32.216122024692595,70.2260120306164,7982.129411764706
1750615501,1,,Aggregated,19.400000,0.000000,39,40,41,42,45,47,52,62,68,68,68,796,0,39,41.18235891037878,31.23602399136871,495.779535965994,7962.80904522613
1750615502,1,GET,/,0.000000,0.000000,0,0,0,0,0,0,0,0,0,0,0,1,0,158.03705103462562,158.03705103462562,158.03705103462562,158.03705103462562,10499.0
1750615502,1,GET,/product/0PUK6V6EV0,3.000000,0.000000,38,39,40,41,44,44,49,49,49,49,49,96,0,38,39.527185645662634,33.3010739996098,91.81187598733231,7951.4375
1750615502,1,GET,/product/1YMWWN1N4O,2.000000,0.000000,38,41,44,44,45,46,52,52,52,52,52,75,0,38,39.437823800059654,31.5826500300318,86.40436397399753,7981.893333333333
1750615502,1,GET,/product/2ZYFJ3GM2N,2.400000,0.000000,39,40,41,41,45,46,49,49,49,49,49,92,0,39,41.17249988421859,31.23602399136871,170.3719210345298,7974.652173913043
1750615502,1,GET,/product/66VCHSJNUP,1.000000,0.000000,40,44,46,46,49,51,51,51,51,51,51,77,0,39,47.94205946079758,32.5044869678095,495.779535965994,7937.168831168831
1750615502,1,GET,/product/6E92ZMYYFZ,1.900000,0.000000,38,40,41,41,44,44,47,47,47,47,47,86,0,39,40.627629638292156,31.867644982412457,173.24102099519223,7931.116279069767
1750615502,1,GET,/product/9SIQT8TOJO,2.600000,0.000000,38,40,40,41,45,62,68,68,68,68,68,111,0,39,41.87592376403192,33.450949005782604,170.09381600655615,7981.477477477478
1750615502,1,GET,/product/L9ECAV7KIM,2.700000,0.000000,40,41,42,43,46,47,56,56,56,56,56,99,0,39,39.65758188507717,32.93753002071753,55.95821904717013,7946.969696969697
1750615502,1,GET,/product/LS4PSXUNUM,2.300000,0.000000,38,40,42,42,43,45,45,45,45,45,45,91,0,39,40.3551771126401,31.471989990677685,172.0081259845756,7947.571428571428
1750615502,1,GET,/product/OLJCESPC7Z,1.700000,0.000000,37,38,38,39,43,43,45,45,45,45,45,88,0,38,38.94097591215871,32.216122024692595,70.2260120306164,7981.25
1750615502,1,,Aggregated,19.600000,0.000000,39,40,41,42,45,47,52,62,68,68,68,816,0,39,41.124170976342846,31.23602399136871,495.779535965994,7962.816176470588
1750615503,1,GET,/,0.000000,0.000000,0,0,0,0,0,0,0,0,0,0,0,1,0,158.03705103462562,158.03705103462562,158.03705103462562,158.03705103462562,10499.0
1750615503,1,GET,/product/0PUK6V6EV0,2.500000,0.000000,39,40,40,41,44,44,49,49,49,49,49,98,0,38,39.48828293846882,33.3010739996098,91.81187598733231,7951.510204081633
1750615503,1,GET,/product/1YMWWN1N4O,2.100000,0.000000,38,41,44,44,45,46,52,52,52,52,52,78,0,38,39.400605448276906,31.5826500300318,86.40436397399753,7981.948717948718
1750615503,1,GET,/product/2ZYFJ3GM2N,2.700000,0.000000,39,41,41,41,45,45,46,46,46,46,46,95,0,39,41.17403956142401,31.23602399136871,170.3719210345298,7974.757894736842
1750615503,1,GET,/product/66VCHSJNUP,0.800000,0.000000,40,42,46,49,51,51,51,51,51,51,51,77,0,39,47.94205946079758,32.5044869678095,495.779535965994,7937.168831168831
1750615503,1,GET,/product/6E92ZMYYFZ,2.100000,0.000000,39,41,41,41,46,47,48,48,48,48,48,92,0,39,40.72594026840069,31.867644982412457,173.24102099519223,7931.04347826087
1750615503,1,GET,/product/9SIQT8TOJO,2.600000,0.000000,38,40,40,40,42,43,43,43,43,43,43,112,0,39,41.858264623442665,33.450949005782604,170.09381600655615,7981.642857142857
1750615503,1,GET,/product/L9ECAV7KIM,2.900000,0.000000,40,41,43,43,46,47,56,56,56,56,56,101,0,39,39.76312180805841,32.93753002071753,55.95821904717013,7946.792079207921
1750615503,1,GET,/product/LS4PSXUNUM,2.200000,0.000000,38,40,41,41,43,45,45,45,45,45,45,93,0,39,40.363935249236725,31.471989990677685,172.0081259845756,7947.623655913979
1750615503,1,GET,/product/OLJCESPC7Z,2.000000,0.000000,38,38,40,41,43,45,45,45,45,45,45,89,0,38,38.959190272987726,32.216122024692595,70.2260120306164,7981.224719101124
1750615503,1,,Aggregated,19.900000,0.000000,39,40,41,42,44,46,49,51,56,56,56,836,0,39,41.12010729472982,31.23602399136871,495.779535965994,7962.663875598086
1750615504,1,GET,/,0.000000,0.000000,0,0,0,0,0,0,0,0,0,0,0,1,0,158.03705103462562,158.03705103462562,158.03705103462562,158.03705103462562,10499.0
1750615504,1,GET,/product/0PUK6V6EV0,2.700000,0.000000,39,40,40,41,42,44,49,49,49,49,49,99,0,38,39.47122080776031,33.3010739996098,91.81187598733231,7951.414141414141
1750615504,1,GET,/product/1YMWWN1N4O,1.900000,0.000000,38,40,44,44,46,52,52,52,52,52,52,80,0,38,39.541701437701704,31.5826500300318,86.40436397399753,7981.725
1750615504,1,GET,/product/2ZYFJ3GM2N,2.700000,0.000000,39,41,41,43,45,45,46,46,46,46,46,95,0,39,41.17403956142401,31.23602399136871,170.3719210345298,7974.757894736842
1750615504,1,GET,/product/66VCHSJNUP,0.800000,0.000000,42,46,49,49,51,180,180,180,180,180,180,81,0,39,49.42932683201277,32.5044869678095,495.779535965994,7937.876543209876
1750615504,1,GET,/product/6E92ZMYYFZ,2.100000,0.000000,40,41,41,43,47,48,71,71,71,71,71,93,0,39,41.05220823323414,31.867644982412457,173.24102099519223,7930.677419354839
1750615504,1,GET,/product/9SIQT8TOJO,2.400000,0.000000,39,40,40,40,42,43,44,44,44,44,44,114,0,39,41.86211217433753,33.450949005782604,170.09381600655615,7981.368421052632
1750615504,1,GET,/product/L9ECAV7KIM,3.400000,0.000000,40,41,42,43,44,46,47,47,47,47,47,101,0,39,39.76312180805841,32.93753002071753,55.95821904717013,7946.792079207921
1750615504,1,GET,/product/LS4PSXUNUM,2.000000,0.000000,38,40,40,41,43,45,45,45,45,45,45,94,0,39,40.341363821000336,31.471989990677685,172.0081259845756,7947.723404255319
1750615504,1,GET,/product/OLJCESPC7Z,2.000000,0.000000,38,39,40,41,43,45,160,160,160,160,160,91,0,38,40.30788246450106,32.216122024692595,161.2299449625425,7981.219780219781
1750615504,1,,Aggregated,20.000000,0.000000,39,40,41,42,45,47,52,160,180,180,180,849,0,39,41.47308623954079,31.23602399136871,495.779535965994,7962.578327444052
1750615505,1,GET,/,0.000000,0.000000,0,0,0,0,0,0,0,0,0,0,0,1,0,158.03705103462562,158.03705103462562,158.03705103462562,158.03705103462562,10499.0
1750615505,1,GET,/product/0PUK6V6EV0,2.300000,0.000000,38,39,40,40,41,41,42,42,42,42,42,102,0,38,39.3633922355423,33.3010739996098,91.81187598733231,7951.156862745098
1750615505,1,GET,/product/1YMWWN1N4O,1.900000,0.000000,38,40,41,44,46,52,52,52,52,52,52,80,0,38,39.541701437701704,31.5826500300318,86.40436397399753,7981.725
1750615505,1,GET,/product/2ZYFJ3GM2N,2.600000,0.000000,39,40,41,41,43,45,46,46,46,46,46,98,0,39,41.00434892224053,31.23602399136871,170.3719210345298,7975.081632653061
1750615505,1,GET,/product/66VCHSJNUP,1.000000,0.000000,42,45,49,49,51,180,180,180,180,180,180,83,0,39,49.2919751608475,32.5044869678095,495.779535965994,7938.096385542169
1750615505,1,GET,/product/6E92ZMYYFZ,2.300000,0.000000,39,41,41,44,47,48,71,71,71,71,71,95,0,39,40.96067735410639,31.867644982412457,173.24102099519223,7930.41052631579
1750615505,1,GET,/product/9SIQT8TOJO,2.800000,0.000000,39,40,41,42,44,44,44,44,44,44,44,117,0,39,41.84033315276536,33.450949005782604,170.09381600655615,7981.247863247863
1750615505,1,GET,/product/L9ECAV7KIM,3.300000,0.000000,40,41,42,43,44,46,47,47,47,47,47,102,0,39,39.74886052595799,32.93753002071753,55.95821904717013,7946.901960784314
1750615505,1,GET,/product/LS4PSXUNUM,1.700000,0.000000,38,40,41,41,45,54,54,54,54,54,54,96,0,39,40.45569449165972,31.471989990677685,172.0081259845756,7947.666666666667
1750615505,1,GET,/product/OLJCESPC7Z,2.100000,0.000000,38,39,41,43,45,54,160,160,160,160,160,95,0,38,40.472861139201804,32.216122024692595,161.2299449625425,7981.8
1750615505,1,,Aggregated,20.000000,0.000000,39,40,41,42,45,48,54,160,180,180,180,869,0,39,41.44503439285485,31.23602399136871,495.779535965994,7962.601841196778
1750615506,1,GET,/,0.000000,0.000000,0,0,0,0,0,0,0,0,0,0,0,1,0,158.03705103462562,158.03705103462562,158.03705103462562,158.03705103462562,10499.0
1750615506,1,GET,/product/0PUK6V6EV0,2.500000,0.000000,38,39,39,40,41,41,41,41,41,41,41,104,0,38,39.3681000871136,33.3010739996098,91.81187598733231,7951.461538461538
1750615506,1,GET,/product/1YMWWN1N4O,2.200000,0.000000,38,41,44,44,45,46,52,52,52,52,52,87,0,38,39.56997310394828,31.5826500300318,86.40436397399753,7981.310344827586
1750615506,1,GET,/product/2ZYFJ3GM2N,2.600000,0.000000,39,41,41,41,43,43,46,46,46,46,46,101,0,39,40.91616320172509,31.23602399136871,170.3719210345298,7974.6732673267325
1750615506,1,GET,/product/66VCHSJNUP,1.000000,0.000000,42,45,49,49,51,180,180,180,180,180,180,83,0,39,49.2919751608475,32.5044869678095,495.779535965994,7938.096385542169
1750615506,1,GET,/product/6E92ZMYYFZ,2.700000,0.000000,39,41,41,44,47,48,71,71,71,71,71,96,0,39,40.9234914022818,31.867644982412457,173.24102099519223,7930.625
1750615506,1,GET,/product/9SIQT8TOJO,2.000000,0.000000,40,40,41,42,44,44,44,44,44,44,44,119,0,39,41.763118201154555,33.450949005782604,170.09381600655615,7981.27731092437
1750615506,1,GET,/product/L9ECAV7KIM,3.400000,0.000000,41,41,42,43,44,46,47,47,47,47,47,103,0,39,39.763364297771844,32.93753002071753,55.95821904717013,7947.145631067961
1750615506,1,GET,/product/LS4PSXUNUM,1.700000,0.000000,38,40,41,43,45,54,54,54,54,54,54,99,0,39,40.32164757702067,31.471989990677685,172.0081259845756,7947.646464646465
1750615506,1,GET,/product/OLJCESPC7Z,2.000000,0.000000,38,39,40,41,45,54,160,160,160,160,160,97,0,38,40.41014588978045,32.216122024692595,161.2299449625425,7981.659793814433
1750615506,1,,Aggregated,20.100000,0.000000,39,41,41,43,45,49,54,160,180,180,180,890,0,39,41.37572310845305,31.23602399136871,495.779535965994,7962.73595505618
1750615508,1,GET,/,0.000000,0.000000,0,0,0,0,0,0,0,0,0,0,0,1,0,158.03705103462562,158.03705103462562,158.03705103462562,158.03705103462562,10499.0
1750615508,1,GET,/product/0PUK6V6EV0,2.300000,0.000000,38,39,39,39,41,41,41,41,41,41,41,107,0,38,39.32850127201962,33.3010739996098,91.81187598733231,7951.9626168224295
1750615508,1,GET,/product/1YMWWN1N4O,2.000000,0.000000,38,41,44,45,46,52,52,52,52,52,52,87,0,38,39.56997310394828,31.5826500300318,86.40436397399753,7981.310344827586
1750615508,1,GET,/product/2ZYFJ3GM2N,2.500000,0.000000,39,41,41,41,43,44,46,46,46,46,46,105,0,39,40.80734116612889,31.23602399136871,170.3719210345298,7975.333333333333
1750615508,1,GET,/product/66VCHSJNUP,1.200000,0.000000,42,45,49,49,51,180,180,180,180,180,180,84,0,39,49.18704339693899,32.5044869678095,495.779535965994,7938.238095238095
1750615508,1,GET,/product/6E92ZMYYFZ,2.600000,0.000000,39,41,41,41,47,48,71,71,71,71,71,98,0,39,40.8344510574445,31.867644982412457,173.24102099519223,7930.285714285715
1750615508,1,GET,/product/9SIQT8TOJO,2.100000,0.000000,40,40,42,44,44,47,47,47,47,47,47,120,0,39,41.80412497468448,33.450949005782604,170.09381600655615,7981.266666666666
1750615508,1,GET,/product/L9ECAV7KIM,3.000000,0.000000,40,41,42,42,44,46,47,47,47,47,47,107,0,39,39.721358062103214,32.018040015827864,55.95821904717013,7947.457943925234
1750615508,1,GET,/product/LS4PSXUNUM,1.700000,0.000000,39,41,41,43,49,54,54,54,54,54,54,102,0,39,40.35875918777367,31.471989990677685,172.0081259845756,7947.176470588235
1750615508,1,GET,/product/OLJCESPC7Z,2.100000,0.000000,38,39,41,43,54,160,160,160,160,160,160,99,0,38,40.32205020529077,32.216122024692595,161.2299449625425,7981.646464646465
1750615508,1,,Aggregated,19.500000,0.000000,39,41,41,43,46,49,54,160,180,180,180,910,0,39,41.32108762163085,31.23602399136871,495.779535965994,7962.69010989011
1750615509,1,GET,/,0.000000,0.000000,0,0,0,0,0,0,0,0,0,0,0,1,0,158.03705103462562,158.03705103462562,158.03705103462562,158.03705103462562,10499.0
1750615509,1,GET,/product/0PUK6V6EV0,2.200000,0.000000,38,39,40,41,41,41,46,46,46,46,46,112,0,38,39.41109928668344,33.3010739996098,91.81187598733231,7952.392857142857
1750615509,1,GET,/product/1YMWWN1N4O,1.700000,0.000000,38,42,44,45,46,52,52,52,52,52,52,87,0,38,39.56997310394828,31.5826500300318,86.40436397399753,7981.310344827586
1750615509,1,GET,/product/2ZYFJ3GM2N,2.400000,0.000000,39,40,41,41,43,44,48,48,48,48,48,108,0,39,40.82452036500736,31.23602399136871,170.3719210345298,7975.148148148148
1750615509,1,GET,/product/66VCHSJNUP,1.400000,0.000000,42,45,49,49,51,180,180,180,180,180,180,85,0,40,49.08381563967423,32.5044869678095,495.779535965994,7938.588235294118
1750615509,1,GET,/product/6E92ZMYYFZ,2.400000,0.000000,39,41,41,46,48,71,71,71,71,71,71,99,0,39,40.81340747088137,31.867644982412457,173.24102099519223,7930.333333333333
1750615509,1,GET,/product/9SIQT8TOJO,2.300000,0.000000,40,40,44,44,44,47,47,47,47,47,47,120,0,39,41.80412497468448,33.450949005782604,170.09381600655615,7981.266666666666
1750615509,1,GET,/product/L9ECAV7KIM,2.900000,0.000000,40,41,41,42,44,44,46,46,46,46,46,111,0,39,39.615621411677886,32.018040015827864,55.95821904717013,7947.441441441441
1750615509,1,GET,/product/LS4PSXUNUM,1.800000,0.000000,38,41,43,43,49,54,54,54,54,54,54,105,0,39,40.292656915594954,31.471989990677685,172.0081259845756,7947.038095238096
1750615509,1,GET,/product/OLJCESPC7Z,2.400000,0.000000,37,39,40,41,45,54,160,160,160,160,160,102,0,38,40.14596308172936,32.216122024692595,161.2299449625425,7981.588235294118
1750615509,1,,Aggregated,19.500000,0.000000,39,41,41,43,45,49,54,160,180,180,180,930,0,39,41.26431600400998,31.23602399136871,495.779535965994,7962.601075268817
1750615510,1,GET,/,0.000000,0.000000,0,0,0,0,0,0,0,0,0,0,0,1,0,158.03705103462562,158.03705103462562,158.03705103462562,158.03705103462562,10499.0
1750615510,1,GET,/product/0PUK6V6EV0,2.000000,0.000000,38,39,40,41,41,41,46,46,46,46,46,113,0,38,39.39931490355526,33.3010739996098,91.81187598733231,7952.690265486725
1750615510,1,GET,/product/1YMWWN1N4O,2.300000,0.000000,39,42,45,45,46,52,52,52,52,52,52,89,0,38,39.645707168684375,31.5826500300318,86.40436397399753,7981.168539325843
1750615510,1,GET,/product/2ZYFJ3GM2N,2.500000,0.000000,39,40,41,41,43,44,48,48,48,48,48,111,0,39,40.79178712112611,31.23602399136871,170.3719210345298,7975.171171171171
1750615510,1,GET,/product/66VCHSJNUP,1.300000,0.000000,42,43,45,49,51,180,180,180,180,180,180,87,0,39,48.78972800469946,32.5044869678095,495.779535965994,7938.781609195402
1750615510,1,GET,/product/6E92ZMYYFZ,2.400000,0.000000,39,41,41,46,48,71,71,71,71,71,71,100,0,39,40.79374879656825,31.867644982412457,173.24102099519223,7930.54
1750615510,1,GET,/product/9SIQT8TOJO,2.400000,0.000000,39,40,40,44,44,47,47,47,47,47,47,123,0,39,41.65165826850533,31.79126902250573,170.09381600655615,7981.1869918699185
1750615510,1,GET,/product/L9ECAV7KIM,2.600000,0.000000,40,41,42,44,44,45,46,46,46,46,46,115,0,39,39.62342699675861,32.018040015827864,55.95821904717013,7947.669565217391
1750615510,1,GET,/product/LS4PSXUNUM,1.600000,0.000000,38,39,41,43,45,49,54,54,54,54,54,109,0,38,40.12656414778818,31.471989990677685,172.0081259845756,7947.45871559633
1750615510,1,GET,/product/OLJCESPC7Z,2.400000,0.000000,38,39,41,42,54,160,160,160,160,160,160,103,0,38,40.1595612169578,32.216122024692595,161.2299449625425,7981.291262135922
1750615510,1,,Aggregated,19.500000,0.000000,39,41,41,43,45,49,54,160,180,180,180,951,0,39,41.199448505540396,31.23602399136871,495.779535965994,7962.6319663512095
1750615511,1,GET,/,0.000000,0.000000,0,0,0,0,0,0,0,0,0,0,0,1,0,158.03705103462562,158.03705103462562,158.03705103462562,158.03705103462562,10499.0
1750615511,1,GET,/product/0PUK6V6EV0,2.100000,0.000000,38,39,40,40,41,41,46,46,46,46,46,116,0,38,39.363086923599596,33.3010739996098,91.81187598733231,7953.1551724137935
1750615511,1,GET,/product/1YMWWN1N4O,1.900000,0.000000,39,41,44,45,46,52,52,52,52,52,52,91,0,38,39.56738384606849,31.5826500300318,86.40436397399753,7981.340659340659
1750615511,1,GET,/product/2ZYFJ3GM2N,2.600000,0.000000,39,40,41,41,43,44,48,48,48,48,48,116,0,39,40.68804939994026,31.23602399136871,170.3719210345298,7975.224137931034
1750615511,1,GET,/product/66VCHSJNUP,1.400000,0.000000,40,42,45,45,51,180,180,180,180,180,180,90,0,39,48.44827580446791,32.5044869678095,495.779535965994,7938.333333333333
1750615511,1,GET,/product/6E92ZMYYFZ,2.200000,0.000000,39,41,42,44,48,71,71,71,71,71,71,103,0,39,40.83240612294724,31.867644982412457,173.24102099519223,7929.9514563106795
1750615511,1,GET,/product/9SIQT8TOJO,1.800000,0.000000,40,40,44,44,44,47,47,47,47,47,47,123,0,39,41.65165826850533,31.79126902250573,170.09381600655615,7981.1869918699185
1750615511,1,GET,/product/L9ECAV7KIM,3.100000,0.000000,40,41,44,44,45,46,46,46,46,46,46,116,0,39,39.58023122084279,32.018040015827864,55.95821904717013,7947.706896551724
1750615511,1,GET,/product/LS4PSXUNUM,2.000000,0.000000,37,38,39,41,43,49,54,54,54,54,54,112,0,38,39.9859790096733,31.471989990677685,172.0081259845756,7947.625
1750615511,1,GET,/product/OLJCESPC7Z,2.300000,0.000000,37,39,41,42,54,160,160,160,160,160,160,104,0,38,40.115603032553246,32.216122024692595,161.2299449625425,7981.423076923077
1750615511,1,,Aggregated,19.400000,0.000000,39,40,41,42,45,49,54,160,180,180,180,972,0,39,41.127156996642,31.23602399136871,495.779535965994,7962.5
1750615512,1,GET,/,0.000000,0.000000,0,0,0,0,0,0,0,0,0,0,0,1,0,158.03705103462562,158.03705103462562,158.03705103462562,158.03705103462562,10499.0
1750615512,1,GET,/product/0PUK6V6EV0,2.100000,0.000000,38,40,40,41,41,44,46,46,46,46,46,119,0,38,39.33696970666422,32.56910998607054,91.81187598733231,7953.6134453781515
1750615512,1,GET,/product/1YMWWN1N4O,1.900000,0.000000,39,41,45,45,46,52,52,52,52,52,52,91,0,38,39.56738384606849,31.5826500300318,86.40436397399753,7981.340659340659
1750615512,1,GET,/product/2ZYFJ3GM2N,2.600000,0.000000,40,40,41,41,43,44,48,48,48,48,48,117,0,39,40.68486278968202,31.23602399136871,170.3719210345298,7975.282051282052
1750615512,1,GET,/product/66VCHSJNUP,1.400000,0.000000,40,42,43,45,51,180,180,180,180,180,180,91,0,39,48.37438467490886,32.5044869678095,495.779535965994,7938.7692307692305
1750615512,1,GET,/product/6E92ZMYYFZ,2.200000,0.000000,39,41,43,44,48,71,71,71,71,71,71,105,0,39,40.785905672791635,31.867644982412457,173.24102099519223,7929.914285714286
1750615512,1,GET,/product/9SIQT8TOJO,1.800000,0.000000,40,44,44,44,47,49,49,49,49,49,49,125,0,39,41.65920368861407,31.79126902250573,170.09381600655615,7981.232
1750615512,1,GET,/product/L9ECAV7KIM,3.100000,0.000000,40,42,44,44,46,46,46,46,46,46,46,119,0,39,39.5948218627825,32.018040015827864,55.95821904717013,7947.731092436975
1750615512,1,GET,/product/LS4PSXUNUM,2.000000,0.000000,38,39,40,41,44,49,54,54,54,54,54,117,0,38,39.97873286388289,31.471989990677685,172.0081259845756,7947.239316239316
1750615512,1,GET,/product/OLJCESPC7Z,2.300000,0.000000,39,40,41,42,54,160,160,160,160,160,160,106,0,38,40.096784343301614,32.216122024692595,161.2299449625425,7981.396226415094
1750615512,1,,Aggregated,19.400000,0.000000,39,40,42,43,45,49,54,160,180,180,180,991,0,39,41.10135375558494,31.23602399136871,495.779535965994,7962.408678102926
1750615513,1,GET,/,0.000000,0.000000,0,0,0,0,0,0,0,0,0,0,0,1,0,158.03705103462562,158.03705103462562,158.03705103462562,158.03705103462562,10499.0
1750615513,1,GET,/product/0PUK6V6EV0,2.500000,0.000000,38,39,40,41,41,44,46,46,46,46,46,119,0,38,39.33696970666422,32.56910998607054,91.81187598733231,7953.6134453781515
1750615513,1,GET,/product/1YMWWN1N4O,1.800000,0.000000,39,40,45,45,46,52,52,52,52,52,52,94,0,38,39.450143106613666,31.5826500300318,86.40436397399753,7980.914893617021
1750615513,1,GET,/product/2ZYFJ3GM2N,2.700000,0.000000,40,40,41,41,43,44,48,48,48,48,48,120,0,39,40.621691636624746,31.23602399136871,170.3719210345298,7975.55
1750615513,1,GET,/product/66VCHSJNUP,1.700000,0.000000,42,42,45,45,49,180,180,180,180,180,180,93,0,39,48.24577755249676,32.5044869678095,495.779535965994,7939.333333333333
1750615513,1,GET,/product/6E92ZMYYFZ,2.200000,0.000000,39,41,42,43,44,71,71,71,71,71,71,110,0,39,40.7384857874025,31.867644982412457,173.24102099519223,7930.109090909091
1750615513,1,GET,/product/9SIQT8TOJO,1.600000,0.000000,40,44,44,47,47,49,49,49,49,49,49,127,0,39,41.67668418922117,31.79126902250573,170.09381600655615,7981.244094488189
1750615513,1,GET,/product/L9ECAV7KIM,2.500000,0.000000,39,41,43,44,45,46,46,46,46,46,46,122,0,39,39.51850463731642,32.018040015827864,55.95821904717013,7947.819672131148
1750615513,1,GET,/product/LS4PSXUNUM,2.400000,0.000000,38,38,40,40,44,49,54,54,54,54,54,120,0,38,39.98213173423816,31.471989990677685,172.0081259845756,7947.116666666667
1750615513,1,GET,/product/OLJCESPC7Z,2.100000,0.000000,38,40,40,42,54,160,160,160,160,160,160,106,0,38,40.096784343301614,32.216122024692595,161.2299449625425,7981.396226415094
1750615513,1,,Aggregated,19.500000,0.000000,39,40,41,42,45,49,54,160,180,180,180,1012,0,39,41.059738191524744,31.23602399136871,495.779535965994,7962.307312252964
1750615514,1,GET,/,0.000000,0.000000,0,0,0,0,0,0,0,0,0,0,0,1,0,158.03705103462562,158.03705103462562,158.03705103462562,158.03705103462562,10499.0
1750615514,1,GET,/product/0PUK6V6EV0,2.500000,0.000000,39,39,41,41,44,46,48,48,48,48,48,123,0,38,39.34023438288444,32.56910998607054,91.81187598733231,7953.20325203252
1750615514,1,GET,/product/1YMWWN1N4O,1.800000,0.000000,39,41,42,45,46,52,52,52,52,52,52,96,0,38,39.49695874022533,31.5826500300318,86.40436397399753,7980.333333333333
1750615514,1,GET,/product/2ZYFJ3GM2N,2.700000,0.000000,38,40,40,41,42,44,48,48,48,48,48,121,0,39,40.57180065630881,31.23602399136871,170.3719210345298,7975.652892561983
1750615514,1,GET,/product/66VCHSJNUP,1.700000,0.000000,40,41,42,42,45,48,48,48,48,48,48,96,0,39,47.92484594084575,32.5044869678095,495.779535965994,7939.208333333333
1750615514,1,GET,/product/6E92ZMYYFZ,2.200000,0.000000,39,39,41,42,44,44,44,44,44,44,44,112,0,39,40.66094139800823,31.867644982412457,173.24102099519223,7929.946428571428
1750615514,1,GET,/product/9SIQT8TOJO,1.600000,0.000000,38,40,44,44,47,49,49,49,49,49,49,131,0,39,41.49676082417625,31.79126902250573,170.09381600655615,7980.732824427481
1750615514,1,GET,/product/L9ECAV7KIM,2.500000,0.000000,39,40,41,42,44,45,46,46,46,46,46,122,0,39,39.51850463731642,32.018040015827864,55.95821904717013,7947.819672131148
1750615514,1,GET,/product/LS4PSXUNUM,2.400000,0.000000,38,39,40,43,49,49,54,54,54,54,54,123,0,38,40.077802619132086,31.471989990677685,172.0081259845756,7947.308943089431
1750615514,1,GET,/product/OLJCESPC7Z,2.100000,0.000000,37,39,40,40,45,54,54,54,54,54,54,107,0,38,40.0270456856195,32.216122024692595,161.2299449625425,7981.542056074766
1750615514,1,,Aggregated,19.500000,0.000000,38,40,41,42,44,47,49,54,54,54,54,1032,0,39,41.01006714121778,31.23602399136871,495.779535965994,7962.093992248062
1750615515,1,GET,/,0.000000,0.000000,0,0,0,0,0,0,0,0,0,0,0,1,0,158.03705103462562,158.03705103462562,158.03705103462562,158.03705103462562,10499.0
1750615515,1,GET,/product/0PUK6V6EV0,2.400000,0.000000,39,40,41,41,44,46,48,48,48,48,48,124,0,38,39.299774847383944,32.56910998607054,91.81187598733231,7953.241935483871
1750615515,1,GET,/product/1YMWWN1N4O,1.800000,0.000000,40,41,42,42,45,46,46,46,46,46,46,98,0,38,39.52553714399834,31.5826500300318,86.40436397399753,7979.755102040816
1750615515,1,GET,/product/2ZYFJ3GM2N,2.600000,0.000000,38,40,41,41,42,44,48,48,48,48,48,125,0,39,40.480984843336046,31.23602399136871,170.3719210345298,7976.064
1750615515,1,GET,/product/66VCHSJNUP,1.700000,0.000000,40,41,42,42,45,48,48,48,48,48,48,97,0,39,47.84801127161043,32.5044869678095,495.779535965994,7939.422680412371
1750615515,1,GET,/product/6E92ZMYYFZ,2.100000,0.000000,39,39,41,42,44,44,44,44,44,44,44,114,0,39,40.605298829624395,31.867644982412457,173.24102099519223,7929.684210526316
1750615515,1,GET,/product/9SIQT8TOJO,1.800000,0.000000,38,39,40,47,47,49,49,49,49,49,49,131,0,39,41.49676082417625,31.79126902250573,170.09381600655615,7980.732824427481
1750615515,1,GET,/product/L9ECAV7KIM,2.300000,0.000000,39,41,42,43,45,46,46,46,46,46,46,122,0,39,39.51850463731642,32.018040015827864,55.95821904717013,7947.819672131148
1750615515,1,GET,/product/LS4PSXUNUM,2.700000,0.000000,37,39,40,42,44,49,49,49,49,49,49,131,0,38,39.895264344744895,31.471989990677685,172.0081259845756,7947.198473282443
1750615515,1,GET,/product/OLJCESPC7Z,2.100000,0.000000,37,38,39,40,40,42,42,42,42,42,42,110,0,38,39.989317285256796,32.216122024692595,161.2299449625425,7981.654545454546
1750615515,1,,Aggregated,19.500000,0.000000,38,40,41,41,44,46,48,49,49,49,49,1053,0,39,40.94732554778916,31.23602399136871,495.779535965994,7962.020892687559
1750615516,1,GET,/,0.000000,0.000000,0,0,0,0,0,0,0,0,0,0,0,1,0,158.03705103462562,158.03705103462562,158.03705103462562,158.03705103462562,10499.0
1750615516,1,GET,/product/0PUK6V6EV0,2.300000,0.000000,38,39,41,41,46,46,48,48,48,48,48,128,0,38,39.293277047818265,32.56910998607054,91.81187598733231,7953.703125
1750615516,1,GET,/product/1YMWWN1N4O,1.900000,0.000000,40,41,42,42,45,46,46,46,46,46,46,100,0,38,39.49536785134114,31.5826500300318,86.40436397399753,7979.64
1750615516,1,GET,/product/2ZYFJ3GM2N,2.700000,0.000000,38,40,41,41,42,44,48,48,48,48,48,128,0,39,40.384718956374854,31.23602399136871,170.3719210345298,7976.625
1750615516,1,GET,/product/66VCHSJNUP,1.600000,0.000000,39,40,41,42,42,48,48,48,48,48,48,98,0,39,47.745442126012804,32.5044869678095,495.779535965994,7939.306122448979
1750615516,1,GET,/product/6E92ZMYYFZ,2.400000,0.000000,39,39,41,41,43,44,44,44,44,44,44,118,0,39,40.44100475917823,31.867644982412457,173.24102099519223,7929.406779661017
1750615516,1,GET,/product/9SIQT8TOJO,1.600000,0.000000,38,39,43,47,47,49,49,49,49,49,49,134,0,39,41.42355604432593,31.79126902250573,170.09381600655615,7980.686567164179
1750615516,1,GET,/product/L9ECAV7KIM,2.300000,0.000000,39,40,42,43,45,46,46,46,46,46,46,123,0,39,39.4900970958832,32.018040015827864,55.95821904717013,7947.983739837398
1750615516,1,GET,/product/LS4PSXUNUM,2.900000,0.000000,37,39,40,42,44,49,49,49,49,49,49,134,0,38,39.824516792197834,31.471989990677685,172.0081259845756,7947.179104477612
1750615516,1,GET,/product/OLJCESPC7Z,1.800000,0.000000,37,39,39,40,40,42,42,42,42,42,42,110,0,38,39.989317285256796,32.216122024692595,161.2299449625425,7981.654545454546
1750615516,1,,Aggregated,19.500000,0.000000,38,40,40,41,44,46,48,49,49,49,49,1074,0,39,40.87597562281547,31.23602399136871,495.779535965994,7961.997206703911
1750615517,1,GET,/,0.000000,0.000000,0,0,0,0,0,0,0,0,0,0,0,1,0,158.03705103462562,158.03705103462562,158.03705103462562,158.03705103462562,10499.0
1750615517,1,GET,/product/0PUK6V6EV0,2.500000,0.000000,39,40,41,41,46,46,48,48,48,48,48,133,0,38,39.306948707645574,32.56910998607054,91.81187598733231,7954.105263157895
1750615517,1,GET,/product/1YMWWN1N4O,1.800000,0.000000,40,40,41,41,42,46,46,46,46,46,46,101,0,38,39.47514802099916,31.5826500300318,86.40436397399753,7979.742574257426
1750615517,1,GET,/product/2ZYFJ3GM2N,2.600000,0.000000,38,40,40,41,42,42,48,48,48,48,48,130,0,39,40.36227263411722,31.23602399136871,170.3719210345298,7976.6461538461535
1750615517,1,GET,/product/66VCHSJNUP,1.900000,0.000000,39,40,41,42,42,48,48,48,48,48,48,99,0,39,47.621494619472124,32.5044869678095,495.779535965994,7939.272727272727
1750615517,1,GET,/product/6E92ZMYYFZ,2.000000,0.000000,39,41,41,41,43,44,44,44,44,44,44,121,0,39,40.449370864359274,31.867644982412457,173.24102099519223,7929.876033057852
1750615517,1,GET,/product/9SIQT8TOJO,1.900000,0.000000,38,39,43,47,47,49,49,49,49,49,49,134,0,39,41.42355604432593,31.79126902250573,170.09381600655615,7980.686567164179
1750615517,1,GET,/product/L9ECAV7KIM,2.100000,0.000000,36,39,40,43,45,46,46,46,46,46,46,124,0,39,39.45849124847295,32.018040015827864,55.95821904717013,7948.080645161291
1750615517,1,GET,/product/LS4PSXUNUM,3.000000,0.000000,38,39,39,40,43,44,49,49,49,49,49,136,0,38,39.80231414093663,31.471989990677685,172.0081259845756,7947.117647058823
1750615517,1,GET,/product/OLJCESPC7Z,1.800000,0.000000,38,39,40,40,40,42,42,42,42,42,42,115,0,38,39.87295876014168,32.216122024692595,161.2299449625425,7981.765217391305
1750615517,1,,Aggregated,19.600000,0.000000,38,40,40,41,43,46,48,49,49,49,49,1094,0,39,40.83269000818725,31.23602399136871,495.779535965994,7962.066727605119
1750615518,1,GET,/,0.000000,0.000000,0,0,0,0,0,0,0,0,0,0,0,1,0,158.03705103462562,158.03705103462562,158.03705103462562,158.03705103462562,10499.0
1750615518,1,GET,/product/0PUK6V6EV0,2.600000,0.000000,38,39,40,40,44,46,48,48,48,48,48,137,0,38,39.23211203774193,32.56910998607054,91.81187598733231,7954.058394160584
1750615518,1,GET,/product/1YMWWN1N4O,2.000000,0.000000,39,40,41,41,42,46,46,46,46,46,46,103,0,38,39.43205333158862,31.5826500300318,86.40436397399753,7979.669902912621
1750615518,1,GET,/product/2ZYFJ3GM2N,3.000000,0.000000,38,40,40,41,42,42,42,42,42,42,42,133,0,39,40.26530774772391,31.23602399136871,170.3719210345298,7976.8421052631575
1750615518,1,GET,/product/66VCHSJNUP,1.500000,0.000000,39,40,41,42,42,48,48,48,48,48,48,99,0,39,47.621494619472124,32.5044869678095,495.779535965994,7939.272727272727
1750615518,1,GET,/product/6E92ZMYYFZ,2.300000,0.000000,39,41,41,41,43,44,44,44,44,44,44,122,0,39,40.41063407060049,31.867644982412457,173.24102099519223,7929.868852459016
1750615518,1,GET,/product/9SIQT8TOJO,1.700000,0.000000,37,38,39,39,47,49,49,49,49,49,49,138,0,39,41.254456311066136,31.79126902250573,170.09381600655615,7980.869565217391
1750615518,1,GET,/product/L9ECAV7KIM,2.100000,0.000000,36,38,43,44,45,46,46,46,46,46,46,126,0,39,39.386347411126486,31.950442993547767,55.95821904717013,7947.507936507936
1750615518,1,GET,/product/LS4PSXUNUM,3.800000,0.000000,37,38,39,40,42,44,49,49,49,49,49,138,0,38,39.75161892172975,31.471989990677685,172.0081259845756,7947.159420289855
1750615518,1,GET,/product/OLJCESPC7Z,1.500000,0.000000,38,39,40,40,40,42,42,42,42,42,42,119,0,38,39.75840473445837,32.216122024692595,161.2299449625425,7982.109243697479
1750615518,1,,Aggregated,20.500000,0.000000,38,39,40,41,42,44,48,49,49,49,49,1116,0,39,40.74105507802464,31.23602399136871,495.779535965994,7962.1756272401435
1750615519,1,GET,/,0.000000,0.000000,0,0,0,0,0,0,0,0,0,0,0,1,0,158.03705103462562,158.03705103462562,158.03705103462562,158.03705103462562,10499.0
1750615519,1,GET,/product/0PUK6V6EV0,2.600000,0.000000,38,39,40,40,44,46,48,48,48,48,48,138,0,38,39.18464228374195,32.56910998607054,91.81187598733231,7954.072463768116
1750615519,1,GET,/product/1YMWWN1N4O,2.000000,0.000000,38,39,40,41,41,42,42,42,42,42,42,104,0,38,39.4140820208122,31.5826500300318,86.40436397399753,7979.403846153846
1750615519,1,GET,/product/2ZYFJ3GM2N,3.000000,0.000000,37,38,40,40,41,42,42,42,42,42,42,137,0,39,40.05623240419833,28.33826298592612,170.3719210345298,7976.58394160584
1750615519,1,GET,/product/66VCHSJNUP,1.500000,0.000000,38,39,40,41,42,48,48,48,48,48,48,104,0,39,47.1328288107403,32.5044869678095,495.779535965994,7939.307692307692
1750615519,1,GET,/product/6E92ZMYYFZ,2.300000,0.000000,39,41,41,41,43,44,44,44,44,44,44,123,0,39,40.39208309458024,31.867644982412457,173.24102099519223,7929.69918699187
1750615519,1,GET,/product/9SIQT8TOJO,1.700000,0.000000,37,39,39,39,47,49,49,49,49,49,49,139,0,39,41.2411557978669,31.79126902250573,170.09381600655615,7980.906474820144
1750615519,1,GET,/product/L9ECAV7KIM,2.100000,0.000000,36,38,38,39,43,46,46,46,46,46,46,128,0,39,39.359570904252905,31.950442993547767,55.95821904717013,7947.140625
1750615519,1,GET,/product/LS4PSXUNUM,3.800000,0.000000,37,38,39,40,42,44,49,49,49,49,49,142,0,38,39.640426234027345,31.471989990677685,172.0081259845756,7947.0
1750615519,1,GET,/product/OLJCESPC7Z,1.500000,0.000000,38,39,40,40,40,43,43,43,43,43,43,121,0,38,39.75269048280383,32.216122024692595,161.2299449625425,7982.305785123967
1750615519,1,,Aggregated,20.500000,0.000000,38,39,40,40,42,44,48,49,49,49,49,1137,0,39,40.66129136146001,28.33826298592612,495.779535965994,7961.974494283201
1750615520,1,GET,/,0.000000,0.000000,0,0,0,0,0,0,0,0,0,0,0,1,0,158.03705103462562,158.03705103462562,158.03705103462562,158.03705103462562,10499.0
1750615520,1,GET,/product/0PUK6V6EV0,2.900000,0.000000,38,39,40,40,44,46,48,48,48,48,48,139,0,38,39.14959082822148,32.56910998607054,91.81187598733231,7954.215827338129
1750615520,1,GET,/product/1YMWWN1N4O,1.400000,0.000000,38,39,40,40,41,42,42,42,42,42,42,107,0,38,39.335474338182294,31.5826500300318,86.40436397399753,7979.2336448598135
1750615520,1,GET,/product/2ZYFJ3GM2N,2.900000,0.000000,36,39,40,40,41,42,42,42,42,42,42,138,0,39,40.06128378534703,28.33826298592612,170.3719210345298,7976.623188405797
1750615520,1,GET,/product/66VCHSJNUP,1.600000,0.000000,38,39,40,41,42,48,48,48,48,48,48,105,0,39,47.028342546296436,32.5044869678095,495.779535965994,7939.1238095238095
1750615520,1,GET,/product/6E92ZMYYFZ,2.500000,0.000000,38,39,40,41,41,43,44,44,44,44,44,125,0,39,40.285825421102345,31.867644982412457,173.24102099519223,7929.864
1750615520,1,GET,/product/9SIQT8TOJO,1.500000,0.000000,37,39,39,42,47,49,49,49,49,49,49,142,0,39,41.14083671806262,31.76911303307861,170.09381600655615,7980.845070422535
1750615520,1,GET,/product/L9ECAV7KIM,2.100000,0.000000,37,38,39,43,43,46,46,46,46,46,46,131,0,39,39.36421918906698,31.950442993547767,55.95821904717013,7947.282442748092
1750615520,1,GET,/product/LS4PSXUNUM,3.700000,0.000000,38,39,40,41,42,44,49,49,49,49,49,145,0,38,39.63134747062777,31.471989990677685,172.0081259845756,7946.820689655173
1750615520,1,GET,/product/OLJCESPC7Z,1.800000,0.000000,38,39,40,40,40,42,43,43,43,43,43,125,0,38,39.73784942785278,32.216122024692595,161.2299449625425,7982.424
1750615520,1,,Aggregated,20.400000,0.000000,38,39,40,40,42,44,48,49,49,49,49,1158,0,38,40.60740529117014,28.33826298592612,495.779535965994,7961.998272884283
1750615521,1,GET,/,0.000000,0.000000,0,0,0,0,0,0,0,0,0,0,0,1,0,158.03705103462562,158.03705103462562,158.03705103462562,158.03705103462562,10499.0
1750615521,1,GET,/product/0PUK6V6EV0,2.600000,0.000000,38,39,40,40,44,46,48,48,48,48,48,142,0,38,39.12394808549565,32.56910998607054,91.81187598733231,7954.267605633803
1750615521,1,GET,/product/1YMWWN1N4O,1.700000,0.000000,38,40,40,41,41,42,42,42,42,42,42,110,0,38,39.314682764763184,31.5826500300318,86.40436397399753,7979.345454545454
1750615521,1,GET,/product/2ZYFJ3GM2N,2.900000,0.000000,36,38,39,40,41,42,42,42,42,42,42,140,0,38,40.01410634539622,28.33826298592612,170.3719210345298,7976.628571428571
1750615521,1,GET,/product/66VCHSJNUP,1.900000,0.000000,38,39,41,41,43,48,48,48,48,48,48,107,0,39,46.92646463849869,32.5044869678095,495.779535965994,7938.560747663551
1750615521,1,GET,/product/6E92ZMYYFZ,2.400000,0.000000,38,39,40,41,41,41,44,44,44,44,44,128,0,39,40.19869806779752,31.867644982412457,173.24102099519223,7929.96875
1750615521,1,GET,/product/9SIQT8TOJO,1.900000,0.000000,37,39,39,39,43,47,47,47,47,47,47,142,0,39,41.14083671806262,31.76911303307861,170.09381600655615,7980.845070422535
1750615521,1,GET,/product/L9ECAV7KIM,1.700000,0.000000,37,38,39,39,39,43,43,43,43,43,43,134,0,39,39.310847356074504,31.950442993547767,55.95821904717013,7947.507462686567
1750615521,1,GET,/product/LS4PSXUNUM,3.700000,0.000000,37,39,39,41,42,44,49,49,49,49,49,147,0,38,39.597550736103514,31.471989990677685,172.0081259845756,7946.9047619047615
1750615521,1,GET,/product/OLJCESPC7Z,1.900000,0.000000,38,39,40,40,40,42,43,43,43,43,43,128,0,38,39.60314637106421,31.863562995567918,161.2299449625425,7982.03125
1750615521,1,,Aggregated,20.700000,0.000000,37,39,40,40,42,43,47,48,49,49,49,1179,0,38,40.54833570316725,28.33826298592612,495.779535965994,7961.8863443596265
1750615522,1,GET,/,0.000000,0.000000,0,0,0,0,0,0,0,0,0,0,0,1,0,158.03705103462562,158.03705103462562,158.03705103462562,158.03705103462562,10499.0
1750615522,1,GET,/product/0PUK6V6EV0,2.600000,0.000000,38,39,40,40,45,46,48,48,48,48,48,148,0,38,39.134288196864134,32.56910998607054,91.81187598733231,7954.459459459459
1750615522,1,GET,/product/1YMWWN1N4O,1.800000,0.000000,40,40,41,41,41,42,42,42,42,42,42,110,0,38,39.314682764763184,31.5826500300318,86.40436397399753,7979.345454545454
1750615522,1,GET,/product/2ZYFJ3GM2N,2.700000,0.000000,36,38,40,41,42,42,42,42,42,42,42,142,0,38,40.010890411049076,28.33826298592612,170.3719210345298,7976.647887323944
1750615522,1,GET,/product/66VCHSJNUP,1.800000,0.000000,38,39,41,41,41,43,43,43,43,43,43,109,0,39,46.76982913104339,32.5044869678095,495.779535965994,7938.844036697248
1750615522,1,GET,/product/6E92ZMYYFZ,2.500000,0.000000,38,39,40,41,41,41,41,41,41,41,41,131,0,39,40.19952302786187,31.867644982412457,173.24102099519223,7929.8091603053435
1750615522,1,GET,/product/9SIQT8TOJO,1.900000,0.000000,37,38,39,39,42,43,43,43,43,43,43,143,0,39,41.12090142622877,31.76911303307861,170.09381600655615,7981.090909090909
1750615522,1,GET,/product/L9ECAV7KIM,1.600000,0.000000,37,39,39,39,43,43,43,43,43,43,43,136,0,39,39.34126268894247,31.950442993547767,55.95821904717013,7947.60294117647
1750615522,1,GET,/product/LS4PSXUNUM,3.600000,0.000000,37,38,39,39,42,44,49,49,49,49,49,149,0,38,39.53460154503321,31.471989990677685,172.0081259845756,7946.932885906041
1750615522,1,GET,/product/OLJCESPC7Z,2.200000,0.000000,38,39,40,40,42,43,48,48,48,48,48,130,0,38,39.655584057954215,31.863562995567918,161.2299449625425,7982.276923076923
1750615522,1,,Aggregated,20.700000,0.000000,37,39,40,40,42,43,46,48,49,49,49,1199,0,38,40.53102946287569,28.33826298592612,495.779535965994,7961.859049207673
1750615523,1,GET,/,0.000000,0.000000,0,0,0,0,0,0,0,0,0,0,0,1,0,158.03705103462562,158.03705103462562,158.03705103462562,158.03705103462562,10499.0
1750615523,1,GET,/product/0PUK6V6EV0,2.600000,0.000000,38,39,40,40,42,45,46,46,46,46,46,154,0,38,39.09419024780441,32.56910998607054,91.81187598733231,7954.090909090909
1750615523,1,GET,/product/1YMWWN1N4O,1.900000,0.000000,38,40,40,40,41,41,41,41,41,41,41,113,0,38,39.275170027266,31.5826500300318,86.40436397399753,7979.557522123894
1750615523,1,GET,/product/2ZYFJ3GM2N,2.500000,0.000000,37,39,40,40,42,42,42,42,42,42,42,144,0,39,40.00303744679614,28.33826298592612,170.3719210345298,7976.416666666667
1750615523,1,GET,/product/66VCHSJNUP,1.700000,0.000000,38,40,41,41,43,44,44,44,44,44,44,111,0,39,46.68578057002427,32.5044869678095,495.779535965994,7938.846846846847
1750615523,1,GET,/product/6E92ZMYYFZ,2.500000,0.000000,38,38,40,41,41,41,41,41,41,41,41,133,0,39,40.160260786463446,31.867644982412457,173.24102099519223,7929.932330827068
1750615523,1,GET,/product/9SIQT8TOJO,1.900000,0.000000,37,38,39,39,42,43,43,43,43,43,43,143,0,39,41.12090142622877,31.76911303307861,170.09381600655615,7981.090909090909
1750615523,1,GET,/product/L9ECAV7KIM,1.800000,0.000000,38,38,39,39,43,43,43,43,43,43,43,139,0,39,39.290308716988335,31.950442993547767,55.95821904717013,7947.021582733813
1750615523,1,GET,/product/LS4PSXUNUM,3.400000,0.000000,37,38,39,39,41,42,42,42,42,42,42,152,0,38,39.50914489580196,31.471989990677685,172.0081259845756,7947.039473684211
1750615523,1,GET,/product/OLJCESPC7Z,2.400000,0.000000,38,39,40,40,42,43,48,48,48,48,48,130,0,38,39.655584057954215,31.863562995567918,161.2299449625425,7982.276923076923
1750615523,1,,Aggregated,20.700000,0.000000,38,39,40,40,41,43,44,46,48,48,48,1220,0,38,40.494072171964405,28.33826298592612,495.779535965994,7961.634426229508
1750615524,1,GET,/,0.000000,0.000000,0,0,0,0,0,0,0,0,0,0,0,1,0,158.03705103462562,158.03705103462562,158.03705103462562,158.03705103462562,10499.0
1750615524,1,GET,/product/0PUK6V6EV0,2.900000,0.000000,38,39,40,40,42,45,46,46,46,46,46,155,0,38,39.08352349141252,32.56910998607054,91.81187598733231,7954.206451612903
1750615524,1,GET,/product/1YMWWN1N4O,1.900000,0.000000,38,38,40,40,40,41,41,41,41,41,41,113,0,38,39.275170027266,31.5826500300318,86.40436397399753,7979.557522123894
1750615524,1,GET,/product/2ZYFJ3GM2N,2.500000,0.000000,37,39,40,40,41,42,42,42,42,42,42,147,0,39,39.96850490699946,28.33826298592612,170.3719210345298,7976.4625850340135
1750615524,1,GET,/product/66VCHSJNUP,1.800000,0.000000,38,40,41,42,44,47,47,47,47,47,47,115,0,39,46.445765098273434,32.5044869678095,495.779535965994,7939.565217391304
1750615524,1,GET,/product/6E92ZMYYFZ,2.500000,0.000000,38,39,41,41,41,41,41,41,41,41,41,134,0,39,40.10632187744894,31.867644982412457,173.24102099519223,7930.104477611941
1750615524,1,GET,/product/9SIQT8TOJO,1.800000,0.000000,38,39,39,39,42,43,43,43,43,43,43,147,0,39,41.03587238754773,31.76911303307861,170.09381600655615,7980.938775510204
1750615524,1,GET,/product/L9ECAV7KIM,1.700000,0.000000,38,38,39,39,43,43,43,43,43,43,43,139,0,39,39.290308716988335,31.950442993547767,55.95821904717013,7947.021582733813
1750615524,1,GET,/product/LS4PSXUNUM,3.200000,0.000000,37,38,39,39,40,41,42,42,42,42,42,155,0,38,39.49238633691904,31.471989990677685,172.0081259845756,7946.974193548387
1750615524,1,GET,/product/OLJCESPC7Z,2.400000,0.000000,38,39,40,40,42,43,48,48,48,48,48,134,0,38,39.618238974397364,31.863562995567918,161.2299449625425,7982.298507462687
1750615524,1,,Aggregated,20.700000,0.000000,38,39,40,40,42,43,45,47,48,48,48,1240,0,38,40.45866758219012,28.33826298592612,495.779535965994,7961.740322580645
1750615525,1,GET,/,0.000000,0.000000,0,0,0,0,0,0,0,0,0,0,0,1,0,158.03705103462562,158.03705103462562,158.03705103462562,158.03705103462562,10499.0
1750615525,1,GET,/product/0PUK6V6EV0,3.500000,0.000000,38,39,40,41,43,43,45,45,45,45,45,156,0,38,39.11060550718759,32.56910998607054,91.81187598733231,7954.153846153846
1750615525,1,GET,/product/1YMWWN1N4O,1.900000,0.000000,38,38,40,40,40,41,41,41,41,41,41,113,0,38,39.275170027266,31.5826500300318,86.40436397399753,7979.557522123894
1750615525,1,GET,/product/2ZYFJ3GM2N,2.500000,0.000000,38,39,40,41,42,42,43,43,43,43,43,150,0,39,39.99120644875802,28.33826298592612,170.3719210345298,7976.413333333333
1750615525,1,GET,/product/66VCHSJNUP,1.800000,0.000000,38,40,41,42,44,47,47,47,47,47,47,117,0,39,46.2435984901455,32.5044869678095,495.779535965994,7939.401709401709
1750615525,1,GET,/product/6E92ZMYYFZ,2.300000,0.000000,38,38,40,41,41,41,41,41,41,41,41,139,0,38,40.00459653710638,31.867644982412457,173.24102099519223,7929.201438848921
1750615525,1,GET,/product/9SIQT8TOJO,1.600000,0.000000,38,39,39,40,42,43,43,43,43,43,43,148,0,39,41.02688799989787,31.76911303307861,170.09381600655615,7981.148648648648
1750615525,1,GET,/product/L9ECAV7KIM,1.700000,0.000000,38,38,39,40,43,43,43,43,43,43,43,143,0,39,39.26448317218598,31.950442993547767,55.95821904717013,7946.937062937063
1750615525,1,GET,/product/LS4PSXUNUM,3.100000,0.000000,37,38,39,40,41,41,42,42,42,42,42,159,0,38,39.41905266808861,31.471989990677685,172.0081259845756,7947.264150943396
1750615525,1,GET,/product/OLJCESPC7Z,2.400000,0.000000,38,39,39,40,42,43,48,48,48,48,48,135,0,38,39.57543281139806,31.863562995567918,161.2299449625425,7982.259259259259
1750615525,1,,Aggregated,20.800000,0.000000,38,39,40,40,42,43,44,47,48,48,48,1261,0,38,40.41579694998237,28.33826298592612,495.779535965994,7961.467089611419
1750615526,1,GET,/,0.000000,0.000000,0,0,0,0,0,0,0,0,0,0,0,1,0,158.03705103462562,158.03705103462562,158.03705103462562,158.03705103462562,10499.0
1750615526,1,GET,/product/0PUK6V6EV0,3.200000,0.000000,37,38,39,41,43,43,45,45,45,45,45,158,0,38,39.081004867845955,32.56910998607054,91.81187598733231,7953.873417721519
1750615526,1,GET,/product/1YMWWN1N4O,1.700000,0.000000,38,38,40,40,40,41,41,41,41,41,41,116,0,38,39.202192526286595,31.5826500300318,86.40436397399753,7979.3448275862065
1750615526,1,GET,/product/2ZYFJ3GM2N,2.600000,0.000000,37,39,40,41,42,42,43,43,43,43,43,152,0,38,39.92436159406727,28.33826298592612,170.3719210345298,7976.6578947368425
1750615526,1,GET,/product/66VCHSJNUP,1.900000,0.000000,38,40,41,42,44,47,47,47,47,47,47,117,0,39,46.2435984901455,32.5044869678095,495.779535965994,7939.401709401709
1750615526,1,GET,/product/6E92ZMYYFZ,2.100000,0.000000,37,38,38,39,41,41,41,41,41,41,41,140,0,38,39.98032385466753,31.867644982412457,173.24102099519223,7929.385714285714
1750615526,1,GET,/product/9SIQT8TOJO,1.600000,0.000000,37,39,40,42,42,44,44,44,44,44,44,153,0,39,40.94452234639427,31.76911303307861,170.09381600655615,7981.24183006536
1750615526,1,GET,/product/L9ECAV7KIM,1.700000,0.000000,38,38,39,40,43,43,43,43,43,43,43,148,0,38,39.189591950727504,31.950442993547767,55.95821904717013,7947.22972972973
1750615526,1,GET,/product/LS4PSXUNUM,3.200000,0.000000,37,38,40,40,41,41,42,42,42,42,42,162,0,38,39.404852865163214,31.471989990677685,172.0081259845756,7947.444444444444
1750615526,1,GET,/product/OLJCESPC7Z,2.700000,0.000000,38,39,40,40,43,48,48,48,48,48,48,135,0,38,39.57543281139806,31.863562995567918,161.2299449625425,7982.259259259259
1750615526,1,,Aggregated,20.700000,0.000000,37,38,40,40,42,43,44,47,48,48,48,1282,0,38,40.36457145078269,28.33826298592612,495.779535965994,7961.546021840873
1750615527,1,GET,/,0.000000,0.000000,0,0,0,0,0,0,0,0,0,0,0,1,0,158.03705103462562,158.03705103462562,158.03705103462562,158.03705103462562,10499.0
1750615527,1,GET,/product/0PUK6V6EV0,3.200000,0.000000,38,38,41,42,43,43,45,45,45,45,45,159,0,38,39.10252166752346,32.56910998607054,91.81187598733231,7954.075471698113
1750615527,1,GET,/product/1YMWWN1N4O,1.500000,0.000000,38,40,40,41,41,41,41,41,41,41,41,118,0,38,39.23235564409771,31.5826500300318,86.40436397399753,7979.050847457627
1750615527,1,GET,/product/2ZYFJ3GM2N,2.500000,0.000000,37,40,41,41,42,43,46,46,46,46,46,156,0,38,39.92352191842376,28.33826298592612,170.3719210345298,7976.217948717948
1750615527,1,GET,/product/66VCHSJNUP,2.000000,0.000000,37,39,41,41,43,44,47,47,47,47,47,120,0,39,45.965231894418444,32.5044869678095,495.779535965994,7939.883333333333
1750615527,1,GET,/product/6E92ZMYYFZ,2.500000,0.000000,38,38,38,39,41,41,41,41,41,41,41,140,0,38,39.98032385466753,31.867644982412457,173.24102099519223,7929.385714285714
1750615527,1,GET,/product/9SIQT8TOJO,1.700000,0.000000,38,39,40,42,42,44,44,44,44,44,44,155,0,39,40.89136501293509,31.76911303307861,170.09381600655615,7980.877419354839
1750615527,1,GET,/product/L9ECAV7KIM,2.100000,0.000000,38,39,40,40,43,43,43,43,43,43,43,151,0,39,39.21077663382663,31.950442993547767,55.95821904717013,7947.523178807947
1750615527,1,GET,/product/LS4PSXUNUM,2.800000,0.000000,37,39,40,40,41,42,46,46,46,46,46,165,0,38,39.43252511019113,31.471989990677685,172.0081259845756,7947.4
1750615527,1,GET,/product/OLJCESPC7Z,2.400000,0.000000,38,39,40,40,43,48,48,48,48,48,48,137,0,38,39.555982427406434,31.863562995567918,161.2299449625425,7982.284671532847
1750615527,1,,Aggregated,20.700000,0.000000,38,39,40,41,42,43,46,47,48,48,48,1302,0,38,40.34594749069212,28.33826298592612,495.779535965994,7961.536866359447
1750615528,1,GET,/,0.000000,0.000000,0,0,0,0,0,0,0,0,0,0,0,1,0,158.03705103462562,158.03705103462562,158.03705103462562,158.03705103462562,10499.0
1750615528,1,GET,/product/0PUK6V6EV0,3.000000,0.000000,38,38,41,42,43,43,45,45,45,45,45,159,0,38,39.10252166752346,32.56910998607054,91.81187598733231,7954.075471698113
1750615528,1,GET,/product/1YMWWN1N4O,1.600000,0.000000,38,40,40,41,41,41,41,41,41,41,41,121,0,38,39.18092909907876,31.5826500300318,86.40436397399753,7978.975206611571
1750615528,1,GET,/product/2ZYFJ3GM2N,2.400000,0.000000,38,40,41,41,42,43,46,46,46,46,46,160,0,38,39.844673726474866,28.33826298592612,170.3719210345298,7976.2625
1750615528,1,GET,/product/66VCHSJNUP,1.900000,0.000000,36,41,41,42,44,47,47,47,47,47,47,121,0,39,45.86115985394894,32.5044869678095,495.779535965994,7940.099173553719
1750615528,1,GET,/product/6E92ZMYYFZ,2.200000,0.000000,37,38,39,41,41,41,42,42,42,42,42,144,0,38,39.95947702545285,31.867644982412457,173.24102099519223,7929.458333333333
1750615528,1,GET,/product/9SIQT8TOJO,1.800000,0.000000,39,40,42,42,43,44,44,44,44,44,44,157,0,39,40.906646248519685,31.76911303307861,170.09381600655615,7980.904458598726
1750615528,1,GET,/product/L9ECAV7KIM,2.500000,0.000000,38,39,40,40,43,43,43,43,43,43,43,153,0,39,39.14825418801199,31.950442993547767,55.95821904717013,7947.581699346405
1750615528,1,GET,/product/LS4PSXUNUM,2.800000,0.000000,38,40,40,41,41,42,46,46,46,46,46,167,0,38,39.413426683457224,31.471989990677685,172.0081259845756,7947.22754491018
1750615528,1,GET,/product/OLJCESPC7Z,2.500000,0.000000,38,39,40,42,45,48,48,48,48,48,48,140,0,38,39.60651500383392,31.863562995567918,161.2299449625425,7982.328571428571
1750615528,1,,Aggregated,20.700000,0.000000,38,39,40,41,42,43,46,47,48,48,48,1323,0,38,40.31271651991378,28.33826298592612,495.779535965994,7961.5600907029475
1750615529,1,GET,/,0.000000,0.000000,0,0,0,0,0,0,0,0,0,0,0,1,0,158.03705103462562,158.03705103462562,158.03705103462562,158.03705103462562,10499.0
1750615529,1,GET,/product/0PUK6V6EV0,2.600000,0.000000,38,40,42,42,43,43,45,45,45,45,45,161,0,38,39.12456087682755,32.56910998607054,91.81187598733231,7954.248447204969
1750615529,1,GET,/product/1YMWWN1N4O,1.700000,0.000000,40,41,41,41,48,92,92,92,92,92,92,124,0,38,39.687047943927254,31.5826500300318,92.19323302386329,7978.822580645161
1750615529,1,GET,/product/2ZYFJ3GM2N,2.600000,0.000000,38,39,40,41,42,43,46,46,46,46,46,161,0,38,39.836188274658404,28.33826298592612,170.3719210345298,7976.273291925466
1750615529,1,GET,/product/66VCHSJNUP,2.100000,0.000000,39,40,41,42,44,47,47,47,47,47,47,123,0,39,45.75045140908758,32.5044869678095,495.779535965994,7939.886178861789
1750615529,1,GET,/product/6E92ZMYYFZ,1.900000,0.000000,38,38,41,41,41,42,42,42,42,42,42,145,0,38,39.92298714262594,31.867644982412457,173.24102099519223,7929.5931034482755
1750615529,1,GET,/product/9SIQT8TOJO,2.000000,0.000000,39,40,42,42,42,43,44,44,44,44,44,160,0,39,40.859720787921106,31.76911303307861,170.09381600655615,7980.8875
1750615529,1,GET,/product/L9ECAV7KIM,2.700000,0.000000,38,39,40,40,42,43,43,43,43,43,43,156,0,39,39.13568299209986,31.950442993547767,55.95821904717013,7947.807692307692
1750615529,1,GET,/product/LS4PSXUNUM,2.900000,0.000000,38,39,40,40,41,41,46,46,46,46,46,168,0,38,39.39821098313024,31.471989990677685,172.0081259845756,7947.142857142857
1750615529,1,GET,/product/OLJCESPC7Z,2.200000,0.000000,38,39,40,42,45,48,48,48,48,48,48,143,0,38,39.579657486467326,31.863562995567918,161.2299449625425,7982.426573426574
1750615529,1,,Aggregated,20.700000,0.000000,38,39,41,41,43,44,47,48,92,92,92,1342,0,38,40.33499449108423,28.33826298592612,495.779535965994,7961.617734724292
1750615530,1,GET,/,0.000000,0.000000,0,0,0,0,0,0,0,0,0,0,0,1,0,158.03705103462562,158.03705103462562,158.03705103462562,158.03705103462562,10499.0
1750615530,1,GET,/product/0PUK6V6EV0,2.200000,0.000000,38,40,42,42,43,43,45,45,45,45,45,163,0,38,39.104322878218206,32.56910998607054,91.81187598733231,7954.049079754601
1750615530,1,GET,/product/1YMWWN1N4O,1.800000,0.000000,38,40,41,41,48,92,92,92,92,92,92,126,0,38,39.64162490511727,31.5826500300318,92.19323302386329,7978.809523809524
1750615530,1,GET,/product/2ZYFJ3GM2N,2.600000,0.000000,38,39,41,41,42,43,46,46,46,46,46,164,0,38,39.81122060497178,28.33826298592612,170.3719210345298,7975.695121951219
1750615530,1,GET,/product/66VCHSJNUP,2.200000,0.000000,36,39,40,41,44,47,47,47,47,47,47,124,0,39,45.644590801056175,32.5044869678095,495.779535965994,7939.790322580645
1750615530,1,GET,/product/6E92ZMYYFZ,2.200000,0.000000,38,38,41,41,42,42,42,42,42,42,42,147,0,38,39.889232426181714,31.867644982412457,173.24102099519223,7929.625850340136
1750615530,1,GET,/product/9SIQT8TOJO,1.900000,0.000000,39,40,42,42,43,44,44,44,44,44,44,162,0,39,40.81694700684755,31.76911303307861,170.09381600655615,7981.0
1750615530,1,GET,/product/L9ECAV7KIM,2.800000,0.000000,38,39,40,40,42,43,43,43,43,43,43,161,0,39,39.103658874562555,31.950442993547767,55.95821904717013,7947.627329192546
1750615530,1,GET,/product/LS4PSXUNUM,2.900000,0.000000,38,39,40,40,41,44,46,46,46,46,46,170,0,38,39.404054659911814,31.471989990677685,172.0081259845756,7947.15294117647
1750615530,1,GET,/product/OLJCESPC7Z,2.100000,0.000000,38,39,40,42,45,48,48,48,48,48,48,145,0,38,39.49401692109953,30.94358800444752,161.2299449625425,7982.696551724138
1750615530,1,,Aggregated,20.700000,0.000000,38,39,40,41,43,44,47,48,92,92,92,1363,0,38,40.288282658167525,28.33826298592612,495.779535965994,7961.510638297872
1750615531,1,GET,/,0.000000,0.000000,0,0,0,0,0,0,0,0,0,0,0,1,0,158.03705103462562,158.03705103462562,158.03705103462562,158.03705103462562,10499.0
1750615531,1,GET,/product/0PUK6V6EV0,2.300000,0.000000,38,40,42,42,43,51,51,51,51,51,51,166,0,38,39.109306765863316,32.56910998607054,91.81187598733231,7954.325301204819
1750615531,1,GET,/product/1YMWWN1N4O,2.000000,0.000000,38,40,41,41,48,92,92,92,92,92,92,126,0,38,39.64162490511727,31.5826500300318,92.19323302386329,7978.809523809524
1750615531,1,GET,/product/2ZYFJ3GM2N,2.400000,0.000000,37,39,40,41,42,43,46,46,46,46,46,167,0,38,39.71466752853869,28.33826298592612,170.3719210345298,7975.880239520958
1750615531,1,GET,/product/66VCHSJNUP,1.900000,0.000000,36,37,39,40,44,47,47,47,47,47,47,127,0,39,45.37616143604433,32.5044869678095,495.779535965994,7939.48031496063
1750615531,1,GET,/product/6E92ZMYYFZ,2.200000,0.000000,37,38,39,40,42,42,42,42,42,42,42,150,0,38,39.84204472430671,31.867644982412457,173.24102099519223,7929.493333333333
1750615531,1,GET,/product/9SIQT8TOJO,2.100000,0.000000,39,40,42,42,42,43,44,44,44,44,44,165,0,39,40.756048813151814,31.76911303307861,170.09381600655615,7981.296969696969
1750615531,1,GET,/product/L9ECAV7KIM,2.800000,0.000000,37,38,39,40,41,42,43,43,43,43,43,164,0,38,39.04482091971526,31.950442993547767,55.95821904717013,7947.768292682927
1750615531,1,GET,/product/LS4PSXUNUM,2.600000,0.000000,38,40,40,40,41,44,46,46,46,46,46,171,0,38,39.39888066181924,31.471989990677685,172.0081259845756,7947.011695906433
1750615531,1,GET,/product/OLJCESPC7Z,2.100000,0.000000,37,39,40,42,45,48,48,48,48,48,48,147,0,38,39.460082194327576,30.94358800444752,161.2299449625425,7982.455782312925
1750615531,1,,Aggregated,20.400000,0.000000,38,39,40,41,42,44,47,51,92,92,92,1384,0,38,40.232944191649494,28.33826298592612,495.779535965994,7961.463150289017
1750615532,1,GET,/,0.000000,0.000000,0,0,0,0,0,0,0,0,0,0,0,1,0,158.03705103462562,158.03705103462562,158.03705103462562,158.03705103462562,10499.0
1750615532,1,GET,/product/0PUK6V6EV0,2.400000,0.000000,38,40,42,43,43,51,51,51,51,51,51,167,0,38,39.10304072506804,32.56910998607054,91.81187598733231,7954.479041916167
1750615532,1,GET,/product/1YMWWN1N4O,1.900000,0.000000,38,40,41,41,43,48,92,92,92,92,92,132,0,38,39.59638661410391,31.5826500300318,92.19323302386329,7978.909090909091
1750615532,1,GET,/product/2ZYFJ3GM2N,2.600000,0.000000,37,38,40,41,42,43,46,46,46,46,46,168,0,38,39.70457664434521,28.33826298592612,170.3719210345298,7975.976190476191
1750615532,1,GET,/product/66VCHSJNUP,1.900000,0.000000,36,37,39,39,42,47,47,47,47,47,47,129,0,39,45.295406297632574,32.5044869678095,495.779535965994,7939.441860465116
1750615532,1,GET,/product/6E92ZMYYFZ,2.200000,0.000000,37,38,38,40,41,42,42,42,42,42,42,155,0,38,39.72149590150483,31.867644982412457,173.24102099519223,7929.438709677419
1750615532,1,GET,/product/9SIQT8TOJO,2.000000,0.000000,39,40,42,42,42,43,44,44,44,44,44,165,0,39,40.756048813151814,31.76911303307861,170.09381600655615,7981.296969696969
1750615532,1,GET,/product/L9ECAV7KIM,2.900000,0.000000,37,38,39,40,41,42,43,43,43,43,43,167,0,38,39.0350319093796,31.950442993547767,55.95821904717013,7947.820359281437
1750615532,1,GET,/product/LS4PSXUNUM,2.500000,0.000000,38,40,40,41,41,44,46,46,46,46,46,174,0,38,39.38689099520381,31.471989990677685,172.0081259845756,7946.931034482759
1750615532,1,GET,/product/OLJCESPC7Z,2.000000,0.000000,37,39,39,40,43,45,45,45,45,45,45,147,0,38,39.460082194327576,30.94358800444752,161.2299449625425,7982.455782312925
1750615532,1,,Aggregated,20.400000,0.000000,37,39,40,41,42,43,47,51,92,92,92,1405,0,38,40.20129931482463,28.33826298592612,495.779535965994,7961.362989323843
1750615533,1,GET,/,0.000000,0.000000,0,0,0,0,0,0,0,0,0,0,0,1,0,158.03705103462562,158.03705103462562,158.03705103462562,158.03705103462562,10499.0
1750615533,1,GET,/product/0PUK6V6EV0,2.400000,0.000000,38,40,42,43,43,51,51,51,51,51,51,168,0,38,39.09137997072234,32.56910998607054,91.81187598733231,7954.273809523809
1750615533,1,GET,/product/1YMWWN1N4O,1.600000,0.000000,38,40,41,41,43,48,92,92,92,92,92,136,0,38,39.54554427250781,31.5826500300318,92.19323302386329,7978.60294117647
1750615533,1,GET,/product/2ZYFJ3GM2N,2.700000,0.000000,37,38,39,40,42,43,46,46,46,46,46,170,0,38,39.68841718982303,28.33826298592612,170.3719210345298,7975.941176470588
1750615533,1,GET,/product/66VCHSJNUP,1.900000,0.000000,35,36,38,39,39,42,42,42,42,42,42,130,0,39,45.21567174905123,32.5044869678095,495.779535965994,7939.692307692308
1750615533,1,GET,/product/6E92ZMYYFZ,2.200000,0.000000,37,38,39,40,41,42,42,42,42,42,42,158,0,38,39.67668833999446,31.867644982412457,173.24102099519223,7929.405063291139
1750615533,1,GET,/product/9SIQT8TOJO,2.300000,0.000000,39,40,42,42,43,44,44,44,44,44,44,166,0,39,40.73374210337895,31.76911303307861,170.09381600655615,7981.120481927711
1750615533,1,GET,/product/L9ECAV7KIM,3.000000,0.000000,37,39,40,41,42,45,170,170,170,170,170,171,0,38,39.831458022804355,31.950442993547767,173.89487999025732,7947.941520467836
1750615533,1,GET,/product/LS4PSXUNUM,2.500000,0.000000,39,40,41,41,44,46,47,47,47,47,47,176,0,38,39.419766983800486,31.471989990677685,172.0081259845756,7946.965909090909
1750615533,1,GET,/product/OLJCESPC7Z,1.900000,0.000000,37,39,39,40,43,45,45,45,45,45,45,147,0,38,39.460082194327576,30.94358800444752,161.2299449625425,7982.455782312925
1750615533,1,,Aggregated,20.500000,0.000000,37,39,40,41,42,44,48,92,170,170,170,1423,0,38,40.273407939085196,28.33826298592612,495.779535965994,7961.260716795502
1750615534,1,GET,/,0.000000,0.000000,0,0,0,0,0,0,0,0,0,0,0,1,0,158.03705103462562,158.03705103462562,158.03705103462562,158.03705103462562,10499.0
1750615534,1,GET,/product/0PUK6V6EV0,1.900000,0.000000,38,38,42,42,43,51,51,51,51,51,51,168,0,38,39.09137997072234,32.56910998607054,91.81187598733231,7954.273809523809
1750615534,1,GET,/product/1YMWWN1N4O,2.100000,0.000000,38,40,41,41,43,48,92,92,92,92,92,139,0,38,39.521558734122664,31.5826500300318,92.19323302386329,7978.762589928057
1750615534,1,GET,/product/2ZYFJ3GM2N,2.600000,0.000000,37,38,38,39,40,41,46,46,46,46,46,171,0,38,39.664593358437,28.33826298592612,170.3719210345298,7976.046783625731
1750615534,1,GET,/product/66VCHSJNUP,2.000000,0.000000,35,37,38,39,42,55,55,55,55,55,55,132,0,39,45.227211290638834,32.5044869678095,495.779535965994,7940.030303030303
1750615534,1,GET,/product/6E92ZMYYFZ,2.500000,0.000000,37,39,40,40,42,42,47,47,47,47,47,161,0,38,39.7094561413266,31.867644982412457,173.24102099519223,7929.583850931677
1750615534,1,GET,/product/9SIQT8TOJO,2.200000,0.000000,39,39,41,42,42,43,44,44,44,44,44,169,0,39,40.66561266384501,31.76911303307861,170.09381600655615,7981.05325443787
1750615534,1,GET,/product/L9ECAV7KIM,3.100000,0.000000,37,39,40,41,42,45,170,170,170,170,170,174,0,38,39.79693006873987,31.950442993547767,173.89487999025732,7947.689655172414
1750615534,1,GET,/product/LS4PSXUNUM,2.500000,0.000000,39,40,41,41,46,47,47,47,47,47,47,178,0,38,39.405481456229566,31.471989990677685,172.0081259845756,7947.0
1750615534,1,GET,/product/OLJCESPC7Z,1.700000,0.000000,37,37,40,40,43,45,45,45,45,45,45,150,0,38,39.42052507035745,30.94358800444752,161.2299449625425,7982.466666666666
1750615534,1,,Aggregated,20.600000,0.000000,37,39,40,41,42,45,51,92,170,170,170,1443,0,38,40.2558240994336,28.33826298592612,495.779535965994,7961.294525294526
1750615535,1,GET,/,0.000000,0.000000,0,0,0,0,0,0,0,0,0,0,0,1,0,158.03705103462562,158.03705103462562,158.03705103462562,158.03705103462562,10499.0
1750615535,1,GET,/product/0PUK6V6EV0,1.400000,0.000000,38,40,41,42,43,51,51,51,51,51,51,171,0,38,39.06787355016503,32.56910998607054,91.81187598733231,7954.549707602339
1750615535,1,GET,/product/1YMWWN1N4O,2.100000,0.000000,39,40,41,41,43,48,92,92,92,92,92,141,0,38,39.48135703557719,31.5826500300318,92.19323302386329,7978.63829787234
1750615535,1,GET,/product/2ZYFJ3GM2N,2.600000,0.000000,37,38,38,39,40,41,46,46,46,46,46,173,0,38,39.58871828478282,28.33826298592612,170.3719210345298,7975.872832369942
1750615535,1,GET,/product/66VCHSJNUP,1.900000,0.000000,37,38,39,39,42,55,55,55,55,55,55,135,0,39,45.077585920915695,32.5044869678095,495.779535965994,7940.118518518519
1750615535,1,GET,/product/6E92ZMYYFZ,2.500000,0.000000,37,39,40,40,42,42,47,47,47,47,47,162,0,38,39.69304520819325,31.867644982412457,173.24102099519223,7929.518518518518
1750615535,1,GET,/product/9SIQT8TOJO,2.300000,0.000000,39,39,40,41,42,43,43,43,43,43,43,172,0,39,40.592870954897926,31.76911303307861,170.09381600655615,7981.46511627907
1750615535,1,GET,/product/L9ECAV7KIM,3.200000,0.000000,38,40,41,41,42,45,170,170,170,170,170,177,0,38,39.78983879629996,31.950442993547767,173.89487999025732,7947.728813559322
1750615535,1,GET,/product/LS4PSXUNUM,2.500000,0.000000,37,40,41,41,46,47,47,47,47,47,47,181,0,38,39.35386258652125,31.471989990677685,172.0081259845756,7946.834254143647
1750615535,1,GET,/product/OLJCESPC7Z,1.700000,0.000000,37,37,40,40,43,45,45,45,45,45,45,151,0,38,39.39324870569915,30.94358800444752,161.2299449625425,7982.483443708609
1750615535,1,,Aggregated,20.200000,0.000000,37,39,40,41,42,45,51,92,170,170,170,1464,0,38,40.20923183767489,28.33826298592612,495.779535965994,7961.291666666667
1750615536,1,GET,/,0.000000,0.000000,0,0,0,0,0,0,0,0,0,0,0,1,0,158.03705103462562,158.03705103462562,158.03705103462562,158.03705103462562,10499.0
1750615536,1,GET,/product/0PUK6V6EV0,1.300000,0.000000,38,40,42,42,43,51,51,51,51,51,51,173,0,38,39.06185613309889,32.56910998607054,91.81187598733231,7954.739884393063
1750615536,1,GET,/product/1YMWWN1N4O,2.600000,0.000000,38,40,40,41,43,48,92,92,92,92,92,143,0,38,39.42023069960866,31.5826500300318,92.19323302386329,7978.671328671328
1750615536,1,GET,/product/2ZYFJ3GM2N,2.300000,0.000000,37,38,39,39,41,43,43,43,43,43,43,175,0,38,39.605987624464824,28.33826298592612,170.3719210345298,7975.897142857143
1750615536,1,GET,/product/66VCHSJNUP,1.700000,0.000000,36,39,39,39,42,55,55,55,55,55,55,137,0,39,44.916612673958724,31.779574987012893,495.779535965994,7939.970802919708
1750615536,1,GET,/product/6E92ZMYYFZ,2.700000,0.000000,37,38,40,40,42,42,47,47,47,47,47,164,0,38,39.63710873589351,31.867644982412457,173.24102099519223,7929.231707317073
1750615536,1,GET,/product/9SIQT8TOJO,2.200000,0.000000,37,39,40,41,42,42,43,43,43,43,43,177,0,39,40.47962677491418,31.76911303307861,170.09381600655615,7981.2316384180795
1750615536,1,GET,/product/L9ECAV7KIM,3.500000,0.000000,37,39,41,41,44,45,170,170,170,170,170,180,0,38,39.77981972178289,31.950442993547767,173.89487999025732,7947.866666666667
1750615536,1,GET,/product/LS4PSXUNUM,2.300000,0.000000,37,40,40,41,44,47,47,47,47,47,47,182,0,38,39.33134816579295,31.471989990677685,172.0081259845756,7946.89010989011
1750615536,1,GET,/product/OLJCESPC7Z,1.600000,0.000000,37,37,39,39,43,45,45,45,45,45,45,153,0,38,39.33025402963478,30.94358800444752,161.2299449625425,7982.568627450981
1750615536,1,,Aggregated,20.200000,0.000000,37,39,40,41,42,44,51,92,170,170,170,1485,0,38,40.16096732470988,28.33826298592612,495.779535965994,7961.30101010101
1750615537,1,GET,/,0.000000,0.000000,0,0,0,0,0,0,0,0,0,0,0,1,0,158.03705103462562,158.03705103462562,158.03705103462562,158.03705103462562,10499.0
1750615537,1,GET,/product/0PUK6V6EV0,1.500000,0.000000,38,40,42,42,42,51,51,51,51,51,51,174,0,38,39.07635554051744,32.56910998607054,91.81187598733231,7954.816091954023
1750615537,1,GET,/product/1YMWWN1N4O,2.800000,0.000000,38,40,41,41,44,48,92,92,92,92,92,144,0,38,39.45134045150351,31.5826500300318,92.19323302386329,7978.583333333333
1750615537,1,GET,/product/2ZYFJ3GM2N,2.300000,0.000000,37,38,39,39,41,43,43,43,43,43,43,175,0,38,39.605987624464824,28.33826298592612,170.3719210345298,7975.897142857143
1750615537,1,GET,/product/66VCHSJNUP,1.800000,0.000000,37,39,39,39,42,55,55,55,55,55,55,137,0,39,44.916612673958724,31.779574987012893,495.779535965994,7939.970802919708
1750615537,1,GET,/product/6E92ZMYYFZ,2.300000,0.000000,37,39,40,40,42,47,47,47,47,47,47,168,0,38,39.66231874801451,31.867644982412457,173.24102099519223,7929.619047619048
1750615537,1,GET,/product/9SIQT8TOJO,2.400000,0.000000,38,39,42,42,43,45,53,53,53,53,53,180,0,39,40.590250378914384,31.76911303307861,170.09381600655615,7980.933333333333
1750615537,1,GET,/product/L9ECAV7KIM,3.300000,0.000000,38,39,41,41,44,45,170,170,170,170,170,183,0,38,39.754695009982186,31.950442993547767,173.89487999025732,7947.628415300546
1750615537,1,GET,/product/LS4PSXUNUM,2.200000,0.000000,37,39,40,40,44,47,47,47,47,47,47,187,0,38,39.28287469073483,31.471989990677685,172.0081259845756,7946.871657754011
1750615537,1,GET,/product/OLJCESPC7Z,1.700000,0.000000,36,37,37,37,39,42,42,42,42,42,42,156,0,38,39.260207977629484,30.94358800444752,161.2299449625425,7982.384615384615
1750615537,1,,Aggregated,20.300000,0.000000,37,39,40,41,42,45,53,92,170,170,170,1505,0,38,40.158175101056635,28.33826298592612,495.779535965994,7961.188039867109
1750615538,1,GET,/,0.000000,0.000000,0,0,0,0,0,0,0,0,0,0,0,1,0,158.03705103462562,158.03705103462562,158.03705103462562,158.03705103462562,10499.0
1750615538,1,GET,/product/0PUK6V6EV0,1.500000,0.000000,37,38,41,42,42,51,51,51,51,51,51,176,0,38,39.047683040156365,32.56910998607054,91.81187598733231,7955.022727272727
1750615538,1,GET,/product/1YMWWN1N4O,2.700000,0.000000,38,40,40,41,42,43,44,44,44,44,44,146,0,38,39.447863547973434,31.5826500300318,92.19323302386329,7978.808219178082
1750615538,1,GET,/product/2ZYFJ3GM2N,2.300000,0.000000,37,38,39,40,43,43,43,43,43,43,43,179,0,38,39.570049884827945,28.33826298592612,170.3719210345298,7975.754189944134
1750615538,1,GET,/product/66VCHSJNUP,2.000000,0.000000,36,38,40,41,42,55,55,55,55,55,55,138,0,39,44.87863645898988,31.779574987012893,495.779535965994,7940.260869565217
1750615538,1,GET,/product/6E92ZMYYFZ,2.300000,0.000000,38,39,40,40,42,47,47,47,47,47,47,169,0,38,39.65415379077957,31.867644982412457,173.24102099519223,7929.7692307692305
1750615538,1,GET,/product/9SIQT8TOJO,2.500000,0.000000,37,39,40,42,43,45,53,53,53,53,53,183,0,39,40.518471077364445,31.76911303307861,170.09381600655615,7980.88524590164
1750615538,1,GET,/product/L9ECAV7KIM,3.200000,0.000000,37,40,41,41,44,45,170,170,170,170,170,185,0,38,39.73912422614474,31.950442993547767,173.89487999025732,7947.675675675676
1750615538,1,GET,/product/LS4PSXUNUM,2.000000,0.000000,37,39,40,40,41,44,47,47,47,47,47,189,0,38,39.25328213837313,31.471989990677685,172.0081259845756,7946.809523809524
1750615538,1,GET,/product/OLJCESPC7Z,1.800000,0.000000,37,37,39,39,42,45,45,45,45,45,45,160,0,38,39.30050605922588,30.94358800444752,161.2299449625425,7982.2
1750615538,1,,Aggregated,20.300000,0.000000,37,39,40,41,42,45,51,55,170,170,170,1526,0,38,40.13186735130797,28.33826298592612,495.779535965994,7961.308650065531
1750615539,1,GET,/,0.000000,0.000000,0,0,0,0,0,0,0,0,0,0,0,1,0,158.03705103462562,158.03705103462562,158.03705103462562,158.03705103462562,10499.0
1750615539,1,GET,/product/0PUK6V6EV0,1.500000,0.000000,38,39,41,42,42,51,51,51,51,51,51,178,0,38,39.04657126430506,32.56910998607054,91.81187598733231,7955.044943820225
1750615539,1,GET,/product/1YMWWN1N4O,2.600000,0.000000,37,39,40,40,42,43,44,44,44,44,44,151,0,38,39.36212441756002,31.5826500300318,92.19323302386329,7978.185430463576
1750615539,1,GET,/product/2ZYFJ3GM2N,1.900000,0.000000,38,39,40,42,43,45,45,45,45,45,45,183,0,38,39.576409559549326,28.33826298592612,170.3719210345298,7975.486338797814
1750615539,1,GET,/product/66VCHSJNUP,1.700000,0.000000,37,39,40,41,42,55,55,55,55,55,55,138,0,39,44.87863645898988,31.779574987012893,495.779535965994,7940.260869565217
1750615539,1,GET,/product/6E92ZMYYFZ,2.700000,0.000000,38,39,40,40,40,47,47,47,47,47,47,169,0,38,39.65415379077957,31.867644982412457,173.24102099519223,7929.7692307692305
1750615539,1,GET,/product/9SIQT8TOJO,2.500000,0.000000,37,39,40,42,43,45,53,53,53,53,53,186,0,39,40.46815297389853,31.76911303307861,170.09381600655615,7980.698924731183
1750615539,1,GET,/product/L9ECAV7KIM,3.200000,0.000000,37,40,41,41,44,45,170,170,170,170,170,186,0,38,39.73222555848019,31.950442993547767,173.89487999025732,7947.634408602151
1750615539,1,GET,/product/LS4PSXUNUM,2.200000,0.000000,38,39,40,40,41,42,47,47,47,47,47,191,0,38,39.262399393443445,31.471989990677685,172.0081259845756,7946.602094240838
1750615539,1,GET,/product/OLJCESPC7Z,1.900000,0.000000,37,37,39,39,42,45,45,45,45,45,45,163,0,38,39.26454353049123,30.94358800444752,161.2299449625425,7982.0920245398775
1750615539,1,,Aggregated,20.200000,0.000000,37,39,40,40,42,45,51,55,170,170,170,1546,0,38,40.10724681833931,28.33826298592612,495.779535965994,7961.29107373868
1750615540,1,GET,/,0.000000,0.000000,0,0,0,0,0,0,0,0,0,0,0,1,0,158.03705103462562,158.03705103462562,158.03705103462562,158.03705103462562,10499.0
1750615540,1,GET,/product/0PUK6V6EV0,1.600000,0.000000,39,39,41,42,43,43,45,45,45,45,45,187,0,38,39.08452292048885,32.56910998607054,91.81187598733231,7955.122994652406
1750615540,1,GET,/product/1YMWWN1N4O,2.500000,0.000000,37,40,40,40,42,43,44,44,44,44,44,152,0,38,39.35083959253174,31.5826500300318,92.19323302386329,7978.131578947368
1750615540,1,GET,/product/2ZYFJ3GM2N,2.000000,0.000000,38,39,40,42,43,45,45,45,45,45,45,185,0,38,39.553864710221724,28.33826298592612,170.3719210345298,7975.318918918919
1750615540,1,GET,/product/66VCHSJNUP,1.700000,0.000000,39,39,40,41,42,55,55,55,55,55,55,140,0,39,44.79619255996243,31.779574987012893,495.779535965994,7940.071428571428
1750615540,1,GET,/product/6E92ZMYYFZ,2.500000,0.000000,38,39,40,40,47,47,47,47,47,47,47,169,0,38,39.65415379077957,31.867644982412457,173.24102099519223,7929.7692307692305
1750615540,1,GET,/product/9SIQT8TOJO,2.600000,0.000000,37,39,40,42,44,45,53,53,53,53,53,189,0,39,40.461349620104386,31.76911303307861,170.09381600655615,7980.613756613757
1750615540,1,GET,/product/L9ECAV7KIM,3.200000,0.000000,38,41,41,42,44,45,170,170,170,170,170,188,0,38,39.7430126111895,31.950442993547767,173.89487999025732,7948.021276595745
1750615540,1,GET,/product/LS4PSXUNUM,2.100000,0.000000,37,39,40,40,41,42,47,47,47,47,47,192,0,38,39.23653910502859,31.471989990677685,172.0081259845756,7946.614583333333
1750615540,1,GET,/product/OLJCESPC7Z,2.000000,0.000000,37,37,39,39,42,45,45,45,45,45,45,164,0,38,39.23343846655349,30.94358800444752,161.2299449625425,7982.170731707317
1750615540,1,,Aggregated,20.200000,0.000000,38,39,40,41,43,45,47,55,170,170,170,1567,0,38,40.09268362568091,28.33826298592612,495.779535965994,7961.294192724952
1750615541,1,GET,/,0.000000,0.000000,0,0,0,0,0,0,0,0,0,0,0,1,0,158.03705103462562,158.03705103462562,158.03705103462562,158.03705103462562,10499.0
1750615541,1,GET,/product/0PUK6V6EV0,1.700000,0.000000,39,39,41,42,43,43,45,45,45,45,45,188,0,38,39.072859888968175,32.56910998607054,91.81187598733231,7954.95744680851
1750615541,1,GET,/product/1YMWWN1N4O,2.700000,0.000000,37,39,40,40,41,42,44,44,44,44,44,154,0,38,39.29407806543924,31.5826500300318,92.19323302386329,7978.324675324675
1750615541,1,GET,/product/2ZYFJ3GM2N,2.100000,0.000000,38,39,40,42,43,45,45,45,45,45,45,187,0,38,39.549384659895786,28.33826298592612,170.3719210345298,7975.005347593583
1750615541,1,GET,/product/66VCHSJNUP,1.500000,0.000000,39,39,40,40,41,55,55,55,55,55,55,141,0,39,44.75460044960392,31.779574987012893,495.779535965994,7940.198581560284
1750615541,1,GET,/product/6E92ZMYYFZ,2.400000,0.000000,38,39,40,40,47,47,47,47,47,47,47,171,0,38,39.62770881667755,31.867644982412457,173.24102099519223,7929.6549707602335
1750615541,1,GET,/product/9SIQT8TOJO,2.500000,0.000000,38,40,40,42,44,45,53,53,53,53,53,194,0,39,40.426179047460316,31.76911303307861,170.09381600655615,7980.907216494846
1750615541,1,GET,/product/L9ECAV7KIM,3.000000,0.000000,38,41,41,41,44,45,170,170,170,170,170,190,0,38,39.7210187732095,31.950442993547767,173.89487999025732,7948.0
1750615541,1,GET,/product/LS4PSXUNUM,2.300000,0.000000,37,38,40,40,41,42,47,47,47,47,47,195,0,38,39.219639754484,31.471989990677685,172.0081259845756,7946.538461538462
1750615541,1,GET,/product/OLJCESPC7Z,2.100000,0.000000,37,38,39,39,42,45,45,45,45,45,45,166,0,38,39.21785575010904,30.94358800444752,161.2299449625425,7982.469879518072
1750615541,1,,Aggregated,20.300000,0.000000,38,39,40,41,43,45,47,55,170,170,170,1587,0,38,40.06626379549111,28.33826298592612,495.779535965994,7961.335223692501
1750615542,1,GET,/,0.000000,0.000000,0,0,0,0,0,0,0,0,0,0,0,1,0,158.03705103462562,158.03705103462562,158.03705103462562,158.03705103462562,10499.0
1750615542,1,GET,/product/0PUK6V6EV0,2.300000,0.000000,38,39,41,42,43,43,45,45,45,45,45,190,0,38,39.058578816720434,32.56910998607054,91.81187598733231,7954.831578947368
1750615542,1,GET,/product/1YMWWN1N4O,2.600000,0.000000,37,40,40,40,42,43,44,44,44,44,44,157,0,38,39.26855593046268,31.56466002110392,92.19323302386329,7978.229299363057
1750615542,1,GET,/product/2ZYFJ3GM2N,2.100000,0.000000,38,39,40,41,43,43,45,45,45,45,45,189,0,38,39.52530817690468,28.33826298592612,170.3719210345298,7975.132275132275
1750615542,1,GET,/product/66VCHSJNUP,1.600000,0.000000,39,39,39,40,41,55,55,55,55,55,55,144,0,39,44.55752840537267,30.157680972479284,495.779535965994,7939.861111111111
1750615542,1,GET,/product/6E92ZMYYFZ,2.200000,0.000000,38,39,40,40,47,47,47,47,47,47,47,173,0,38,39.590086887867834,31.867644982412457,173.24102099519223,7929.520231213873
1750615542,1,GET,/product/9SIQT8TOJO,2.700000,0.000000,38,40,40,42,44,45,53,53,53,53,53,196,0,39,40.393619072309946,31.76911303307861,170.09381600655615,7980.785714285715
1750615542,1,GET,/product/L9ECAV7KIM,2.800000,0.000000,38,40,41,41,41,44,44,44,44,44,44,193,0,38,39.69856084914338,31.950442993547767,173.89487999025732,7948.072538860104
1750615542,1,GET,/product/LS4PSXUNUM,2.100000,0.000000,37,38,40,40,40,41,42,42,42,42,42,197,0,38,39.209756224007265,31.471989990677685,172.0081259845756,7946.66497461929
1750615542,1,GET,/product/OLJCESPC7Z,1.800000,0.000000,37,38,39,39,39,42,45,45,45,45,45,168,0,38,39.177145699449326,30.94358800444752,161.2299449625425,7982.523809523809
1750615542,1,,Aggregated,20.200000,0.000000,38,39,40,40,43,44,47,53,55,55,55,1608,0,38,40.02800790447654,28.33826298592612,495.779535965994,7961.265547263682
1750615543,1,GET,/,0.000000,0.000000,0,0,0,0,0,0,0,0,0,0,0,1,0,158.03705103462562,158.03705103462562,158.03705103462562,158.03705103462562,10499.0
1750615543,1,GET,/product/0PUK6V6EV0,2.200000,0.000000,39,39,42,42,43,43,45,45,45,45,45,192,0,38,39.0587275320892,32.56910998607054,91.81187598733231,7955.0625
1750615543,1,GET,/product/1YMWWN1N4O,2.800000,0.000000,36,38,40,40,42,43,44,44,44,44,44,160,0,38,39.20641358199646,31.56466002110392,92.19323302386329,7978.2375
1750615543,1,GET,/product/2ZYFJ3GM2N,2.000000,0.000000,38,39,40,41,43,43,45,45,45,45,45,192,0,38,39.466934976189805,28.33826298592612,170.3719210345298,7975.166666666667
1750615543,1,GET,/product/66VCHSJNUP,1.500000,0.000000,39,39,39,39,40,41,41,41,41,41,41,145,0,39,44.50203906463716,30.157680972479284,495.779535965994,7939.710344827587
1750615543,1,GET,/product/6E92ZMYYFZ,2.100000,0.000000,38,38,39,39,40,47,47,47,47,47,47,175,0,38,39.53561128383236,31.867644982412457,173.24102099519223,7929.5028571428575
1750615543,1,GET,/product/9SIQT8TOJO,2.900000,0.000000,38,40,40,42,44,45,53,53,53,53,53,198,0,39,40.340972293786834,31.76911303307861,170.09381600655615,7980.868686868687
1750615543,1,GET,/product/L9ECAV7KIM,2.600000,0.000000,38,40,40,41,41,44,44,44,44,44,44,196,0,38,39.60900110690332,31.950442993547767,173.89487999025732,7948.15306122449
1750615543,1,GET,/product/LS4PSXUNUM,2.200000,0.000000,37,38,40,40,40,41,42,42,42,42,42,202,0,38,39.15929162383799,31.471989990677685,172.0081259845756,7946.574257425743
1750615543,1,GET,/product/OLJCESPC7Z,1.900000,0.000000,37,38,39,39,42,45,45,45,45,45,45,169,0,38,39.16534823957919,30.94358800444752,161.2299449625425,7982.573964497042
1750615543,1,,Aggregated,20.200000,0.000000,37,39,40,40,42,44,45,47,53,53,53,1630,0,38,39.9751629180452,28.33826298592612,495.779535965994,7961.260736196319
1750615544,1,GET,/,0.000000,0.000000,0,0,0,0,0,0,0,0,0,0,0,1,0,158.03705103462562,158.03705103462562,158.03705103462562,158.03705103462562,10499.0
1750615544,1,GET,/product/0PUK6V6EV0,2.300000,0.000000,38,39,42,42,43,43,45,45,45,45,45,194,0,38,39.03408886681157,32.56910998607054,91.81187598733231,7955.103092783505
1750615544,1,GET,/product/1YMWWN1N4O,2.600000,0.000000,36,37,39,40,42,43,44,44,44,44,44,162,0,38,39.16402466747519,31.56466002110392,92.19323302386329,7978.234567901234
1750615544,1,GET,/product/2ZYFJ3GM2N,2.100000,0.000000,38,39,40,41,43,43,45,45,45,45,45,196,0,38,39.393104119547075,28.33826298592612,170.3719210345298,7974.867346938776
1750615544,1,GET,/product/66VCHSJNUP,1.500000,0.000000,39,39,39,40,42,46,46,46,46,46,46,149,0,39,44.37957188831767,30.157680972479284,495.779535965994,7939.959731543624
1750615544,1,GET,/product/6E92ZMYYFZ,1.800000,0.000000,38,38,39,39,40,47,47,47,47,47,47,176,0,38,39.52533945266623,31.867644982412457,173.24102099519223,7929.420454545455
1750615544,1,GET,/product/9SIQT8TOJO,3.000000,0.000000,38,40,41,42,44,45,53,53,53,53,53,201,0,39,40.30533226940141,31.76911303307861,170.09381600655615,7980.845771144279
1750615544,1,GET,/product/L9ECAV7KIM,2.600000,0.000000,38,40,40,41,44,44,44,44,44,44,44,196,0,38,39.60900110690332,31.950442993547767,173.89487999025732,7948.15306122449
1750615544,1,GET,/product/LS4PSXUNUM,2.200000,0.000000,38,39,40,40,41,42,45,45,45,45,45,205,0,38,39.17218087831648,31.471989990677685,172.0081259845756,7946.765853658537
1750615544,1,GET,/product/OLJCESPC7Z,2.100000,0.000000,37,38,39,39,42,45,45,45,45,45,45,171,0,38,39.157388447266484,30.94358800444752,161.2299449625425,7982.450292397661
1750615544,1,,Aggregated,20.200000,0.000000,38,39,40,40,43,44,45,47,53,53,53,1651,0,38,39.94926296633982,28.33826298592612,495.779535965994,7961.261659600243
1750615545,1,GET,/,0.000000,0.000000,0,0,0,0,0,0,0,0,0,0,0,1,0,158.03705103462562,158.03705103462562,158.03705103462562,158.03705103462562,10499.0
1750615545,1,GET,/product/0PUK6V6EV0,2.400000,0.000000,38,39,40,42,43,43,45,45,45,45,45,196,0,38,38.99362957763144,32.56910998607054,91.81187598733231,7955.183673469388
1750615545,1,GET,/product/1YMWWN1N4O,2.600000,0.000000,37,38,40,40,43,44,170,170,170,170,170,164,0,38,39.9574732933926,31.56466002110392,172.10250900825486,7978.182926829269
1750615545,1,GET,/product/2ZYFJ3GM2N,2.200000,0.000000,37,38,40,40,43,43,45,45,45,45,45,199,0,38,39.330193469588686,28.33826298592612,170.3719210345298,7974.693467336683
1750615545,1,GET,/product/66VCHSJNUP,1.500000,0.000000,39,39,39,40,42,46,46,46,46,46,46,149,0,39,44.37957188831767,30.157680972479284,495.779535965994,7939.959731543624
1750615545,1,GET,/product/6E92ZMYYFZ,1.500000,0.000000,38,39,40,40,42,47,47,47,47,47,47,181,0,38,39.512341268983214,31.867644982412457,173.24102099519223,7929.519337016574
1750615545,1,GET,/product/9SIQT8TOJO,3.200000,0.000000,38,40,41,43,45,53,57,57,57,57,57,203,0,39,40.354969483465325,31.76911303307861,170.09381600655615,7981.054187192119
1750615545,1,GET,/product/L9ECAV7KIM,2.500000,0.000000,38,39,40,40,41,44,44,44,44,44,44,196,0,38,39.60900110690332,31.950442993547767,173.89487999025732,7948.15306122449
1750615545,1,GET,/product/LS4PSXUNUM,2.600000,0.000000,38,40,40,40,42,42,45,45,45,45,45,206,0,38,39.186564820606115,31.471989990677685,172.0081259845756,7946.864077669903
1750615545,1,GET,/product/OLJCESPC7Z,2.200000,0.000000,37,38,39,39,42,42,45,45,45,45,45,174,0,38,39.10902372110453,30.94358800444752,161.2299449625425,7982.3218390804595
1750615545,1,,Aggregated,20.700000,0.000000,38,39,40,40,43,45,47,57,170,170,170,1669,0,38,40.010568036233536,28.33826298592612,495.779535965994,7961.275014979029
1750615546,1,GET,/,0.000000,0.000000,0,0,0,0,0,0,0,0,0,0,0,1,0,158.03705103462562,158.03705103462562,158.03705103462562,158.03705103462562,10499.0
1750615546,1,GET,/product/0PUK6V6EV0,2.600000,0.000000,38,39,39,40,43,43,45,45,45,45,45,200,0,38,38.973390001337975,32.56910998607054,91.81187598733231,7955.17
1750615546,1,GET,/product/1YMWWN1N4O,2.300000,0.000000,37,38,39,40,42,43,170,170,170,170,170,165,0,38,39.950296182580516,31.56466002110392,172.10250900825486,7977.987878787879
1750615546,1,GET,/product/2ZYFJ3GM2N,2.600000,0.000000,37,38,40,40,42,43,45,45,45,45,45,203,0,38,39.2865760021343,28.33826298592612,170.3719210345298,7974.64039408867
1750615546,1,GET,/product/66VCHSJNUP,1.600000,0.000000,39,39,40,42,42,46,46,46,46,46,46,151,0,39,44.28995483661293,30.157680972479284,495.779535965994,7939.986754966887
1750615546,1,GET,/product/6E92ZMYYFZ,1.600000,0.000000,38,39,40,40,40,42,42,42,42,42,42,183,0,38,39.48395940267781,31.867644982412457,173.24102099519223,7929.502732240438
1750615546,1,GET,/product/9SIQT8TOJO,3.200000,0.000000,38,40,41,41,44,53,57,57,57,57,57,205,0,39,40.356405981157614,31.76911303307861,170.09381600655615,7980.809756097561
1750615546,1,GET,/product/L9ECAV7KIM,2.200000,0.000000,38,39,40,40,41,44,44,44,44,44,44,197,0,38,39.580988091107,31.950442993547767,173.89487999025732,7948.0203045685275
1750615546,1,GET,/product/LS4PSXUNUM,2.600000,0.000000,38,40,41,42,42,43,45,45,45,45,45,208,0,38,39.21823612528477,31.471989990677685,172.0081259845756,7946.903846153846
1750615546,1,GET,/product/OLJCESPC7Z,2.100000,0.000000,38,39,39,41,42,45,45,45,45,45,45,176,0,38,39.099358167732134,30.94358800444752,161.2299449625425,7982.318181818182
1750615546,1,,Aggregated,20.800000,0.000000,38,39,40,40,42,44,46,57,170,170,170,1689,0,38,39.98960013768226,28.33826298592612,495.779535965994,7961.195973949082
1750615547,1,GET,/,0.000000,0.000000,0,0,0,0,0,0,0,0,0,0,0,1,0,158.03705103462562,158.03705103462562,158.03705103462562,158.03705103462562,10499.0
1750615547,1,GET,/product/0PUK6V6EV0,2.500000,0.000000,38,39,39,40,43,43,45,45,45,45,45,203,0,38,38.90989275977218,32.50183002091944,91.81187598733231,7955.241379310345
1750615547,1,GET,/product/1YMWWN1N4O,2.300000,0.000000,37,38,39,39,40,43,170,170,170,170,170,167,0,38,39.930483425652305,31.56466002110392,172.10250900825486,7977.940119760479
1750615547,1,GET,/product/2ZYFJ3GM2N,2.600000,0.000000,37,37,38,38,41,42,45,45,45,45,45,206,0,38,39.24201917693299,28.33826298592612,170.3719210345298,7974.941747572816
1750615547,1,GET,/product/66VCHSJNUP,1.400000,0.000000,39,39,42,42,46,49,49,49,49,49,49,153,0,39,44.283269721561176,30.157680972479284,495.779535965994,7940.078431372549
1750615547,1,GET,/product/6E92ZMYYFZ,1.900000,0.000000,38,38,39,40,40,42,42,42,42,42,42,185,0,38,39.448089057869105,31.867644982412457,173.24102099519223,7929.486486486487
1750615547,1,GET,/product/9SIQT8TOJO,3.100000,0.000000,38,40,41,41,43,44,57,57,57,57,57,206,0,39,40.34119163661318,31.76911303307861,170.09381600655615,7980.8932038834955
1750615547,1,GET,/product/L9ECAV7KIM,2.000000,0.000000,38,38,40,40,40,44,44,44,44,44,44,197,0,38,39.580988091107,31.950442993547767,173.89487999025732,7948.0203045685275
1750615547,1,GET,/product/LS4PSXUNUM,2.400000,0.000000,38,40,41,42,42,43,45,45,45,45,45,209,0,38,39.19603496691898,31.471989990677685,172.0081259845756,7946.942583732058
1750615547,1,GET,/product/OLJCESPC7Z,2.100000,0.000000,37,38,39,39,40,41,42,42,42,42,42,183,0,38,38.97249764257716,30.94358800444752,161.2299449625425,7982.005464480874
1750615547,1,,Aggregated,20.300000,0.000000,37,39,40,40,42,43,46,57,170,170,170,1710,0,38,39.94965334191417,28.33826298592612,495.779535965994,7961.284210526316
1750615548,1,GET,/,0.000000,0.000000,0,0,0,0,0,0,0,0,0,0,0,1,0,158.03705103462562,158.03705103462562,158.03705103462562,158.03705103462562,10499.0
1750615548,1,GET,/product/0PUK6V6EV0,2.600000,0.000000,37,39,39,39,43,43,45,45,45,45,45,204,0,38,38.898028466992045,32.50183002091944,91.81187598733231,7955.254901960784
1750615548,1,GET,/product/1YMWWN1N4O,2.200000,0.000000,38,39,39,39,43,170,170,170,170,170,170,167,0,38,39.930483425652305,31.56466002110392,172.10250900825486,7977.940119760479
1750615548,1,GET,/product/2ZYFJ3GM2N,2.800000,0.000000,37,37,38,38,40,41,41,41,41,41,41,207,0,38,39.24130591544759,28.33826298592612,170.3719210345298,7974.917874396136
1750615548,1,GET,/product/66VCHSJNUP,1.300000,0.000000,39,39,42,42,46,49,49,49,49,49,49,156,0,39,44.15834659243372,30.157680972479284,495.779535965994,7940.5
1750615548,1,GET,/product/6E92ZMYYFZ,2.000000,0.000000,38,39,40,40,43,46,46,46,46,46,46,188,0,38,39.49998550926969,31.867644982412457,173.24102099519223,7929.670212765957
1750615548,1,GET,/product/9SIQT8TOJO,2.800000,0.000000,38,40,41,41,43,44,57,57,57,57,57,206,0,39,40.34119163661318,31.76911303307861,170.09381600655615,7980.8932038834955
1750615548,1,GET,/product/L9ECAV7KIM,1.700000,0.000000,38,39,40,40,44,170,170,170,170,170,170,200,0,38,40.20317552465713,31.950442993547767,173.89487999025732,7947.75
1750615548,1,GET,/product/LS4PSXUNUM,2.600000,0.000000,38,40,41,42,42,43,45,45,45,45,45,212,0,38,39.17959319863618,31.471989990677685,172.0081259845756,7946.971698113208
1750615548,1,GET,/product/OLJCESPC7Z,2.300000,0.000000,37,38,38,39,40,41,42,42,42,42,42,187,0,38,38.935807987083905,30.94358800444752,161.2299449625425,7981.855614973262
1750615548,1,,Aggregated,20.300000,0.000000,37,39,40,40,42,44,49,170,170,170,170,1728,0,38,40.00999172037862,28.33826298592612,495.779535965994,7961.209490740741
1750615549,1,GET,/,0.000000,0.000000,0,0,0,0,0,0,0,0,0,0,0,1,0,158.03705103462562,158.03705103462562,158.03705103462562,158.03705103462562,10499.0
1750615549,1,GET,/product/0PUK6V6EV0,2.900000,0.000000,37,38,39,42,42,44,46,46,46,46,46,210,0,38,38.94830827318531,32.50183002091944,91.81187598733231,7955.142857142857
1750615549,1,GET,/product/1YMWWN1N4O,2.300000,0.000000,37,39,39,40,43,170,170,170,170,170,170,167,0,38,39.930483425652305,31.56466002110392,172.10250900825486,7977.940119760479
1750615549,1,GET,/product/2ZYFJ3GM2N,3.100000,0.000000,37,38,39,39,41,44,49,49,49,49,49,211,0,38,39.28767887917369,28.33826298592612,170.3719210345298,7974.663507109005
1750615549,1,GET,/product/66VCHSJNUP,1.400000,0.000000,39,40,42,42,46,49,49,49,49,49,49,157,0,39,44.13492898352943,30.157680972479284,495.779535965994,7940.267515923567
1750615549,1,GET,/product/6E92ZMYYFZ,1.800000,0.000000,38,39,40,40,42,43,46,46,46,46,46,191,0,38,39.47807826572317,31.867644982412457,173.24102099519223,7929.628272251309
1750615549,1,GET,/product/9SIQT8TOJO,2.700000,0.000000,38,40,41,41,43,57,57,57,57,57,57,206,0,39,40.34119163661318,31.76911303307861,170.09381600655615,7980.8932038834955
1750615549,1,GET,/product/L9ECAV7KIM,1.400000,0.000000,37,38,39,40,40,170,170,170,170,170,170,203,0,38,40.13907790081942,31.950442993547767,173.89487999025732,7948.059113300493
1750615549,1,GET,/product/LS4PSXUNUM,2.200000,0.000000,38,40,41,41,42,43,45,45,45,45,45,213,0,38,39.176415084990204,31.471989990677685,172.0081259845756,7947.018779342723
1750615549,1,GET,/product/OLJCESPC7Z,2.700000,0.000000,37,38,38,39,40,41,42,42,42,42,42,189,0,38,38.921856886840295,30.94358800444752,161.2299449625425,7981.910052910053
1750615549,1,,Aggregated,20.500000,0.000000,37,39,40,40,42,45,49,170,170,170,170,1748,0,38,40.00234280256565,28.33826298592612,495.779535965994,7961.12471395881
1750615550,1,GET,/,0.000000,0.000000,0,0,0,0,0,0,0,0,0,0,0,1,0,158.03705103462562,158.03705103462562,158.03705103462562,158.03705103462562,10499.0
1750615550,1,GET,/product/0PUK6V6EV0,2.800000,0.000000,37,38,39,42,42,44,46,46,46,46,46,212,0,38,38.937333143175636,32.50183002091944,91.81187598733231,7955.075471698113
1750615550,1,GET,/product/1YMWWN1N4O,2.100000,0.000000,37,39,39,40,43,170,170,170,170,170,170,169,0,38,39.872245485935714,31.56466002110392,172.10250900825486,7978.224852071006
1750615550,1,GET,/product/2ZYFJ3GM2N,2.800000,0.000000,36,37,38,39,41,44,49,49,49,49,49,214,0,38,39.225755941566675,28.33826298592612,170.3719210345298,7974.6355140186915
1750615550,1,GET,/product/66VCHSJNUP,1.800000,0.000000,39,42,42,45,49,82,82,82,82,82,82,158,0,39,44.371536876151595,30.157680972479284,495.779535965994,7940.329113924051
1750615550,1,GET,/product/6E92ZMYYFZ,1.900000,0.000000,39,40,40,40,42,43,46,46,46,46,46,193,0,38,39.443869345792486,31.867644982412457,173.24102099519223,7929.569948186529
1750615550,1,GET,/product/9SIQT8TOJO,2.300000,0.000000,37,38,40,41,41,57,57,57,57,57,57,207,0,39,40.31070596695954,31.76911303307861,170.09381600655615,7981.024154589372
1750615550,1,GET,/product/L9ECAV7KIM,1.500000,0.000000,37,39,39,40,41,170,170,170,170,170,170,207,0,38,40.11535146335536,31.950442993547767,173.89487999025732,7947.777777777777
1750615550,1,GET,/product/LS4PSXUNUM,2.300000,0.000000,38,40,41,41,42,43,45,45,45,45,45,214,0,38,39.15965944451332,31.471989990677685,172.0081259845756,7947.018691588785
1750615550,1,GET,/product/OLJCESPC7Z,2.700000,0.000000,37,38,38,39,41,42,57,57,57,57,57,193,0,38,38.983071666847856,30.94358800444752,161.2299449625425,7981.652849740933
1750615550,1,,Aggregated,20.200000,0.000000,37,39,40,40,42,46,57,170,170,170,170,1768,0,38,40.0005296307007,28.33826298592612,495.779535965994,7961.102375565611
1750615551,1,GET,/,0.000000,0.000000,0,0,0,0,0,0,0,0,0,0,0,1,0,158.03705103462562,158.03705103462562,158.03705103462562,158.03705103462562,10499.0
1750615551,1,GET,/product/0PUK6V6EV0,3.200000,0.000000,37,38,42,42,43,44,46,46,46,46,46,214,0,38,38.93420301599724,32.50183002091944,91.81187598733231,7954.906542056075
1750615551,1,GET,/product/1YMWWN1N4O,1.600000,0.000000,37,38,39,39,39,170,170,170,170,170,170,169,0,38,39.872245485935714,31.56466002110392,172.10250900825486,7978.224852071006
1750615551,1,GET,/product/2ZYFJ3GM2N,2.800000,0.000000,36,37,38,39,41,44,49,49,49,49,49,216,0,38,39.218104335574296,28.33826298592612,170.3719210345298,7974.685185185185
1750615551,1,GET,/product/66VCHSJNUP,1.900000,0.000000,42,44,45,45,49,82,82,82,82,82,82,160,0,39,44.36256968401722,30.157680972479284,495.779535965994,7940.425
1750615551,1,GET,/product/6E92ZMYYFZ,2.200000,0.000000,39,40,40,41,43,46,52,52,52,52,52,195,0,38,39.48853751674342,31.867644982412457,173.24102099519223,7929.451282051282
1750615551,1,GET,/product/9SIQT8TOJO,2.100000,0.000000,36,37,40,41,41,57,57,57,57,57,57,210,0,39,40.25295371511241,31.76911303307861,170.09381600655615,7980.847619047619
1750615551,1,GET,/product/L9ECAV7KIM,1.600000,0.000000,38,39,39,41,170,180,180,180,180,180,180,211,0,38,40.76970099020193,31.950442993547767,178.531433979515,7947.763033175355
1750615551,1,GET,/product/LS4PSXUNUM,2.200000,0.000000,38,40,41,42,43,45,45,45,45,45,45,215,0,38,39.1474753867315,31.471989990677685,172.0081259845756,7946.879069767442
1750615551,1,GET,/product/OLJCESPC7Z,2.600000,0.000000,37,38,38,39,41,42,57,57,57,57,57,195,0,38,38.950204629546555,30.94358800444752,161.2299449625425,7981.430769230769
1750615551,1,,Aggregated,20.200000,0.000000,37,39,40,41,44,49,82,170,180,180,180,1786,0,38,40.070143776757,28.33826298592612,495.779535965994,7960.988801791714
1750615552,1,GET,/,0.000000,0.000000,0,0,0,0,0,0,0,0,0,0,0,1,0,158.03705103462562,158.03705103462562,158.03705103462562,158.03705103462562,10499.0
1750615552,1,GET,/product/0PUK6V6EV0,2.600000,0.000000,37,38,39,42,43,44,46,46,46,46,46,216,0,38,38.92717926592687,32.50183002091944,91.81187598733231,7954.962962962963
1750615552,1,GET,/product/1YMWWN1N4O,1.700000,0.000000,37,38,39,39,170,170,170,170,170,170,170,170,0,38,39.839515712468284,31.56466002110392,172.10250900825486,7978.317647058823
1750615552,1,GET,/product/2ZYFJ3GM2N,2.800000,0.000000,37,38,39,39,41,44,49,49,49,49,49,218,0,38,39.23496006643015,28.33826298592612,170.3719210345298,7974.623853211009
1750615552,1,GET,/product/66VCHSJNUP,1.800000,0.000000,40,42,44,45,49,82,82,82,82,82,82,163,0,39,44.191122297526114,30.157680972479284,495.779535965994,7940.662576687117
1750615552,1,GET,/product/6E92ZMYYFZ,2.400000,0.000000,38,40,40,42,43,46,52,52,52,52,52,198,0,38,39.47325246326268,31.867644982412457,173.24102099519223,7929.464646464647
1750615552,1,GET,/product/9SIQT8TOJO,1.800000,0.000000,37,40,40,41,41,57,57,57,57,57,57,211,0,39,40.236560233054306,31.76911303307861,170.09381600655615,7980.824644549763
1750615552,1,GET,/product/L9ECAV7KIM,1.800000,0.000000,38,39,39,39,44,170,180,180,180,180,180,215,0,38,40.65373780010918,31.058341031894088,178.531433979515,7948.06511627907
1750615552,1,GET,/product/LS4PSXUNUM,2.300000,0.000000,37,40,41,42,43,45,45,45,45,45,45,219,0,38,39.0566531605976,31.471989990677685,172.0081259845756,7946.908675799087
1750615552,1,GET,/product/OLJCESPC7Z,3.000000,0.000000,37,38,38,39,41,42,57,57,57,57,57,196,0,38,38.91032523884229,30.94358800444752,161.2299449625425,7981.448979591837
1750615552,1,,Aggregated,20.200000,0.000000,37,39,40,41,44,49,82,170,180,180,180,1807,0,38,40.02291216684055,28.33826298592612,495.779535965994,7960.951853901494
1750615553,1,GET,/,0.000000,0.000000,0,0,0,0,0,0,0,0,0,0,0,1,0,158.03705103462562,158.03705103462562,158.03705103462562,158.03705103462562,10499.0
1750615553,1,GET,/product/0PUK6V6EV0,2.500000,0.000000,37,38,39,42,43,44,46,46,46,46,46,218,0,38,38.885501469699065,32.50183002091944,91.81187598733231,7955.174311926606
1750615553,1,GET,/product/1YMWWN1N4O,1.500000,0.000000,36,39,39,39,40,170,170,170,170,170,170,173,0,38,39.772952509764046,31.56466002110392,172.10250900825486,7978.739884393063
1750615553,1,GET,/product/2ZYFJ3GM2N,2.900000,0.000000,37,38,39,41,41,44,49,49,49,49,49,221,0,38,39.208527635445826,28.33826298592612,170.3719210345298,7974.6425339366515
1750615553,1,GET,/product/66VCHSJNUP,1.900000,0.000000,40,42,44,45,49,82,82,82,82,82,82,163,0,39,44.191122297526114,30.157680972479284,495.779535965994,7940.662576687117
1750615553,1,GET,/product/6E92ZMYYFZ,2.300000,0.000000,39,40,41,42,46,47,52,52,52,52,52,202,0,38,39.50385044451047,31.867644982412457,173.24102099519223,7929.366336633663
1750615553,1,GET,/product/9SIQT8TOJO,1.600000,0.000000,39,40,41,41,41,57,57,57,57,57,57,213,0,39,40.23260899142804,31.76911303307861,170.09381600655615,7980.882629107981
1750615553,1,GET,/product/L9ECAV7KIM,2.000000,0.000000,38,39,39,39,44,170,180,180,180,180,180,220,0,38,40.54747683165426,31.058341031894088,178.531433979515,7948.409090909091
1750615553,1,GET,/product/LS4PSXUNUM,2.200000,0.000000,37,38,41,41,42,43,43,43,43,43,43,220,0,38,39.04677927811545,31.471989990677685,172.0081259845756,7946.918181818181
1750615553,1,GET,/product/OLJCESPC7Z,2.900000,0.000000,37,38,38,38,40,41,57,57,57,57,57,197,0,38,38.87954313629472,30.94358800444752,161.2299449625425,7981.324873096447
1750615553,1,,Aggregated,19.800000,0.000000,37,39,40,41,44,49,82,170,180,180,180,1828,0,38,39.990899641418586,28.33826298592612,495.779535965994,7961.0098468271335
1750615554,1,GET,/,0.000000,0.000000,0,0,0,0,0,0,0,0,0,0,0,1,0,158.03705103462562,158.03705103462562,158.03705103462562,158.03705103462562,10499.0
1750615554,1,GET,/product/0PUK6V6EV0,2.600000,0.000000,37,38,39,42,43,44,46,46,46,46,46,220,0,38,38.86251375634774,32.50183002091944,91.81187598733231,7955.009090909091
1750615554,1,GET,/product/1YMWWN1N4O,1.300000,0.000000,36,38,39,39,40,42,42,42,42,42,42,176,0,38,39.73801853565171,31.56466002110392,172.10250900825486,7978.715909090909
1750615554,1,GET,/product/2ZYFJ3GM2N,2.900000,0.000000,37,38,39,41,41,44,49,49,49,49,49,224,0,38,39.149649823489845,28.33826298592612,170.3719210345298,7974.517857142857
1750615554,1,GET,/product/66VCHSJNUP,1.900000,0.000000,40,42,44,44,49,82,82,82,82,82,82,165,0,39,44.12567124518594,30.157680972479284,495.779535965994,7940.872727272727
1750615554,1,GET,/product/6E92ZMYYFZ,2.400000,0.000000,39,40,41,42,46,47,52,52,52,52,52,205,0,38,39.464331594318516,31.867644982412457,173.24102099519223,7929.409756097561
1750615554,1,GET,/product/9SIQT8TOJO,1.500000,0.000000,39,40,41,41,41,43,43,43,43,43,43,215,0,39,40.23283078216103,31.76911303307861,170.09381600655615,7980.893023255814
1750615554,1,GET,/product/L9ECAV7KIM,2.200000,0.000000,38,39,39,39,44,170,180,180,180,180,180,222,0,38,40.5286013375263,31.058341031894088,178.531433979515,7948.540540540541
1750615554,1,GET,/product/LS4PSXUNUM,2.300000,0.000000,37,37,39,41,42,43,43,43,43,43,43,224,0,38,38.988210433672066,31.471989990677685,172.0081259845756,7946.991071428572
1750615554,1,GET,/product/OLJCESPC7Z,2.700000,0.000000,37,37,38,39,40,41,57,57,57,57,57,197,0,38,38.87954313629472,30.94358800444752,161.2299449625425,7981.324873096447
1750615554,1,,Aggregated,19.800000,0.000000,37,39,39,40,43,46,57,170,180,180,180,1849,0,38,39.957903668224226,28.33826298592612,495.779535965994,7960.970795024337
1750615555,1,GET,/,0.000000,0.000000,0,0,0,0,0,0,0,0,0,0,0,1,0,158.03705103462562,158.03705103462562,158.03705103462562,158.03705103462562,10499.0
1750615555,1,GET,/product/0PUK6V6EV0,2.600000,0.000000,36,38,39,39,43,44,46,46,46,46,46,220,0,38,38.86251375634774,32.50183002091944,91.81187598733231,7955.009090909091
1750615555,1,GET,/product/1YMWWN1N4O,1.300000,0.000000,36,38,39,40,42,43,43,43,43,43,43,178,0,38,39.73440801282675,31.56466002110392,172.10250900825486,7978.91011235955
1750615555,1,GET,/product/2ZYFJ3GM2N,2.900000,0.000000,38,38,39,39,41,44,49,49,49,49,49,227,0,38,39.12510766723657,28.33826298592612,170.3719210345298,7974.607929515419
1750615555,1,GET,/product/66VCHSJNUP,1.800000,0.000000,38,40,44,44,49,82,82,82,82,82,82,168,0,39,43.9765957222941,30.157680972479284,495.779535965994,7940.452380952381
1750615555,1,GET,/product/6E92ZMYYFZ,2.900000,0.000000,38,40,40,42,46,47,52,52,52,52,52,208,0,38,39.43009118190206,31.867644982412457,173.24102099519223,7929.538461538462
1750615555,1,GET,/product/9SIQT8TOJO,1.400000,0.000000,37,39,41,41,41,43,43,43,43,43,43,217,0,39,40.212739125153796,31.76911303307861,170.09381600655615,7980.746543778801
1750615555,1,GET,/product/L9ECAV7KIM,2.400000,0.000000,37,39,39,39,44,170,180,180,180,180,180,225,0,38,40.44778391511904,31.058341031894088,178.531433979515,7948.666666666667
1750615555,1,GET,/product/LS4PSXUNUM,1.700000,0.000000,37,37,38,39,42,47,47,47,47,47,47,227,0,38,39.028906234179004,31.471989990677685,172.0081259845756,7946.859030837004
1750615555,1,GET,/product/OLJCESPC7Z,2.800000,0.000000,37,37,38,38,39,40,57,57,57,57,57,199,0,37,38.850217908749535,30.94358800444752,161.2299449625425,7981.35175879397
1750615555,1,,Aggregated,19.800000,0.000000,37,38,39,40,43,46,57,170,180,180,180,1870,0,38,39.93000643926095,28.33826298592612,495.779535965994,7960.920320855615
1750615556,1,GET,/,0.000000,0.000000,0,0,0,0,0,0,0,0,0,0,0,1,0,158.03705103462562,158.03705103462562,158.03705103462562,158.03705103462562,10499.0
1750615556,1,GET,/product/0PUK6V6EV0,2.600000,0.000000,36,37,39,39,43,44,46,46,46,46,46,223,0,38,38.80324502863959,32.50183002091944,91.81187598733231,7954.816143497758
1750615556,1,GET,/product/1YMWWN1N4O,1.300000,0.000000,36,39,40,41,43,44,44,44,44,44,44,184,0,38,39.69095130583889,31.56466002110392,172.10250900825486,7978.771739130435
1750615556,1,GET,/product/2ZYFJ3GM2N,2.800000,0.000000,38,39,40,41,41,44,49,49,49,49,49,230,0,38,39.12740400182488,28.33826298592612,170.3719210345298,7974.417391304348
1750615556,1,GET,/product/66VCHSJNUP,1.700000,0.000000,38,40,44,44,49,82,82,82,82,82,82,168,0,39,43.9765957222941,30.157680972479284,495.779535965994,7940.452380952381
1750615556,1,GET,/product/6E92ZMYYFZ,2.900000,0.000000,38,40,40,42,46,47,52,52,52,52,52,210,0,38,39.39278567559086,31.867644982412457,173.24102099519223,7929.72380952381
1750615556,1,GET,/product/9SIQT8TOJO,1.400000,0.000000,37,38,40,41,41,43,43,43,43,43,43,220,0,39,40.13929875086019,31.76911303307861,170.09381600655615,7980.754545454545
1750615556,1,GET,/product/L9ECAV7KIM,2.600000,0.000000,37,38,39,39,41,170,180,180,180,180,180,228,0,38,40.39053707853319,31.058341031894088,178.531433979515,7948.570175438596
1750615556,1,GET,/product/LS4PSXUNUM,1.900000,0.000000,37,37,38,39,42,47,47,47,47,47,47,227,0,38,39.028906234179004,31.471989990677685,172.0081259845756,7946.859030837004
1750615556,1,GET,/product/OLJCESPC7Z,2.600000,0.000000,37,37,37,38,39,57,57,57,57,57,57,201,0,37,38.80530803415702,30.94358800444752,161.2299449625425,7981.547263681592
1750615556,1,,Aggregated,19.800000,0.000000,37,39,39,40,43,46,57,170,180,180,180,1892,0,38,39.89073389823141,28.33826298592612,495.779535965994,7960.961416490486
1750615557,1,GET,/,0.000000,0.000000,0,0,0,0,0,0,0,0,0,0,0,1,0,158.03705103462562,158.03705103462562,158.03705103462562,158.03705103462562,10499.0
1750615557,1,GET,/product/0PUK6V6EV0,2.400000,0.000000,37,38,39,42,44,44,46,46,46,46,46,224,0,38,38.82503182311276,32.50183002091944,91.81187598733231,7954.696428571428
1750615557,1,GET,/product/1YMWWN1N4O,1.400000,0.000000,36,40,40,41,43,44,44,44,44,44,44,184,0,38,39.69095130583889,31.56466002110392,172.10250900825486,7978.771739130435
1750615557,1,GET,/product/2ZYFJ3GM2N,2.800000,0.000000,38,38,39,41,41,44,49,49,49,49,49,232,0,38,39.091375825027455,28.33826298592612,170.3719210345298,7974.508620689655
1750615557,1,GET,/product/66VCHSJNUP,1.900000,0.000000,38,40,40,44,44,82,82,82,82,82,82,169,0,39,43.94485943981022,30.157680972479284,495.779535965994,7940.4378698224855
1750615557,1,GET,/product/6E92ZMYYFZ,2.600000,0.000000,38,39,40,41,45,47,52,52,52,52,52,213,0,38,39.390668919814985,31.867644982412457,173.24102099519223,7929.816901408451
1750615557,1,GET,/product/9SIQT8TOJO,1.300000,0.000000,37,39,40,40,41,43,43,43,43,43,43,222,0,39,40.10970552760252,31.76911303307861,170.09381600655615,7980.846846846847
1750615557,1,GET,/product/L9ECAV7KIM,2.900000,0.000000,37,38,39,39,40,44,180,180,180,180,180,233,0,38,40.28841569498101,31.058341031894088,178.531433979515,7948.62660944206
1750615557,1,GET,/product/LS4PSXUNUM,2.200000,0.000000,37,37,38,39,42,47,47,47,47,47,47,231,0,38,38.98635789680444,31.471989990677685,172.0081259845756,7946.878787878788
1750615557,1,GET,/product/OLJCESPC7Z,2.700000,0.000000,37,37,38,39,42,57,57,57,57,57,57,204,0,37,38.81147181342456,30.94358800444752,161.2299449625425,7981.549019607844
1750615557,1,,Aggregated,20.200000,0.000000,37,38,39,40,43,44,52,82,180,180,180,1913,0,38,39.86357372948244,28.33826298592612,495.779535965994,7960.9299529534765
1750615558,1,GET,/,0.000000,0.000000,0,0,0,0,0,0,0,0,0,0,0,1,0,158.03705103462562,158.03705103462562,158.03705103462562,158.03705103462562,10499.0
1750615558,1,GET,/product/0PUK6V6EV0,2.300000,0.000000,37,38,39,39,43,44,44,44,44,44,44,226,0,38,38.82848406782316,32.50183002091944,91.81187598733231,7954.58407079646
1750615558,1,GET,/product/1YMWWN1N4O,1.900000,0.000000,36,38,40,40,42,43,44,44,44,44,44,188,0,38,39.63068922476328,31.56466002110392,172.10250900825486,7978.574468085107
1750615558,1,GET,/product/2ZYFJ3GM2N,2.700000,0.000000,37,38,38,39,41,41,41,41,41,41,41,233,0,38,39.07071758993969,28.33826298592612,170.3719210345298,7974.515021459228
1750615558,1,GET,/product/66VCHSJNUP,1.800000,0.000000,38,40,40,44,44,82,82,82,82,82,82,171,0,39,43.8833175338015,30.157680972479284,495.779535965994,7940.561403508772
1750615558,1,GET,/product/6E92ZMYYFZ,2.700000,0.000000,38,39,40,42,45,47,52,52,52,52,52,215,0,38,39.37892867874917,31.463888997677714,173.24102099519223,7929.827906976744
1750615558,1,GET,/product/9SIQT8TOJO,1.500000,0.000000,37,39,40,40,41,43,43,43,43,43,43,224,0,39,40.08101208533584,31.76911303307861,170.09381600655615,7980.866071428572
1750615558,1,GET,/product/L9ECAV7KIM,3.000000,0.000000,37,38,39,39,40,44,180,180,180,180,180,236,0,38,40.27125190660334,31.058341031894088,178.531433979515,7948.5084745762715
1750615558,1,GET,/product/LS4PSXUNUM,1.900000,0.000000,36,37,37,37,42,47,47,47,47,47,47,233,0,38,38.94817547736761,31.471989990677685,172.0081259845756,7946.931330472103
1750615558,1,GET,/product/OLJCESPC7Z,2.400000,0.000000,37,38,38,39,42,57,57,57,57,57,57,206,0,37,38.81644121810875,30.94358800444752,161.2299449625425,7981.514563106796
1750615558,1,,Aggregated,20.200000,0.000000,37,38,39,40,42,44,52,82,180,180,180,1933,0,38,39.840202856449,28.33826298592612,495.779535965994,7960.893429901707
1750615559,1,GET,/,0.000000,0.000000,0,0,0,0,0,0,0,0,0,0,0,1,0,158.03705103462562,158.03705103462562,158.03705103462562,158.03705103462562,10499.0
1750615559,1,GET,/product/0PUK6V6EV0,2.000000,0.000000,36,39,40,43,44,44,44,44,44,44,44,227,0,38,38.84965604548609,32.50183002091944,91.81187598733231,7954.458149779735
1750615559,1,GET,/product/1YMWWN1N4O,1.700000,0.000000,37,39,40,40,42,43,44,44,44,44,44,189,0,38,39.62938980570201,31.56466002110392,172.10250900825486,7978.6984126984125
1750615559,1,GET,/product/2ZYFJ3GM2N,2.600000,0.000000,38,38,39,40,41,41,45,45,45,45,45,235,0,38,39.08258129575072,28.33826298592612,170.3719210345298,7974.502127659574
1750615559,1,GET,/product/66VCHSJNUP,1.800000,0.000000,38,39,40,40,44,44,44,44,44,44,44,174,0,39,43.78402454212533,30.157680972479284,495.779535965994,7940.459770114942
1750615559,1,GET,/product/6E92ZMYYFZ,2.800000,0.000000,38,39,40,42,45,47,52,52,52,52,52,216,0,38,39.38286375880664,31.463888997677714,173.24102099519223,7929.740740740741
1750615559,1,GET,/product/9SIQT8TOJO,1.600000,0.000000,37,39,40,40,41,43,43,43,43,43,43,226,0,39,40.05118274846963,31.76911303307861,170.09381600655615,7980.849557522124
1750615559,1,GET,/product/L9ECAV7KIM,3.400000,0.000000,37,39,39,39,41,44,180,180,180,180,180,238,0,38,40.28704137386786,31.058341031894088,178.531433979515,7948.697478991597
1750615559,1,GET,/product/LS4PSXUNUM,2.200000,0.000000,37,37,38,39,42,44,47,47,47,47,47,237,0,38,38.97636149074678,31.471989990677685,172.0081259845756,7947.0
1750615559,1,GET,/product/OLJCESPC7Z,2.100000,0.000000,37,38,38,39,42,43,43,43,43,43,43,210,0,38,38.81990002368444,30.94358800444752,161.2299449625425,7981.495238095238
1750615559,1,,Aggregated,20.200000,0.000000,37,38,39,40,43,44,47,52,180,180,180,1953,0,38,39.839144352169235,28.33826298592612,495.779535965994,7960.891961085509
1750615560,1,GET,/,0.000000,0.000000,0,0,0,0,0,0,0,0,0,0,0,1,0,158.03705103462562,158.03705103462562,158.03705103462562,158.03705103462562,10499.0
1750615560,1,GET,/product/0PUK6V6EV0,2.300000,0.000000,36,39,40,40,44,44,44,44,44,44,44,229,0,38,38.818314416571944,32.50183002091944,91.81187598733231,7954.541484716157
1750615560,1,GET,/product/1YMWWN1N4O,2.100000,0.000000,39,40,40,41,43,44,48,48,48,48,48,197,0,38,39.65067941202607,31.56466002110392,172.10250900825486,7979.055837563452
1750615560,1,GET,/product/2ZYFJ3GM2N,2.600000,0.000000,38,38,40,41,41,45,45,45,45,45,45,236,0,38,39.06144470127371,28.33826298592612,170.3719210345298,7974.466101694915
1750615560,1,GET,/product/66VCHSJNUP,1.400000,0.000000,36,38,39,40,40,43,43,43,43,43,43,175,0,39,43.732120173517615,30.157680972479284,495.779535965994,7940.377142857143
1750615560,1,GET,/product/6E92ZMYYFZ,2.600000,0.000000,38,39,40,40,45,45,47,47,47,47,47,217,0,38,39.36413493520293,31.463888997677714,173.24102099519223,7929.774193548387
1750615560,1,GET,/product/9SIQT8TOJO,1.800000,0.000000,37,39,40,40,41,43,44,44,44,44,44,229,0,39,40.0224206687,31.76911303307861,170.09381600655615,7981.056768558952
1750615560,1,GET,/product/L9ECAV7KIM,3.600000,0.000000,36,38,39,39,40,40,44,44,44,44,44,238,0,38,40.28704137386786,31.058341031894088,178.531433979515,7948.697478991597
1750615560,1,GET,/product/LS4PSXUNUM,2.100000,0.000000,37,37,38,39,42,44,47,47,47,47,47,240,0,38,38.93359488865826,31.471989990677685,172.0081259845756,7947.025
1750615560,1,GET,/product/OLJCESPC7Z,1.900000,0.000000,37,38,38,39,42,43,43,43,43,43,43,212,0,37,38.78389248560745,30.94358800444752,161.2299449625425,7981.481132075472
1750615560,1,,Aggregated,20.400000,0.000000,37,38,39,40,42,44,45,47,48,48,48,1974,0,38,39.81355233928245,28.33826298592612,495.779535965994,7961.031408308004
1750615561,1,GET,/,0.000000,0.000000,0,0,0,0,0,0,0,0,0,0,0,1,0,158.03705103462562,158.03705103462562,158.03705103462562,158.03705103462562,10499.0
1750615561,1,GET,/product/0PUK6V6EV0,1.700000,0.000000,35,36,39,40,44,44,44,44,44,44,44,230,0,38,38.79598598856398,32.50183002091944,91.81187598733231,7954.426086956521
1750615561,1,GET,/product/1YMWWN1N4O,2.200000,0.000000,39,40,41,42,43,44,48,48,48,48,48,200,0,38,39.66141287586652,31.56466002110392,172.10250900825486,7978.85
1750615561,1,GET,/product/2ZYFJ3GM2N,2.500000,0.000000,38,38,40,41,44,45,45,45,45,45,45,238,0,38,39.09485722488935,28.33826298592612,170.3719210345298,7974.529411764706
1750615561,1,GET,/product/66VCHSJNUP,1.600000,0.000000,37,38,40,40,43,46,46,46,46,46,46,179,0,39,43.64711794040983,30.157680972479284,495.779535965994,7940.134078212291
1750615561,1,GET,/product/6E92ZMYYFZ,2.500000,0.000000,38,38,40,40,45,45,47,47,47,47,47,221,0,38,39.3452550407301,31.463888997677714,173.24102099519223,7929.669683257918
1750615561,1,GET,/product/9SIQT8TOJO,1.900000,0.000000,38,39,39,40,41,43,44,44,44,44,44,231,0,39,40.00911362382515,31.76911303307861,170.09381600655615,7981.177489177489
1750615561,1,GET,/product/L9ECAV7KIM,3.500000,0.000000,37,38,39,39,40,42,44,44,44,44,44,239,0,38,40.29369091631642,31.058341031894088,178.531433979515,7948.594142259414
1750615561,1,GET,/product/LS4PSXUNUM,2.400000,0.000000,37,37,38,39,42,44,47,47,47,47,47,241,0,38,38.93200634554593,31.471989990677685,172.0081259845756,7946.9751037344395
1750615561,1,GET,/product/OLJCESPC7Z,2.100000,0.000000,37,38,39,40,42,43,43,43,43,43,43,214,0,37,38.791155102597465,30.94358800444752,161.2299449625425,7981.345794392523
1750615561,1,,Aggregated,20.400000,0.000000,37,39,40,40,43,44,46,47,48,48,48,1994,0,38,39.810594782232535,28.33826298592612,495.779535965994,7960.913239719158
1750615562,1,GET,/,0.000000,0.000000,0,0,0,0,0,0,0,0,0,0,0,1,0,158.03705103462562,158.03705103462562,158.03705103462562,158.03705103462562,10499.0
1750615562,1,GET,/product/0PUK6V6EV0,1.700000,0.000000,36,39,40,44,44,45,45,45,45,45,45,232,0,38,38.81315523000828,32.50183002091944,91.81187598733231,7954.318965517241
1750615562,1,GET,/product/1YMWWN1N4O,2.700000,0.000000,39,40,41,42,44,48,51,51,51,51,51,203,0,38,39.69223188750189,31.56466002110392,172.10250900825486,7978.8078817733995
1750615562,1,GET,/product/2ZYFJ3GM2N,2.300000,0.000000,38,39,41,42,45,48,48,48,48,48,48,241,0,38,39.131485346242926,28.33826298592612,170.3719210345298,7974.50622406639
1750615562,1,GET,/product/66VCHSJNUP,1.700000,0.000000,38,40,40,42,43,46,46,46,46,46,46,182,0,39,43.583224847360135,30.157680972479284,495.779535965994,7940.087912087912
1750615562,1,GET,/product/6E92ZMYYFZ,2.400000,0.000000,37,38,38,40,45,45,45,45,45,45,45,221,0,38,39.3452550407301,31.463888997677714,173.24102099519223,7929.669683257918
1750615562,1,GET,/product/9SIQT8TOJO,2.100000,0.000000,38,39,40,41,43,44,44,44,44,44,44,232,0,39,40.00882317280951,31.76911303307861,170.09381600655615,7981.0948275862065
1750615562,1,GET,/product/L9ECAV7KIM,3.200000,0.000000,38,39,40,40,43,44,44,44,44,44,44,240,0,38,40.303874666521246,31.058341031894088,178.531433979515,7948.483333333334
1750615562,1,GET,/product/LS4PSXUNUM,2.600000,0.000000,37,38,39,42,42,44,47,47,47,47,47,244,0,38,38.93669131669964,31.471989990677685,172.0081259845756,7946.983606557377
1750615562,1,GET,/product/OLJCESPC7Z,1.900000,0.000000,38,38,40,41,42,43,74,74,74,74,74,217,0,38,38.960762912340996,30.94358800444752,161.2299449625425,7981.3133640553
1750615562,1,,Aggregated,20.600000,0.000000,38,39,40,41,43,45,48,51,74,74,74,2013,0,38,39.8352526187454,28.33826298592612,495.779535965994,7960.887729756582
1750615563,1,GET,/,0.000000,0.000000,0,0,0,0,0,0,0,0,0,0,0,1,0,158.03705103462562,158.03705103462562,158.03705103462562,158.03705103462562,10499.0
1750615563,1,GET,/product/0PUK6V6EV0,1.600000,0.000000,36,39,40,44,44,45,45,45,45,45,45,232,0,38,38.81315523000828,32.50183002091944,91.81187598733231,7954.318965517241
1750615563,1,GET,/product/1YMWWN1N4O,3.100000,0.000000,39,40,41,42,44,51,51,51,51,51,51,206,0,38,39.73308537472989,31.56466002110392,172.10250900825486,7978.73786407767
1750615563,1,GET,/product/2ZYFJ3GM2N,2.200000,0.000000,39,41,44,45,48,50,50,50,50,50,50,243,0,38,39.20484953674913,28.33826298592612,170.3719210345298,7974.633744855967
1750615563,1,GET,/product/66VCHSJNUP,1.900000,0.000000,39,41,42,43,44,46,46,46,46,46,46,185,0,39,43.57600616844925,30.157680972479284,495.779535965994,7939.945945945946
1750615563,1,GET,/product/6E92ZMYYFZ,2.700000,0.000000,38,42,44,45,47,60,60,60,60,60,60,225,0,38,39.493722862098366,31.463888997677714,173.24102099519223,7929.7555555555555
1750615563,1,GET,/product/9SIQT8TOJO,2.000000,0.000000,38,39,40,40,43,44,44,44,44,44,44,234,0,39,40.01260306895114,31.76911303307861,170.09381600655615,7981.1623931623935
1750615563,1,GET,/product/L9ECAV7KIM,2.900000,0.000000,37,39,40,40,43,44,44,44,44,44,44,240,0,38,40.303874666521246,31.058341031894088,178.531433979515,7948.483333333334
1750615563,1,GET,/product/LS4PSXUNUM,2.500000,0.000000,38,39,42,43,43,44,47,47,47,47,47,248,0,38,38.983176529478854,31.471989990677685,172.0081259845756,7947.241935483871
1750615563,1,GET,/product/OLJCESPC7Z,1.900000,0.000000,38,38,40,41,42,43,74,74,74,74,74,218,0,38,38.94114571088421,30.94358800444752,161.2299449625425,7981.201834862385
1750615563,1,,Aggregated,20.800000,0.000000,38,40,41,42,44,46,51,60,74,74,74,2032,0,38,39.86959077585598,28.33826298592612,495.779535965994,7960.870078740158
1750615564,1,GET,/,0.000000,0.000000,0,0,0,0,0,0,0,0,0,0,0,1,0,158.03705103462562,158.03705103462562,158.03705103462562,158.03705103462562,10499.0
1750615564,1,GET,/product/0PUK6V6EV0,1.600000,0.000000,37,39,44,44,44,45,45,45,45,45,45,232,0,38,38.81315523000828,32.50183002091944,91.81187598733231,7954.318965517241
1750615564,1,GET,/product/1YMWWN1N4O,3.300000,0.000000,39,40,41,42,48,51,51,51,51,51,51,207,0,38,39.74857207827477,31.56466002110392,172.10250900825486,7978.695652173913
1750615564,1,GET,/product/2ZYFJ3GM2N,2.200000,0.000000,39,41,44,45,48,50,50,50,50,50,50,247,0,38,39.16454233765519,28.33826298592612,170.3719210345298,7974.380566801619
1750615564,1,GET,/product/66VCHSJNUP,1.800000,0.000000,39,41,42,42,44,44,46,46,46,46,46,188,0,39,43.50257641047566,30.157680972479284,495.779535965994,7940.13829787234
1750615564,1,GET,/product/6E92ZMYYFZ,2.400000,0.000000,38,42,44,45,47,60,60,60,60,60,60,227,0,38,39.45931750206105,31.463888997677714,173.24102099519223,7929.687224669604
1750615564,1,GET,/product/9SIQT8TOJO,2.200000,0.000000,38,39,40,40,43,44,44,44,44,44,44,235,0,39,40.00769034523437,31.76911303307861,170.09381600655615,7981.2
1750615564,1,GET,/product/L9ECAV7KIM,2.500000,0.000000,39,40,42,42,43,44,44,44,44,44,44,241,0,38,40.30963489196468,31.058341031894088,178.531433979515,7948.331950207469
1750615564,1,GET,/product/LS4PSXUNUM,2.400000,0.000000,38,39,42,42,43,45,47,47,47,47,47,254,0,38,38.97199457635971,31.471989990677685,172.0081259845756,7947.133858267716
1750615564,1,GET,/product/OLJCESPC7Z,2.200000,0.000000,38,40,41,42,43,44,74,74,74,74,74,220,0,38,38.9690378228393,30.94358800444752,161.2299449625425,7981.281818181818
1750615564,1,,Aggregated,20.600000,0.000000,38,40,42,42,44,46,51,60,74,74,74,2052,0,38,39.85796250665259,28.33826298592612,495.779535965994,7960.785575048733
1750615565,1,GET,/,0.000000,0.000000,0,0,0,0,0,0,0,0,0,0,0,1,0,158.03705103462562,158.03705103462562,158.03705103462562,158.03705103462562,10499.0
1750615565,1,GET,/product/0PUK6V6EV0,1.400000,0.000000,39,40,44,44,44,45,45,45,45,45,45,234,0,38,38.80953755275482,32.50183002091944,91.81187598733231,7954.418803418804
1750615565,1,GET,/product/1YMWWN1N4O,3.300000,0.000000,40,40,41,42,48,51,51,51,51,51,51,208,0,38,39.753005332806005,31.56466002110392,172.10250900825486,7978.682692307692
1750615565,1,GET,/product/2ZYFJ3GM2N,2.200000,0.000000,39,42,44,45,48,50,50,50,50,50,50,248,0,38,39.17537717901606,28.33826298592612,170.3719210345298,7974.4112903225805
1750615565,1,GET,/product/66VCHSJNUP,2.100000,0.000000,40,41,42,42,44,44,46,46,46,46,46,189,0,39,43.46570530789288,30.157680972479284,495.779535965994,7940.190476190476
1750615565,1,GET,/product/6E92ZMYYFZ,2.300000,0.000000,38,42,44,45,47,60,60,60,60,60,60,227,0,38,39.45931750206105,31.463888997677714,173.24102099519223,7929.687224669604
1750615565,1,GET,/product/9SIQT8TOJO,2.200000,0.000000,39,39,40,40,43,44,44,44,44,44,44,236,0,39,39.96807733531923,30.659020005259663,170.09381600655615,7981.186440677966
1750615565,1,GET,/product/L9ECAV7KIM,2.000000,0.000000,39,40,42,42,43,44,44,44,44,44,44,247,0,38,40.258450627087534,31.058341031894088,178.531433979515,7948.421052631579
1750615565,1,GET,/product/LS4PSXUNUM,2.800000,0.000000,38,39,42,42,43,45,180,180,180,180,180,258,0,38,39.50616004023983,31.471989990677685,181.33206095080823,7947.131782945737
1750615565,1,GET,/product/OLJCESPC7Z,2.000000,0.000000,38,40,41,42,43,44,74,74,74,74,74,222,0,38,38.95629570307629,30.94358800444752,161.2299449625425,7981.045045045045
1750615565,1,,Aggregated,20.300000,0.000000,39,40,42,42,44,46,51,74,180,180,180,2070,0,38,39.90969147664216,28.33826298592612,495.779535965994,7960.753623188406
1750615566,1,GET,/,0.000000,0.000000,0,0,0,0,0,0,0,0,0,0,0,1,0,158.03705103462562,158.03705103462562,158.03705103462562,158.03705103462562,10499.0
1750615566,1,GET,/product/0PUK6V6EV0,1.200000,0.000000,39,40,44,44,45,47,47,47,47,47,47,238,0,38,38.85726825389894,32.50183002091944,91.81187598733231,7954.420168067227
1750615566,1,GET,/product/1YMWWN1N4O,3.200000,0.000000,39,40,41,42,48,51,51,51,51,51,51,209,0,38,39.73855875721023,31.56466002110392,172.10250900825486,7978.736842105263
1750615566,1,GET,/product/2ZYFJ3GM2N,2.200000,0.000000,39,42,44,45,48,50,50,50,50,50,50,249,0,38,39.167251331071526,28.33826298592612,170.3719210345298,7974.313253012048
1750615566,1,GET,/product/66VCHSJNUP,2.200000,0.000000,40,42,42,42,44,44,46,46,46,46,46,191,0,39,43.45001610567676,30.157680972479284,495.779535965994,7940.387434554974
1750615566,1,GET,/product/6E92ZMYYFZ,2.200000,0.000000,40,42,44,44,47,60,60,60,60,60,60,229,0,38,39.462359641947046,31.463888997677714,173.24102099519223,7929.759825327511
1750615566,1,GET,/product/9SIQT8TOJO,2.000000,0.000000,39,39,40,40,43,44,44,44,44,44,44,238,0,39,39.943661853307155,30.659020005259663,170.09381600655615,7981.27731092437
1750615566,1,GET,/product/L9ECAV7KIM,1.900000,0.000000,40,41,42,42,43,44,44,44,44,44,44,250,0,38,40.25799083546735,31.058341031894088,178.531433979515,7948.304
1750615566,1,GET,/product/LS4PSXUNUM,3.000000,0.000000,39,40,42,43,44,45,180,180,180,180,180,261,0,38,39.4928819864321,31.471989990677685,181.33206095080823,7947.191570881226
1750615566,1,GET,/product/OLJCESPC7Z,2.300000,0.000000,38,40,41,42,44,74,74,74,74,74,74,224,0,38,38.91003665194148,30.94358800444752,161.2299449625425,7980.803571428572
1750615566,1,,Aggregated,20.200000,0.000000,39,41,42,43,44,47,51,74,180,180,180,2090,0,38,39.90166714344214,28.33826298592612,495.779535965994,7960.706698564593
1750615567,1,GET,/,0.000000,0.000000,0,0,0,0,0,0,0,0,0,0,0,1,0,158.03705103462562,158.03705103462562,158.03705103462562,158.03705103462562,10499.0
1750615567,1,GET,/product/0PUK6V6EV0,1.400000,0.000000,38,40,44,44,45,47,47,47,47,47,47,240,0,38,38.827935347459665,32.50183002091944,91.81187598733231,7954.408333333334
1750615567,1,GET,/product/1YMWWN1N4O,3.000000,0.000000,40,41,42,42,48,51,51,51,51,51,51,210,0,38,39.74950576306409,31.56466002110392,172.10250900825486,7978.771428571428
1750615567,1,GET,/product/2ZYFJ3GM2N,2.000000,0.000000,39,42,44,45,48,50,50,50,50,50,50,252,0,38,39.16778177968116,28.33826298592612,170.3719210345298,7974.015873015873
1750615567,1,GET,/product/66VCHSJNUP,2.100000,0.000000,40,42,42,42,44,44,46,46,46,46,46,192,0,39,43.39696251129984,30.157680972479284,495.779535965994,7940.583333333333
1750615567,1,GET,/product/6E92ZMYYFZ,2.000000,0.000000,40,42,44,44,47,60,60,60,60,60,60,233,0,38,39.500964154207544,31.463888997677714,173.24102099519223,7929.600858369099
1750615567,1,GET,/product/9SIQT8TOJO,2.000000,0.000000,39,39,40,40,43,44,44,44,44,44,44,240,0,39,39.92897031688093,30.659020005259663,170.09381600655615,7981.325
1750615567,1,GET,/product/L9ECAV7KIM,2.100000,0.000000,41,41,42,42,43,44,44,44,44,44,44,252,0,38,40.245590983503796,31.058341031894088,178.531433979515,7948.373015873016
1750615567,1,GET,/product/LS4PSXUNUM,3.100000,0.000000,39,40,42,43,44,48,180,180,180,180,180,266,0,38,39.504960002080026,31.471989990677685,181.33206095080823,7947.0526315789475
1750615567,1,GET,/product/OLJCESPC7Z,2.200000,0.000000,38,38,41,42,44,74,74,74,74,74,74,225,0,38,38.89185428903956,30.94358800444752,161.2299449625425,7980.635555555556
1750615567,1,,Aggregated,19.900000,0.000000,39,41,42,43,44,47,51,74,180,180,180,2111,0,38,39.89303106713858,28.33826298592612,495.779535965994,7960.590715300806
1750615568,1,GET,/,0.000000,0.000000,0,0,0,0,0,0,0,0,0,0,0,1,0,158.03705103462562,158.03705103462562,158.03705103462562,158.03705103462562,10499.0
1750615568,1,GET,/product/0PUK6V6EV0,1.600000,0.000000,37,39,40,44,45,47,47,47,47,47,47,240,0,38,38.827935347459665,32.50183002091944,91.81187598733231,7954.408333333334
1750615568,1,GET,/product/1YMWWN1N4O,2.400000,0.000000,40,41,42,43,49,51,51,51,51,51,51,213,0,38,39.77816916063227,31.56466002110392,172.10250900825486,7979.089201877934
1750615568,1,GET,/product/2ZYFJ3GM2N,1.900000,0.000000,39,39,42,42,46,48,50,50,50,50,50,256,0,38,39.116828818123395,28.33826298592612,170.3719210345298,7973.984375
1750615568,1,GET,/product/66VCHSJNUP,2.200000,0.000000,40,42,42,44,44,46,48,48,48,48,48,197,0,39,43.3222202399183,30.157680972479284,495.779535965994,7940.467005076142
1750615568,1,GET,/product/6E92ZMYYFZ,1.900000,0.000000,39,42,44,44,44,47,60,60,60,60,60,238,0,38,39.466616697364856,31.463888997677714,173.24102099519223,7929.588235294118
1750615568,1,GET,/product/9SIQT8TOJO,1.800000,0.000000,39,40,40,41,43,44,44,44,44,44,44,242,0,39,39.9306365620722,30.659020005259663,170.09381600655615,7981.363636363636
1750615568,1,GET,/product/L9ECAV7KIM,2.300000,0.000000,40,41,42,42,42,43,43,43,43,43,43,252,0,38,40.245590983503796,31.058341031894088,178.531433979515,7948.373015873016
1750615568,1,GET,/product/LS4PSXUNUM,3.300000,0.000000,39,40,41,43,45,48,180,180,180,180,180,267,0,38,39.493890264252904,31.471989990677685,181.33206095080823,7946.985018726592
1750615568,1,GET,/product/OLJCESPC7Z,2.400000,0.000000,37,38,41,42,44,74,74,74,74,74,74,225,0,38,38.89185428903956,30.94358800444752,161.2299449625425,7980.635555555556
1750615568,1,,Aggregated,19.800000,0.000000,39,41,42,42,44,48,51,74,180,180,180,2131,0,38,39.88342130256678,28.33826298592612,495.779535965994,7960.54669169404
1750615569,1,GET,/,0.000000,0.000000,0,0,0,0,0,0,0,0,0,0,0,1,0,158.03705103462562,158.03705103462562,158.03705103462562,158.03705103462562,10499.0
1750615569,1,GET,/product/0PUK6V6EV0,1.700000,0.000000,38,40,40,44,45,47,47,47,47,47,47,241,0,38,38.83436049964604,32.50183002091944,91.81187598733231,7954.45643153527
1750615569,1,GET,/product/1YMWWN1N4O,2.600000,0.000000,40,41,42,43,49,51,51,51,51,51,51,217,0,38,39.7421856228936,31.56466002110392,172.10250900825486,7978.903225806452
1750615569,1,GET,/product/2ZYFJ3GM2N,1.800000,0.000000,39,39,42,42,46,48,50,50,50,50,50,260,0,38,39.08057965902397,28.33826298592612,170.3719210345298,7974.253846153846
1750615569,1,GET,/product/66VCHSJNUP,2.300000,0.000000,40,41,42,42,44,46,48,48,48,48,48,203,0,39,43.11763068111705,30.157680972479284,495.779535965994,7940.334975369458
1750615569,1,GET,/product/6E92ZMYYFZ,1.900000,0.000000,39,42,44,44,44,47,60,60,60,60,60,240,0,38,39.46061806224558,31.463888997677714,173.24102099519223,7929.516666666666
1750615569,1,GET,/product/9SIQT8TOJO,1.800000,0.000000,39,40,41,41,43,44,44,44,44,44,44,243,0,39,39.92953213983802,30.659020005259663,170.09381600655615,7981.242798353909
1750615569,1,GET,/product/L9ECAV7KIM,2.100000,0.000000,40,41,42,42,42,43,43,43,43,43,43,253,0,38,40.227852513270065,31.058341031894088,178.531433979515,7948.268774703557
1750615569,1,GET,/product/LS4PSXUNUM,3.400000,0.000000,38,40,41,42,43,48,180,180,180,180,180,268,0,38,39.478955039565115,31.471989990677685,181.33206095080823,7946.962686567164
1750615569,1,GET,/product/OLJCESPC7Z,2.100000,0.000000,38,40,41,42,44,74,74,74,74,74,74,226,0,37,38.876122646178,30.94358800444752,161.2299449625425,7980.58407079646
1750615569,1,,Aggregated,19.700000,0.000000,39,41,42,42,44,48,51,74,180,180,180,2152,0,38,39.85708036740093,28.33826298592612,495.779535965994,7960.490241635688
1750615570,1,GET,/,0.000000,0.000000,0,0,0,0,0,0,0,0,0,0,0,1,0,158.03705103462562,158.03705103462562,158.03705103462562,158.03705103462562,10499.0
1750615570,1,GET,/product/0PUK6V6EV0,1.400000,0.000000,39,40,44,44,45,47,47,47,47,47,47,241,0,38,38.83436049964604,32.50183002091944,91.81187598733231,7954.45643153527
1750615570,1,GET,/product/1YMWWN1N4O,2.300000,0.000000,39,41,42,43,51,51,51,51,51,51,51,217,0,38,39.7421856228936,31.56466002110392,172.10250900825486,7978.903225806452
1750615570,1,GET,/product/2ZYFJ3GM2N,2.300000,0.000000,39,39,40,40,46,48,50,50,50,50,50,261,0,38,39.08456978678054,28.33826298592612,170.3719210345298,7974.3524904214555
1750615570,1,GET,/product/66VCHSJNUP,2.600000,0.000000,40,41,42,44,44,44,48,48,48,48,48,204,0,39,43.12120108464596,30.157680972479284,495.779535965994,7940.382352941177
1750615570,1,GET,/product/6E92ZMYYFZ,2.400000,0.000000,39,42,44,44,47,60,92,92,92,92,92,242,0,38,39.66656369388042,31.463888997677714,173.24102099519223,7929.545454545455
1750615570,1,GET,/product/9SIQT8TOJO,1.800000,0.000000,40,40,41,41,43,110,110,110,110,110,110,246,0,39,40.19927215427387,30.659020005259663,170.09381600655615,7981.211382113821
1750615570,1,GET,/product/L9ECAV7KIM,1.600000,0.000000,41,41,42,42,43,94,94,94,94,94,94,255,0,38,40.44701625825837,31.058341031894088,178.531433979515,7948.164705882353
1750615570,1,GET,/product/LS4PSXUNUM,3.500000,0.000000,39,41,43,43,62,82,180,180,180,180,180,270,0,38,39.71789736511979,31.471989990677685,181.33206095080823,7946.962962962963
1750615570,1,GET,/product/OLJCESPC7Z,1.900000,0.000000,38,38,41,44,74,98,98,98,98,98,98,229,0,38,39.11507503087856,30.94358800444752,161.2299449625425,7980.624454148472
1750615570,1,,Aggregated,19.800000,0.000000,39,41,42,43,47,60,94,110,180,180,180,2166,0,38,39.99190809215816,28.33826298592612,495.779535965994,7960.499538319483
1750615571,1,GET,/,0.000000,0.000000,0,0,0,0,0,0,0,0,0,0,0,1,0,158.03705103462562,158.03705103462562,158.03705103462562,158.03705103462562,10499.0
1750615571,1,GET,/product/0PUK6V6EV0,1.400000,0.000000,40,44,45,47,89,90,90,90,90,90,90,243,0,38,39.25095633086231,32.50183002091944,91.81187598733231,7954.378600823045
1750615571,1,GET,/product/1YMWWN1N4O,2.800000,0.000000,40,42,49,49,83,87,87,87,87,87,87,219,0,38,40.156168425689586,31.56466002110392,172.10250900825486,7978.840182648401
1750615571,1,GET,/product/2ZYFJ3GM2N,2.300000,0.000000,39,39,40,40,42,46,50,50,50,50,50,261,0,38,39.08456978678054,28.33826298592612,170.3719210345298,7974.3524904214555
1750615571,1,GET,/product/66VCHSJNUP,2.900000,0.000000,41,42,44,44,48,87,90,90,90,90,90,206,0,39,43.56295413233665,30.157680972479284,495.779535965994,7940.485436893204
1750615571,1,GET,/product/6E92ZMYYFZ,2.400000,0.000000,42,42,44,44,47,60,92,92,92,92,92,242,0,38,39.66656369388042,31.463888997677714,173.24102099519223,7929.545454545455
1750615571,1,GET,/product/9SIQT8TOJO,1.800000,0.000000,40,41,41,42,43,110,110,110,110,110,110,246,0,39,40.19927215427387,30.659020005259663,170.09381600655615,7981.211382113821
1750615571,1,GET,/product/L9ECAV7KIM,1.600000,0.000000,41,41,42,42,43,94,94,94,94,94,94,255,0,38,40.44701625825837,31.058341031894088,178.531433979515,7948.164705882353
1750615571,1,GET,/product/LS4PSXUNUM,3.000000,0.000000,39,41,43,45,82,93,180,180,180,180,180,271,0,38,39.91271075113879,31.471989990677685,181.33206095080823,7947.0
1750615571,1,GET,/product/OLJCESPC7Z,1.600000,0.000000,38,41,48,74,93,98,98,98,98,98,98,232,0,38,39.60314955650668,30.94358800444752,161.2299449625425,7980.620689655172
1750615571,1,,Aggregated,19.800000,0.000000,39,41,43,44,60,90,94,110,180,180,180,2176,0,38,40.19846296446036,28.33826298592612,495.779535965994,7960.512867647059
1750615572,1,GET,/,0.000000,0.000000,0,0,0,0,0,0,0,0,0,0,0,1,0,158.03705103462562,158.03705103462562,158.03705103462562,158.03705103462562,10499.0
1750615572,1,GET,/product/0PUK6V6EV0,1.200000,0.000000,40,47,87,89,90,98,98,98,98,98,98,245,0,38,39.68888551177343,32.50183002091944,98.44808897469193,7954.424489795919
1750615572,1,GET,/product/1YMWWN1N4O,2.100000,0.000000,41,43,55,83,87,130,130,130,130,130,130,221,0,38,40.62162792416525,31.56466002110392,172.10250900825486,7978.850678733032
1750615572,1,GET,/product/2ZYFJ3GM2N,2.500000,0.000000,39,39,40,40,85,90,90,90,90,90,90,263,0,38,39.45212921073674,28.33826298592612,170.3719210345298,7974.4790874524715
1750615572,1,GET,/product/66VCHSJNUP,2.900000,0.000000,40,42,44,44,61,87,90,90,90,90,90,207,0,39,43.64626888036143,30.157680972479284,495.779535965994,7940.299516908212
1750615572,1,GET,/product/6E92ZMYYFZ,2.500000,0.000000,38,42,43,44,44,92,92,92,92,92,92,242,0,38,39.66656369388042,31.463888997677714,173.24102099519223,7929.545454545455
1750615572,1,GET,/product/9SIQT8TOJO,1.800000,0.000000,40,41,41,42,88,110,110,110,110,110,110,247,0,39,40.39251407267156,30.659020005259663,170.09381600655615,7981.271255060728
1750615572,1,GET,/product/L9ECAV7KIM,1.700000,0.000000,41,42,42,42,94,120,120,120,120,120,120,257,0,38,40.956788435433396,31.058341031894088,178.531433979515,7948.365758754864
1750615572,1,GET,/product/LS4PSXUNUM,2.800000,0.000000,39,41,45,48,82,93,180,180,180,180,180,271,0,38,39.91271075113879,31.471989990677685,181.33206095080823,7947.0
1750615572,1,GET,/product/OLJCESPC7Z,1.600000,0.000000,38,40,48,89,93,98,98,98,98,98,98,232,0,38,39.60314955650668,30.94358800444752,161.2299449625425,7980.620689655172
1750615572,1,,Aggregated,19.100000,0.000000,40,41,44,45,88,93,110,130,180,180,180,2186,0,38,40.42832147381596,28.33826298592612,495.779535965994,7960.559926806954
1750615573,1,GET,/,0.000000,0.000000,0,0,0,0,0,0,0,0,0,0,0,1,0,158.03705103462562,158.03705103462562,158.03705103462562,158.03705103462562,10499.0
1750615573,1,GET,/product/0PUK6V6EV0,1.400000,0.000000,40,47,87,89,90,98,98,98,98,98,98,245,0,38,39.68888551177343,32.50183002091944,98.44808897469193,7954.424489795919
1750615573,1,GET,/product/1YMWWN1N4O,1.900000,0.000000,41,49,80,83,87,130,130,130,130,130,130,222,0,38,40.79821254158191,31.56466002110392,172.10250900825486,7978.972972972973
1750615573,1,GET,/product/2ZYFJ3GM2N,2.300000,0.000000,39,40,40,40,85,90,90,90,90,90,90,263,0,38,39.45212921073674,28.33826298592612,170.3719210345298,7974.4790874524715
1750615573,1,GET,/product/66VCHSJNUP,2.600000,0.000000,41,44,48,61,88,90,95,95,95,95,95,209,0,39,44.10791643655694,30.157680972479284,495.779535965994,7940.200956937799
1750615573,1,GET,/product/6E92ZMYYFZ,2.100000,0.000000,42,44,44,85,92,95,95,95,95,95,95,245,0,38,40.2781435179201,31.463888997677714,173.24102099519223,7929.481632653061
1750615573,1,GET,/product/9SIQT8TOJO,1.600000,0.000000,40,41,42,88,88,110,110,110,110,110,110,248,0,39,40.582942604575486,30.659020005259663,170.09381600655615,7981.225806451613
1750615573,1,GET,/product/L9ECAV7KIM,1.600000,0.000000,41,41,42,83,94,120,120,120,120,120,120,259,0,38,41.10216869456643,31.058341031894088,178.531433979515,7948.370656370656
1750615573,1,GET,/product/LS4PSXUNUM,3.100000,0.000000,40,48,82,87,96,180,180,180,180,180,180,273,0,38,40.2886809251568,31.471989990677685,181.33206095080823,7946.868131868132
1750615573,1,GET,/product/OLJCESPC7Z,1.700000,0.000000,38,38,89,89,93,98,98,98,98,98,98,232,0,38,39.60314955650668,30.94358800444752,161.2299449625425,7980.620689655172
1750615573,1,,Aggregated,18.300000,0.000000,40,42,49,83,90,95,120,130,180,180,180,2197,0,38,40.645607151893344,28.33826298592612,495.779535965994,7960.468365953573
1750615574,1,GET,/,0.000000,0.000000,0,0,0,0,0,0,0,0,0,0,0,1,0,158.03705103462562,158.03705103462562,158.03705103462562,158.03705103462562,10499.0
1750615574,1,GET,/product/0PUK6V6EV0,1.300000,0.000000,47,87,89,89,90,98,98,98,98,98,98,246,0,38,39.88885707898648,32.50183002091944,98.44808897469193,7954.487804878048
1750615574,1,GET,/product/1YMWWN1N4O,1.800000,0.000000,42,55,83,83,130,160,160,160,160,160,160,223,0,38,41.33591774565005,31.56466002110392,172.10250900825486,7978.941704035875
1750615574,1,GET,/product/2ZYFJ3GM2N,2.300000,0.000000,39,40,40,42,90,100,100,100,100,100,100,264,0,38,39.68253217956799,28.33826298592612,170.3719210345298,7974.575757575758
1750615574,1,GET,/product/66VCHSJNUP,2.500000,0.000000,42,61,88,88,93,95,110,110,110,110,110,212,0,39,44.8496348879691,30.157680972479284,495.779535965994,7940.169811320755
1750615574,1,GET,/product/6E92ZMYYFZ,2.100000,0.000000,42,44,44,85,92,95,95,95,95,95,95,245,0,38,40.2781435179201,31.463888997677714,173.24102099519223,7929.481632653061
1750615574,1,GET,/product/9SIQT8TOJO,1.500000,0.000000,41,42,88,88,91,110,110,110,110,110,110,249,0,39,40.78546965851946,30.659020005259663,170.09381600655615,7981.140562248996
1750615574,1,GET,/product/L9ECAV7KIM,1.600000,0.000000,41,45,88,88,94,120,120,120,120,120,120,261,0,38,41.296543309713044,31.058341031894088,178.531433979515,7948.268199233717
1750615574,1,GET,/product/LS4PSXUNUM,2.800000,0.000000,40,48,82,87,93,96,96,96,96,96,96,273,0,38,40.2886809251568,31.471989990677685,181.33206095080823,7946.868131868132
1750615574,1,GET,/product/OLJCESPC7Z,1.500000,0.000000,38,48,89,89,93,98,98,98,98,98,98,232,0,38,39.60314955650668,30.94358800444752,161.2299449625425,7980.620689655172
1750615574,1,,Aggregated,17.400000,0.000000,40,47,85,88,93,98,120,130,160,160,160,2206,0,38,40.8711614423277,28.33826298592612,495.779535965994,7960.441976427924
1750615575,1,GET,/,0.000000,0.000000,0,0,0,0,0,0,0,0,0,0,0,1,0,158.03705103462562,158.03705103462562,158.03705103462562,158.03705103462562,10499.0
1750615575,1,GET,/product/0PUK6V6EV0,1.300000,0.000000,87,89,89,90,98,98,98,98,98,98,98,247,0,38,39.985867175942865,32.50183002091944,98.44808897469193,7954.51012145749
1750615575,1,GET,/product/1YMWWN1N4O,1.500000,0.000000,49,80,83,83,130,160,160,160,160,160,160,224,0,38,41.52095602798259,31.56466002110392,172.10250900825486,7978.928571428572
1750615575,1,GET,/product/2ZYFJ3GM2N,2.000000,0.000000,39,40,85,85,95,100,100,100,100,100,100,265,0,38,39.8923204770259,28.33826298592612,170.3719210345298,7974.671698113208
1750615575,1,GET,/product/66VCHSJNUP,2.400000,0.000000,44,87,89,90,95,110,110,110,110,110,110,214,0,39,45.34305139389281,30.157680972479284,495.779535965994,7940.102803738318
1750615575,1,GET,/product/6E92ZMYYFZ,2.000000,0.000000,42,44,85,85,92,95,95,95,95,95,95,245,0,38,40.2781435179201,31.463888997677714,173.24102099519223,7929.481632653061
1750615575,1,GET,/product/9SIQT8TOJO,1.400000,0.000000,42,88,91,91,94,110,110,110,110,110,110,250,0,39,40.997805692022666,30.659020005259663,170.09381600655615,7981.208
1750615575,1,GET,/product/L9ECAV7KIM,1.800000,0.000000,84,88,88,94,110,120,120,120,120,120,120,265,0,38,42.069877089739265,31.058341031894088,178.531433979515,7948.271698113207
1750615575,1,GET,/product/LS4PSXUNUM,2.600000,0.000000,40,62,82,87,93,96,96,96,96,96,96,273,0,38,40.2886809251568,31.471989990677685,181.33206095080823,7946.868131868132
1750615575,1,GET,/product/OLJCESPC7Z,1.500000,0.000000,48,89,93,93,98,98,98,98,98,98,98,232,0,38,39.60314955650668,30.94358800444752,161.2299449625425,7980.620689655172
1750615575,1,,Aggregated,16.500000,0.000000,42,84,88,89,95,110,120,130,160,160,160,2216,0,38,41.093399332951215,28.33826298592612,495.779535965994,7960.437274368231
1750615576,1,GET,/,0.000000,0.000000,0,0,0,0,0,0,0,0,0,0,0,1,0,158.03705103462562,158.03705103462562,158.03705103462562,158.03705103462562,10499.0
1750615576,1,GET,/product/0PUK6V6EV0,1.400000,0.000000,87,89,89,90,98,98,98,98,98,98,98,248,0,38,40.10691912680481,32.50183002091944,98.44808897469193,7954.427419354839
1750615576,1,GET,/product/1YMWWN1N4O,1.600000,0.000000,80,83,90,90,130,160,160,160,160,160,160,226,0,38,42.085297465730314,31.56466002110392,172.10250900825486,7979.141592920354
1750615576,1,GET,/product/2ZYFJ3GM2N,1.800000,0.000000,40,40,90,90,96,100,100,100,100,100,100,266,0,38,40.10145240367033,28.33826298592612,170.3719210345298,7974.616541353384
1750615576,1,GET,/product/66VCHSJNUP,2.400000,0.000000,48,87,88,90,95,110,110,110,110,110,110,217,0,39,45.4973499966605,30.157680972479284,495.779535965994,7940.165898617512
1750615576,1,GET,/product/6E92ZMYYFZ,1.800000,0.000000,44,70,85,88,92,95,95,95,95,95,95,247,0,38,40.57535640838809,31.463888997677714,173.24102099519223,7929.421052631579
1750615576,1,GET,/product/9SIQT8TOJO,1.400000,0.000000,88,91,91,91,94,110,110,110,110,110,110,251,0,39,41.19554906364612,30.659020005259663,170.09381600655615,7981.099601593625
1750615576,1,GET,/product/L9ECAV7KIM,2.000000,0.000000,87,88,88,88,110,120,120,120,120,120,120,266,0,38,42.23744605936607,31.058341031894088,178.531433979515,7948.293233082707
1750615576,1,GET,/product/LS4PSXUNUM,2.000000,0.000000,82,87,93,93,96,96,96,96,96,96,96,273,0,38,40.2886809251568,31.471989990677685,181.33206095080823,7946.868131868132
1750615576,1,GET,/product/OLJCESPC7Z,1.200000,0.000000,48,89,93,93,98,98,98,98,98,98,98,232,0,38,39.60314955650668,30.94358800444752,161.2299449625425,7980.620689655172
1750615576,1,,Aggregated,15.600000,0.000000,62,87,89,91,96,110,120,130,160,160,160,2227,0,38,41.28416641208113,28.33826298592612,495.779535965994,7960.401885945218
1750615577,1,GET,/,0.000000,0.000000,0,0,0,0,0,0,0,0,0,0,0,1,0,158.03705103462562,158.03705103462562,158.03705103462562,158.03705103462562,10499.0
1750615577,1,GET,/product/0PUK6V6EV0,1.200000,0.000000,89,89,90,92,98,98,98,98,98,98,98,249,0,38,40.31593935941926,32.50183002091944,98.44808897469193,7954.506024096386
1750615577,1,GET,/product/1YMWWN1N4O,1.600000,0.000000,80,83,90,120,130,160,160,160,160,160,160,226,0,38,42.085297465730314,31.56466002110392,172.10250900825486,7979.141592920354
1750615577,1,GET,/product/2ZYFJ3GM2N,1.800000,0.000000,82,90,95,95,96,100,100,100,100,100,100,267,0,38,40.256687858986076,28.33826298592612,170.3719210345298,7974.6441947565545
1750615577,1,GET,/product/66VCHSJNUP,2.400000,0.000000,87,89,90,91,95,110,110,110,110,110,110,220,0,39,46.10575598754539,30.157680972479284,495.779535965994,7940.445454545455
1750615577,1,GET,/product/6E92ZMYYFZ,1.800000,0.000000,85,88,88,92,95,95,95,95,95,95,95,248,0,38,40.76814521719033,31.463888997677714,173.24102099519223,7929.314516129032
1750615577,1,GET,/product/9SIQT8TOJO,1.400000,0.000000,88,91,91,94,110,110,110,110,110,110,110,251,0,39,41.19554906364612,30.659020005259663,170.09381600655615,7981.099601593625
1750615577,1,GET,/product/L9ECAV7KIM,1.900000,0.000000,88,88,94,94,110,120,120,120,120,120,120,268,0,38,42.613430264051445,31.058341031894088,178.531433979515,7948.186567164179
1750615577,1,GET,/product/LS4PSXUNUM,1.500000,0.000000,82,87,93,93,96,96,96,96,96,96,96,273,0,38,40.2886809251568,31.471989990677685,181.33206095080823,7946.868131868132
1750615577,1,GET,/product/OLJCESPC7Z,1.100000,0.000000,81,89,92,93,98,98,98,98,98,98,98,234,0,38,40.00452738931864,30.94358800444752,161.2299449625425,7980.7692307692305
1750615577,1,,Aggregated,14.700000,0.000000,85,89,91,93,98,110,120,130,160,160,160,2237,0,38,41.497825925644555,28.33826298592612,495.779535965994,7960.4023245417975
1750615578,1,GET,/,0.000000,0.000000,0,0,0,0,0,0,0,0,0,0,0,1,0,158.03705103462562,158.03705103462562,158.03705103462562,158.03705103462562,10499.0
1750615578,1,GET,/product/0PUK6V6EV0,0.900000,0.000000,89,89,90,92,98,98,98,98,98,98,98,250,0,38,40.38202513800934,32.50183002091944,98.44808897469193,7954.616
1750615578,1,GET,/product/1YMWWN1N4O,1.800000,0.000000,80,87,89,90,130,160,160,160,160,160,160,228,0,38,42.28931532130095,31.56466002110392,172.10250900825486,7979.1578947368425
1750615578,1,GET,/product/2ZYFJ3GM2N,1.700000,0.000000,85,90,95,96,100,100,100,100,100,100,100,267,0,38,40.256687858986076,28.33826298592612,170.3719210345298,7974.6441947565545
1750615578,1,GET,/product/66VCHSJNUP,2.700000,0.000000,88,90,91,93,110,110,140,140,140,140,140,223,0,39,46.659429777140055,30.157680972479284,495.779535965994,7940.520179372197
1750615578,1,GET,/product/6E92ZMYYFZ,1.800000,0.000000,88,88,92,95,150,150,150,150,150,150,150,249,0,38,41.21880352952476,31.463888997677714,173.24102099519223,7929.369477911647
1750615578,1,GET,/product/9SIQT8TOJO,1.200000,0.000000,91,91,94,94,110,110,110,110,110,110,110,251,0,39,41.19554906364612,30.659020005259663,170.09381600655615,7981.099601593625
1750615578,1,GET,/product/L9ECAV7KIM,1.600000,0.000000,88,89,94,94,110,120,120,120,120,120,120,269,0,39,42.78583369792533,31.058341031894088,178.531433979515,7948.2007434944235
1750615578,1,GET,/product/LS4PSXUNUM,1.300000,0.000000,87,90,93,93,96,96,96,96,96,96,96,274,0,38,40.4689061443957,31.471989990677685,181.33206095080823,7946.8175182481755
1750615578,1,GET,/product/OLJCESPC7Z,0.800000,0.000000,81,89,92,93,98,98,98,98,98,98,98,236,0,38,40.08626728022661,30.94358800444752,161.2299449625425,7980.6016949152545
1750615578,1,,Aggregated,13.800000,0.000000,88,90,92,94,110,120,150,160,160,160,160,2248,0,38,41.68633863332373,28.33826298592612,495.779535965994,7960.387900355872
1750615579,1,GET,/,0.000000,0.000000,0,0,0,0,0,0,0,0,0,0,0,1,0,158.03705103462562,158.03705103462562,158.03705103462562,158.03705103462562,10499.0
1750615579,1,GET,/product/0PUK6V6EV0,0.900000,0.000000,88,89,90,90,92,98,98,98,98,98,98,252,0,38,40.71633425187356,32.50183002091944,98.44808897469193,7954.444444444444
1750615579,1,GET,/product/1YMWWN1N4O,1.600000,0.000000,89,90,120,120,130,160,160,160,160,160,160,229,0,38,42.5222711584238,31.56466002110392,172.10250900825486,7979.205240174672
1750615579,1,GET,/product/2ZYFJ3GM2N,1.700000,0.000000,85,90,95,96,100,100,100,100,100,100,100,267,0,38,40.256687858986076,28.33826298592612,170.3719210345298,7974.6441947565545
1750615579,1,GET,/product/66VCHSJNUP,2.700000,0.000000,89,91,93,95,110,140,140,140,140,140,140,224,0,39,46.85533090767941,30.157680972479284,495.779535965994,7940.625
1750615579,1,GET,/product/6E92ZMYYFZ,1.600000,0.000000,88,91,92,92,95,150,150,150,150,150,150,251,0,38,41.605146405606185,31.463888997677714,173.24102099519223,7929.334661354582
1750615579,1,GET,/product/9SIQT8TOJO,1.100000,0.000000,88,91,91,94,110,110,110,110,110,110,110,252,0,39,41.38307659914496,30.659020005259663,170.09381600655615,7980.984126984127
1750615579,1,GET,/product/L9ECAV7KIM,1.600000,0.000000,88,89,94,95,110,120,120,120,120,120,120,271,0,39,43.144879220448765,31.058341031894088,178.531433979515,7948.428044280443
1750615579,1,GET,/product/LS4PSXUNUM,0.800000,0.000000,90,93,96,96,99,99,99,99,99,99,99,275,0,38,40.68212414753031,31.471989990677685,181.33206095080823,7946.8836363636365
1750615579,1,GET,/product/OLJCESPC7Z,0.800000,0.000000,81,89,92,92,93,93,93,93,93,93,93,236,0,38,40.08626728022661,30.94358800444752,161.2299449625425,7980.6016949152545
1750615579,1,,Aggregated,12.800000,0.000000,88,90,93,95,100,120,150,160,160,160,160,2258,0,38,41.90075983068773,28.33826298592612,495.779535965994,7960.361824623561
1750615580,1,GET,/,0.000000,0.000000,0,0,0,0,0,0,0,0,0,0,0,1,0,158.03705103462562,158.03705103462562,158.03705103462562,158.03705103462562,10499.0
1750615580,1,GET,/product/0PUK6V6EV0,1.000000,0.000000,88,89,92,92,98,98,98,98,98,98,98,253,0,38,40.91852647229374,32.50183002091944,98.44808897469193,7954.442687747036
1750615580,1,GET,/product/1YMWWN1N4O,1.700000,0.000000,90,90,120,120,130,160,160,160,160,160,160,231,0,38,42.92423186724949,31.56466002110392,172.10250900825486,7979.177489177489
1750615580,1,GET,/product/2ZYFJ3GM2N,1.100000,0.000000,90,95,96,96,100,100,100,100,100,100,100,268,0,38,40.43867629618252,28.33826298592612,170.3719210345298,7974.492537313433
1750615580,1,GET,/product/66VCHSJNUP,2.600000,0.000000,89,91,93,95,110,140,140,140,140,140,140,224,0,39,46.85533090767941,30.157680972479284,495.779535965994,7940.625
1750615580,1,GET,/product/6E92ZMYYFZ,1.100000,0.000000,88,88,91,95,150,150,150,150,150,150,150,252,0,38,41.78766073337535,31.463888997677714,173.24102099519223,7929.222222222223
1750615580,1,GET,/product/9SIQT8TOJO,0.900000,0.000000,88,91,91,91,94,94,94,94,94,94,94,253,0,39,41.565634237083316,30.659020005259663,170.09381600655615,7980.916996047431
1750615580,1,GET,/product/L9ECAV7KIM,1.700000,0.000000,88,90,93,95,110,120,120,120,120,120,120,273,0,39,43.4989249587465,31.058341031894088,178.531433979515,7948.358974358975
1750615580,1,GET,/product/LS4PSXUNUM,0.700000,0.000000,90,93,96,96,99,99,99,99,99,99,99,277,0,38,41.03969354018576,31.471989990677685,181.33206095080823,7946.942238267148
1750615580,1,GET,/product/OLJCESPC7Z,1.100000,0.000000,59,81,81,92,92,92,92,92,92,92,92,236,0,38,40.08626728022661,30.94358800444752,161.2299449625425,7980.6016949152545
1750615580,1,,Aggregated,11.900000,0.000000,88,91,93,95,100,120,150,160,160,160,160,2268,0,38,42.11165690028751,28.33826298592612,495.779535965994,7960.313051146384
1750615581,1,GET,/,0.000000,0.000000,0,0,0,0,0,0,0,0,0,0,0,1,0,158.03705103462562,158.03705103462562,158.03705103462562,158.03705103462562,10499.0
1750615581,1,GET,/product/0PUK6V6EV0,1.000000,0.000000,88,89,92,92,98,98,98,98,98,98,98,253,0,38,40.91852647229374,32.50183002091944,98.44808897469193,7954.442687747036
1750615581,1,GET,/product/1YMWWN1N4O,1.200000,0.000000,90,93,96,120,130,160,160,160,160,160,160,232,0,38,43.137969932386426,31.56466002110392,172.10250900825486,7979.25
1750615581,1,GET,/product/2ZYFJ3GM2N,0.900000,0.000000,90,95,96,96,100,100,100,100,100,100,100,269,0,38,40.61263273374894,28.33826298592612,170.3719210345298,7974.446096654275
1750615581,1,GET,/product/66VCHSJNUP,2.200000,0.000000,89,91,95,110,130,140,140,140,140,140,140,226,0,39,47.356688306745205,30.157680972479284,495.779535965994,7940.690265486725
1750615581,1,GET,/product/6E92ZMYYFZ,1.100000,0.000000,88,88,91,91,95,150,150,150,150,150,150,253,0,38,41.844045038872466,31.463888997677714,173.24102099519223,7929.268774703557
1750615581,1,GET,/product/9SIQT8TOJO,0.900000,0.000000,91,91,94,94,94,94,94,94,94,94,94,254,0,39,41.77184394096926,30.659020005259663,170.09381600655615,7981.0157480314965
1750615581,1,GET,/product/L9ECAV7KIM,1.800000,0.000000,88,90,90,93,96,110,110,110,110,110,110,274,0,39,43.669406561067085,31.058341031894088,178.531433979515,7948.284671532847
1750615581,1,GET,/product/LS4PSXUNUM,0.700000,0.000000,96,96,99,99,220,220,220,220,220,220,220,278,0,38,41.680353916025716,31.471989990677685,219.1432780236937,7946.89928057554
1750615581,1,GET,/product/OLJCESPC7Z,1.000000,0.000000,81,81,92,92,97,97,97,97,97,97,97,237,0,38,40.32639838447637,30.94358800444752,161.2299449625425,7980.637130801688
1750615581,1,,Aggregated,10.800000,0.000000,89,91,93,95,100,130,160,220,220,220,220,2277,0,38,42.35939701137059,28.33826298592612,495.779535965994,7960.317523056653
1750615582,1,GET,/,0.000000,0.000000,0,0,0,0,0,0,0,0,0,0,0,1,0,158.03705103462562,158.03705103462562,158.03705103462562,158.03705103462562,10499.0
1750615582,1,GET,/product/0PUK6V6EV0,1.200000,0.000000,77,88,89,92,92,92,92,92,92,92,92,255,0,38,41.137729699759944,32.50183002091944,98.44808897469193,7954.35294117647
1750615582,1,GET,/product/1YMWWN1N4O,1.300000,0.000000,90,90,96,96,120,160,160,160,160,160,160,233,0,38,43.24223391103155,31.56466002110392,172.10250900825486,7979.244635193133
1750615582,1,GET,/product/2ZYFJ3GM2N,0.700000,0.000000,89,95,96,96,100,100,100,100,100,100,100,270,0,38,40.62438400147517,28.33826298592612,170.3719210345298,7974.377777777778
1750615582,1,GET,/product/66VCHSJNUP,2.000000,0.000000,90,93,110,110,130,140,140,140,140,140,140,227,0,39,47.616928794558696,30.157680972479284,495.779535965994,7940.519823788546
1750615582,1,GET,/product/6E92ZMYYFZ,1.000000,0.000000,88,88,91,91,95,150,150,150,150,150,150,253,0,38,41.844045038872466,31.463888997677714,173.24102099519223,7929.268774703557
1750615582,1,GET,/product/9SIQT8TOJO,0.600000,0.000000,91,91,94,94,94,150,150,150,150,150,150,259,0,39,42.668845023353974,30.659020005259663,170.09381600655615,7980.918918918919
1750615582,1,GET,/product/L9ECAV7KIM,1.800000,0.000000,89,90,93,94,96,110,110,110,110,110,110,275,0,39,43.85372450808063,31.058341031894088,178.531433979515,7948.341818181818
1750615582,1,GET,/product/LS4PSXUNUM,0.900000,0.000000,96,96,99,99,220,220,220,220,220,220,220,278,0,38,41.680353916025716,31.471989990677685,219.1432780236937,7946.89928057554
1750615582,1,GET,/product/OLJCESPC7Z,0.800000,0.000000,81,81,92,92,97,97,97,97,97,97,97,237,0,38,40.32639838447637,30.94358800444752,161.2299449625425,7980.637130801688
1750615582,1,,Aggregated,10.300000,0.000000,89,91,94,95,110,140,160,220,220,220,220,2288,0,38,42.54513480939183,28.33826298592612,495.779535965994,7960.318618881119
1750615583,1,GET,/,0.000000,0.000000,0,0,0,0,0,0,0,0,0,0,0,1,0,158.03705103462562,158.03705103462562,158.03705103462562,158.03705103462562,10499.0
1750615583,1,GET,/product/0PUK6V6EV0,1.000000,0.000000,81,88,89,89,92,92,92,92,92,92,92,257,0,38,41.474727550222525,32.50183002091944,98.44808897469193,7954.451361867705
1750615583,1,GET,/product/1YMWWN1N4O,1.300000,0.000000,89,90,93,93,96,120,120,120,120,120,120,234,0,38,43.29930951830764,31.56466002110392,172.10250900825486,7979.119658119658
1750615583,1,GET,/product/2ZYFJ3GM2N,0.800000,0.000000,89,89,95,95,96,96,96,96,96,96,96,270,0,38,40.62438400147517,28.33826298592612,170.3719210345298,7974.377777777778
1750615583,1,GET,/product/66VCHSJNUP,2.000000,0.000000,89,91,110,110,130,140,140,140,140,140,140,228,0,39,47.57923360254305,30.157680972479284,495.779535965994,7940.640350877193
1750615583,1,GET,/product/6E92ZMYYFZ,1.100000,0.000000,88,88,91,91,93,150,150,150,150,150,150,256,0,38,42.208386956190225,31.463888997677714,173.24102099519223,7929.0625
1750615583,1,GET,/product/9SIQT8TOJO,0.800000,0.000000,91,91,94,94,150,150,150,150,150,150,150,259,0,39,42.668845023353974,30.659020005259663,170.09381600655615,7980.918918918919
1750615583,1,GET,/product/L9ECAV7KIM,1.900000,0.000000,90,93,95,95,97,110,110,110,110,110,110,277,0,39,44.19262072475735,31.058341031894088,178.531433979515,7948.563176895307
1750615583,1,GET,/product/LS4PSXUNUM,0.700000,0.000000,96,96,99,99,220,220,220,220,220,220,220,279,0,38,41.813864880475116,31.471989990677685,219.1432780236937,7946.949820788531
1750615583,1,GET,/product/OLJCESPC7Z,0.500000,0.000000,87,92,92,92,97,97,97,97,97,97,97,239,0,38,40.73989615950024,30.94358800444752,161.2299449625425,7980.47280334728
1750615583,1,,Aggregated,10.100000,0.000000,88,91,93,95,110,130,150,220,220,220,220,2300,0,38,42.72459423776878,28.33826298592612,495.779535965994,7960.2769565217395
1750615584,1,GET,/,0.000000,0.000000,0,0,0,0,0,0,0,0,0,0,0,1,0,158.03705103462562,158.03705103462562,158.03705103462562,158.03705103462562,10499.0
1750615584,1,GET,/product/0PUK6V6EV0,1.000000,0.000000,81,86,88,88,92,92,92,92,92,92,92,258,0,38,41.64802805970012,32.50183002091944,98.44808897469193,7954.418604651163
1750615584,1,GET,/product/1YMWWN1N4O,1.200000,0.000000,89,90,93,93,96,120,120,120,120,120,120,237,0,38,43.52200154548134,31.56466002110392,172.10250900825486,7979.105485232068
1750615584,1,GET,/product/2ZYFJ3GM2N,0.600000,0.000000,87,89,89,96,96,96,96,96,96,96,96,270,0,38,40.62438400147517,28.33826298592612,170.3719210345298,7974.377777777778
1750615584,1,GET,/product/66VCHSJNUP,2.100000,0.000000,89,91,110,110,130,140,140,140,140,140,140,229,0,39,47.553537045422466,30.157680972479284,495.779535965994,7940.480349344978
1750615584,1,GET,/product/6E92ZMYYFZ,1.100000,0.000000,88,88,91,91,93,150,150,150,150,150,150,257,0,38,42.372540777353464,31.463888997677714,173.24102099519223,7928.976653696498
1750615584,1,GET,/product/9SIQT8TOJO,1.000000,0.000000,88,91,94,94,94,150,150,150,150,150,150,260,0,39,42.79173145030374,30.659020005259663,170.09381600655615,7981.015384615384
1750615584,1,GET,/product/L9ECAV7KIM,1.900000,0.000000,90,93,94,95,96,97,97,97,97,97,97,279,0,39,44.528253963359006,31.058341031894088,178.531433979515,7948.5089605734765
1750615584,1,GET,/product/LS4PSXUNUM,0.700000,0.000000,90,96,99,99,220,220,220,220,220,220,220,280,0,38,41.96431365936795,31.471989990677685,219.1432780236937,7946.914285714286
1750615584,1,GET,/product/OLJCESPC7Z,0.500000,0.000000,87,92,92,97,97,97,97,97,97,97,97,241,0,38,40.97246832824872,30.94358800444752,161.2299449625425,7980.377593360996
1750615584,1,,Aggregated,10.100000,0.000000,88,90,92,93,97,130,150,220,220,220,220,2312,0,38,42.8804649761606,28.33826298592612,495.779535965994,7960.246972318339
1750615585,1,GET,/,0.000000,0.000000,0,0,0,0,0,0,0,0,0,0,0,1,0,158.03705103462562,158.03705103462562,158.03705103462562,158.03705103462562,10499.0
1750615585,1,GET,/product/0PUK6V6EV0,1.100000,0.000000,86,88,92,92,95,180,180,180,180,180,180,260,0,38,42.39768102460612,32.50183002091944,183.03680600365624,7954.376923076923
1750615585,1,GET,/product/1YMWWN1N4O,1.200000,0.000000,89,90,93,93,96,120,120,120,120,120,120,238,0,38,43.71114480387451,31.56466002110392,172.10250900825486,7979.1596638655465
1750615585,1,GET,/product/2ZYFJ3GM2N,0.700000,0.000000,82,85,87,87,89,89,89,89,89,89,89,273,0,38,40.94349716247602,28.33826298592612,170.3719210345298,7974.388278388278
1750615585,1,GET,/product/66VCHSJNUP,2.000000,0.000000,90,91,110,110,130,140,140,140,140,140,140,229,0,39,47.553537045422466,30.157680972479284,495.779535965994,7940.480349344978
1750615585,1,GET,/product/6E92ZMYYFZ,1.100000,0.000000,88,88,91,91,93,150,150,150,150,150,150,258,0,38,42.54378261163744,31.463888997677714,173.24102099519223,7929.031007751938
1750615585,1,GET,/product/9SIQT8TOJO,1.100000,0.000000,88,91,91,91,94,150,150,150,150,150,150,261,0,39,42.80141594291618,30.659020005259663,170.09381600655615,7980.927203065134
1750615585,1,GET,/product/L9ECAV7KIM,1.900000,0.000000,90,93,94,95,96,97,97,97,97,97,97,280,0,39,44.63127022775422,31.058341031894088,178.531433979515,7948.442857142857
1750615585,1,GET,/product/LS4PSXUNUM,0.500000,0.000000,90,96,99,99,220,220,220,220,220,220,220,281,0,38,42.030091048425454,31.471989990677685,219.1432780236937,7946.957295373665
1750615585,1,GET,/product/OLJCESPC7Z,0.700000,0.000000,87,92,92,97,97,97,97,97,97,97,97,241,0,38,40.97246832824872,30.94358800444752,161.2299449625425,7980.377593360996
1750615585,1,,Aggregated,10.300000,0.000000,88,90,92,93,97,140,180,220,220,220,220,2322,0,38,43.05816661494501,28.33826298592612,495.779535965994,7960.248492678726
1750615586,1,GET,/,0.000000,0.000000,0,0,0,0,0,0,0,0,0,0,0,1,0,158.03705103462562,158.03705103462562,158.03705103462562,158.03705103462562,10499.0
1750615586,1,GET,/product/0PUK6V6EV0,1.100000,0.000000,88,88,92,92,95,180,180,180,180,180,180,261,0,38,42.5845847678749,32.50183002091944,183.03680600365624,7954.291187739464
1750615586,1,GET,/product/1YMWWN1N4O,1.200000,0.000000,89,90,91,93,93,96,96,96,96,96,96,240,0,39,44.09701913876537,31.56466002110392,172.10250900825486,7979.108333333334
1750615586,1,GET,/product/2ZYFJ3GM2N,0.600000,0.000000,85,87,88,89,91,91,91,91,91,91,91,275,0,38,41.297019143080846,28.33826298592612,170.3719210345298,7974.487272727272
1750615586,1,GET,/product/66VCHSJNUP,1.700000,0.000000,89,98,110,110,130,140,140,140,140,140,140,230,0,39,47.773063136517756,30.157680972479284,495.779535965994,7940.539130434782
1750615586,1,GET,/product/6E92ZMYYFZ,1.200000,0.000000,88,88,91,93,150,150,150,150,150,150,150,258,0,38,42.54378261163744,31.463888997677714,173.24102099519223,7929.031007751938
1750615586,1,GET,/product/9SIQT8TOJO,1.100000,0.000000,88,91,91,91,94,150,150,150,150,150,150,261,0,39,42.80141594291618,30.659020005259663,170.09381600655615,7980.927203065134
1750615586,1,GET,/product/L9ECAV7KIM,1.800000,0.000000,90,90,93,94,96,97,97,97,97,97,97,283,0,39,44.91945358968995,31.058341031894088,178.531433979515,7948.402826855124
1750615586,1,GET,/product/LS4PSXUNUM,0.700000,0.000000,90,96,99,99,220,220,220,220,220,220,220,281,0,38,42.030091048425454,31.471989990677685,219.1432780236937,7946.957295373665
1750615586,1,GET,/product/OLJCESPC7Z,0.900000,0.000000,87,87,92,97,97,97,97,97,97,97,97,243,0,38,41.33961617720501,30.94358800444752,161.2299449625425,7980.432098765432
1750615586,1,,Aggregated,10.300000,0.000000,88,90,92,93,97,140,180,220,220,220,220,2333,0,38,43.25590922029755,28.33826298592612,495.779535965994,7960.271324474925
1750615587,1,GET,/,0.000000,0.000000,0,0,0,0,0,0,0,0,0,0,0,1,0,158.03705103462562,158.03705103462562,158.03705103462562,158.03705103462562,10499.0
1750615587,1,GET,/product/0PUK6V6EV0,1.400000,0.000000,88,91,92,92,95,180,180,180,180,180,180,261,0,38,42.5845847678749,32.50183002091944,183.03680600365624,7954.291187739464
1750615587,1,GET,/product/1YMWWN1N4O,1.300000,0.000000,89,89,91,93,93,96,96,96,96,96,96,243,0,39,44.42786960646993,31.56466002110392,172.10250900825486,7978.897119341564
1750615587,1,GET,/product/2ZYFJ3GM2N,0.600000,0.000000,88,89,91,92,93,93,93,93,93,93,93,277,0,38,41.666191716179156,28.33826298592612,170.3719210345298,7974.397111913358
1750615587,1,GET,/product/66VCHSJNUP,1.600000,0.000000,98,110,130,130,140,140,140,140,140,140,140,230,0,39,47.773063136517756,30.157680972479284,495.779535965994,7940.539130434782
1750615587,1,GET,/product/6E92ZMYYFZ,1.300000,0.000000,88,88,91,91,93,93,93,93,93,93,93,259,0,39,42.729031265817554,31.463888997677714,173.24102099519223,7929.123552123552
1750615587,1,GET,/product/9SIQT8TOJO,1.100000,0.000000,88,88,91,91,94,150,150,150,150,150,150,263,0,39,43.108214167639005,30.659020005259663,170.09381600655615,7980.927756653992
1750615587,1,GET,/product/L9ECAV7KIM,1.500000,0.000000,90,93,94,94,96,97,97,97,97,97,97,285,0,39,45.23761496458431,31.058341031894088,178.531433979515,7948.561403508772
1750615587,1,GET,/product/LS4PSXUNUM,0.800000,0.000000,90,96,99,99,220,220,220,220,220,220,220,281,0,38,42.030091048425454,31.471989990677685,219.1432780236937,7946.957295373665
1750615587,1,GET,/product/OLJCESPC7Z,0.900000,0.000000,87,87,92,97,97,97,97,97,97,97,97,243,0,38,41.33961617720501,30.94358800444752,161.2299449625425,7980.432098765432
1750615587,1,,Aggregated,10.500000,0.000000,88,91,93,93,97,130,180,220,220,220,220,2343,0,38,43.42761742258369,28.33826298592612,495.779535965994,7960.298762270593
1750615588,1,GET,/,0.000000,0.000000,0,0,0,0,0,0,0,0,0,0,0,1,0,158.03705103462562,158.03705103462562,158.03705103462562,158.03705103462562,10499.0
1750615588,1,GET,/product/0PUK6V6EV0,1.300000,0.000000,86,91,92,92,95,180,180,180,180,180,180,262,0,38,42.742715375577916,32.50183002091944,183.03680600365624,7954.267175572519
1750615588,1,GET,/product/1YMWWN1N4O,1.400000,0.000000,89,89,90,91,93,93,93,93,93,93,93,243,0,39,44.42786960646993,31.56466002110392,172.10250900825486,7978.897119341564
1750615588,1,GET,/product/2ZYFJ3GM2N,0.900000,0.000000,88,89,92,92,92,93,93,93,93,93,93,279,0,38,42.008436858064854,28.33826298592612,170.3719210345298,7974.4731182795695
1750615588,1,GET,/product/66VCHSJNUP,1.300000,0.000000,98,110,130,130,140,140,140,140,140,140,140,230,0,39,47.773063136517756,30.157680972479284,495.779535965994,7940.539130434782
1750615588,1,GET,/product/6E92ZMYYFZ,1.100000,0.000000,88,91,93,98,98,98,98,98,98,98,98,261,0,39,43.1544518883704,31.463888997677714,173.24102099519223,7929.145593869732
1750615588,1,GET,/product/9SIQT8TOJO,1.100000,0.000000,84,88,90,91,94,150,150,150,150,150,150,264,0,39,43.25617234898152,30.659020005259663,170.09381600655615,7980.984848484848
1750615588,1,GET,/product/L9ECAV7KIM,1.500000,0.000000,90,93,93,93,94,97,97,97,97,97,97,287,0,39,45.5710202924427,31.058341031894088,178.531433979515,7948.5993031358885
1750615588,1,GET,/product/LS4PSXUNUM,0.800000,0.000000,84,96,99,99,220,220,220,220,220,220,220,282,0,38,42.17948251282499,31.471989990677685,219.1432780236937,7946.929078014185
1750615588,1,GET,/product/OLJCESPC7Z,1.100000,0.000000,87,87,92,92,97,97,97,97,97,97,97,244,0,38,41.52665424616778,30.94358800444752,161.2299449625425,7980.524590163935
1750615588,1,,Aggregated,10.500000,0.000000,88,91,93,93,97,110,180,220,220,220,220,2353,0,38,43.62503237153245,28.33826298592612,495.779535965994,7960.309392265193
1750615589,1,GET,/,0.000000,0.000000,0,0,0,0,0,0,0,0,0,0,0,1,0,158.03705103462562,158.03705103462562,158.03705103462562,158.03705103462562,10499.0
1750615589,1,GET,/product/0PUK6V6EV0,1.200000,0.000000,86,91,92,92,95,180,180,180,180,180,180,262,0,38,42.742715375577916,32.50183002091944,183.03680600365624,7954.267175572519
1750615589,1,GET,/product/1YMWWN1N4O,1.500000,0.000000,89,90,91,93,96,160,160,160,160,160,160,247,0,39,45.454190450820406,31.56466002110392,172.10250900825486,7978.995951417004
1750615589,1,GET,/product/2ZYFJ3GM2N,1.000000,0.000000,87,91,92,92,92,93,93,93,93,93,93,279,0,38,42.008436858064854,28.33826298592612,170.3719210345298,7974.4731182795695
1750615589,1,GET,/product/66VCHSJNUP,1.100000,0.000000,85,98,110,110,130,130,130,130,130,130,130,231,0,39,47.93345244340316,30.157680972479284,495.779535965994,7940.580086580087
1750615589,1,GET,/product/6E92ZMYYFZ,1.100000,0.000000,84,91,93,93,98,98,98,98,98,98,98,263,0,39,43.1960749804191,31.463888997677714,173.24102099519223,7929.190114068441
1750615589,1,GET,/product/9SIQT8TOJO,1.200000,0.000000,84,88,90,91,94,150,150,150,150,150,150,265,0,39,43.41234913258374,30.659020005259663,170.09381600655615,7980.958490566038
1750615589,1,GET,/product/L9ECAV7KIM,1.700000,0.000000,90,93,93,94,94,97,97,97,97,97,97,288,0,39,45.72770699633111,31.058341031894088,178.531433979515,7948.631944444444
1750615589,1,GET,/product/LS4PSXUNUM,0.800000,0.000000,84,84,110,110,220,220,220,220,220,220,220,283,0,38,42.411009567565955,31.471989990677685,219.1432780236937,7946.957597173145
1750615589,1,GET,/product/OLJCESPC7Z,1.000000,0.000000,87,92,97,97,97,97,97,97,97,97,97,244,0,38,41.52665424616778,30.94358800444752,161.2299449625425,7980.524590163935
1750615589,1,,Aggregated,10.600000,0.000000,87,91,93,93,98,130,180,220,220,220,220,2363,0,39,43.81973513213258,28.33826298592612,495.779535965994,7960.327972915785
1750615590,1,GET,/,0.000000,0.000000,0,0,0,0,0,0,0,0,0,0,0,1,0,158.03705103462562,158.03705103462562,158.03705103462562,158.03705103462562,10499.0
1750615590,1,GET,/product/0PUK6V6EV0,1.100000,0.000000,86,91,92,92,95,180,180,180,180,180,180,264,0,38,43.07167303958329,32.50183002091944,183.03680600365624,7954.356060606061
1750615590,1,GET,/product/1YMWWN1N4O,1.500000,0.000000,89,89,91,91,96,160,160,160,160,160,160,248,0,39,45.631351686860135,31.56466002110392,172.10250900825486,7979.056451612903
1750615590,1,GET,/product/2ZYFJ3GM2N,1.200000,0.000000,88,91,92,92,93,290,290,290,290,290,290,280,0,38,42.905198887248325,28.33826298592612,293.10180502943695,7974.557142857143
1750615590,1,GET,/product/66VCHSJNUP,0.800000,0.000000,83,85,98,98,110,110,110,110,110,110,110,232,0,39,48.08463709246255,30.157680972479284,495.779535965994,7940.5344827586205
1750615590,1,GET,/product/6E92ZMYYFZ,1.200000,0.000000,84,91,93,93,98,98,98,98,98,98,98,263,0,39,43.1960749804191,31.463888997677714,173.24102099519223,7929.190114068441
1750615590,1,GET,/product/9SIQT8TOJO,1.300000,0.000000,82,85,90,90,91,150,150,150,150,150,150,265,0,39,43.41234913258374,30.659020005259663,170.09381600655615,7980.958490566038
1750615590,1,GET,/product/L9ECAV7KIM,1.700000,0.000000,91,93,93,94,96,97,97,97,97,97,97,291,0,39,46.201369937995764,31.058341031894088,178.531433979515,7948.5360824742265
1750615590,1,GET,/product/LS4PSXUNUM,0.800000,0.000000,84,84,110,110,220,220,220,220,220,220,220,283,0,38,42.411009567565955,31.471989990677685,219.1432780236937,7946.957597173145
1750615590,1,GET,/product/OLJCESPC7Z,0.800000,0.000000,87,92,97,97,97,97,97,97,97,97,97,244,0,38,41.52665424616778,30.94358800444752,161.2299449625425,7980.524590163935
1750615590,1,,Aggregated,10.400000,0.000000,87,91,93,93,97,110,180,290,290,290,290,2371,0,39,44.056888941937814,28.33826298592612,495.779535965994,7960.323492197385
1750615591,1,GET,/,0.000000,0.000000,0,0,0,0,0,0,0,0,0,0,0,1,0,158.03705103462562,158.03705103462562,158.03705103462562,158.03705103462562,10499.0
1750615591,1,GET,/product/0PUK6V6EV0,1.100000,0.000000,90,91,92,95,180,180,180,180,180,180,180,265,0,38,43.2490705866103,32.50183002091944,183.03680600365624,7954.4
1750615591,1,GET,/product/1YMWWN1N4O,1.700000,0.000000,89,89,91,93,98,160,160,160,160,160,160,249,0,39,45.84268750328324,31.56466002110392,172.10250900825486,7979.116465863453
1750615591,1,GET,/product/2ZYFJ3GM2N,1.200000,0.000000,88,92,92,92,93,290,290,290,290,290,290,280,0,38,42.905198887248325,28.33826298592612,293.10180502943695,7974.557142857143
1750615591,1,GET,/product/66VCHSJNUP,0.700000,0.000000,83,83,85,85,98,98,98,98,98,98,98,233,0,39,48.19963956421617,30.157680972479284,495.779535965994,7940.5751072961375
1750615591,1,GET,/product/6E92ZMYYFZ,1.200000,0.000000,87,93,95,95,98,98,98,98,98,98,98,264,0,39,43.39402808281275,31.463888997677714,173.24102099519223,7929.121212121212
1750615591,1,GET,/product/9SIQT8TOJO,1.200000,0.000000,82,85,90,90,91,100,100,100,100,100,100,268,0,39,43.890503977960556,30.659020005259663,170.09381600655615,7980.932835820896
1750615591,1,GET,/product/L9ECAV7KIM,1.700000,0.000000,91,93,93,94,96,97,97,97,97,97,97,293,0,39,46.5138458121177,31.058341031894088,178.531433979515,7948.505119453925
1750615591,1,GET,/product/LS4PSXUNUM,0.900000,0.000000,84,84,95,95,110,110,110,110,110,110,110,284,0,38,42.59602066754974,31.471989990677685,219.1432780236937,7946.929577464789
1750615591,1,GET,/product/OLJCESPC7Z,0.800000,0.000000,87,87,92,92,97,97,97,97,97,97,97,245,0,38,41.71271584524146,30.94358800444752,161.2299449625425,7980.428571428572
1750615591,1,,Aggregated,10.500000,0.000000,87,91,93,93,97,100,180,290,290,290,290,2382,0,39,44.26614702194397,28.33826298592612,495.779535965994,7960.314021830394
1750615592,1,GET,/,0.000000,0.000000,0,0,0,0,0,0,0,0,0,0,0,1,0,158.03705103462562,158.03705103462562,158.03705103462562,158.03705103462562,10499.0
1750615592,1,GET,/product/0PUK6V6EV0,1.100000,0.000000,90,91,92,95,180,180,180,180,180,180,180,265,0,38,43.2490705866103,32.50183002091944,183.03680600365624,7954.4
1750615592,1,GET,/product/1YMWWN1N4O,1.800000,0.000000,89,89,93,93,98,160,160,160,160,160,160,249,0,39,45.84268750328324,31.56466002110392,172.10250900825486,7979.116465863453
1750615592,1,GET,/product/2ZYFJ3GM2N,1.200000,0.000000,88,92,92,92,93,290,290,290,290,290,290,280,0,38,42.905198887248325,28.33826298592612,293.10180502943695,7974.557142857143
1750615592,1,GET,/product/66VCHSJNUP,0.700000,0.000000,83,85,89,89,98,98,98,98,98,98,98,234,0,39,48.37450101045279,30.157680972479284,495.779535965994,7940.717948717948
1750615592,1,GET,/product/6E92ZMYYFZ,1.100000,0.000000,91,95,97,97,98,98,98,98,98,98,98,267,0,39,43.95532181982669,31.463888997677714,173.24102099519223,7929.059925093633
1750615592,1,GET,/product/9SIQT8TOJO,1.300000,0.000000,82,85,90,90,100,180,180,180,180,180,180,270,0,39,44.50907173730364,30.659020005259663,180.50510197645053,7980.933333333333
1750615592,1,GET,/product/L9ECAV7KIM,1.700000,0.000000,91,93,93,94,96,110,110,110,110,110,110,295,0,39,46.84938972843495,31.058341031894088,178.531433979515,7948.596610169491
1750615592,1,GET,/product/LS4PSXUNUM,0.600000,0.000000,84,84,95,95,110,110,110,110,110,110,110,284,0,38,42.59602066754974,31.471989990677685,219.1432780236937,7946.929577464789
1750615592,1,GET,/product/OLJCESPC7Z,0.800000,0.000000,87,87,87,87,97,97,97,97,97,97,97,246,0,38,41.870477329655664,30.94358800444752,161.2299449625425,7980.430894308943
1750615592,1,,Aggregated,10.300000,0.000000,88,91,93,95,98,110,180,290,290,290,290,2391,0,39,44.47446943839933,28.33826298592612,495.779535965994,7960.30112923463
1750615593,1,GET,/,0.000000,0.000000,0,0,0,0,0,0,0,0,0,0,0,1,0,158.03705103462562,158.03705103462562,158.03705103462562,158.03705103462562,10499.0
1750615593,1,GET,/product/0PUK6V6EV0,1.200000,0.000000,91,92,95,99,180,180,180,180,180,180,180,266,0,38,43.45920331000624,32.50183002091944,183.03680600365624,7954.481203007519
1750615593,1,GET,/product/1YMWWN1N4O,1.700000,0.000000,89,89,91,96,98,160,160,160,160,160,160,249,0,39,45.84268750328324,31.56466002110392,172.10250900825486,7979.116465863453
1750615593,1,GET,/product/2ZYFJ3GM2N,1.100000,0.000000,88,92,92,92,93,290,290,290,290,290,290,281,0,38,43.05128426145219,28.33826298592612,293.10180502943695,7974.533807829182
1750615593,1,GET,/product/66VCHSJNUP,0.700000,0.000000,85,85,89,89,98,98,98,98,98,98,98,234,0,39,48.37450101045279,30.157680972479284,495.779535965994,7940.717948717948
1750615593,1,GET,/product/6E92ZMYYFZ,1.100000,0.000000,95,95,97,98,98,98,98,98,98,98,98,267,0,39,43.95532181982669,31.463888997677714,173.24102099519223,7929.059925093633
1750615593,1,GET,/product/9SIQT8TOJO,1.300000,0.000000,83,90,91,100,100,180,180,180,180,180,180,273,0,39,45.003082860992954,30.659020005259663,180.50510197645053,7980.739926739927
1750615593,1,GET,/product/L9ECAV7KIM,1.800000,0.000000,91,93,94,94,96,110,110,110,110,110,110,295,0,39,46.84938972843495,31.058341031894088,178.531433979515,7948.596610169491
1750615593,1,GET,/product/LS4PSXUNUM,0.600000,0.000000,92,92,93,95,110,110,110,110,110,110,110,289,0,38,43.41275798508118,31.471989990677685,219.1432780236937,7946.8754325259515
1750615593,1,GET,/product/OLJCESPC7Z,0.900000,0.000000,87,87,87,87,97,97,97,97,97,97,97,246,0,38,41.870477329655664,30.94358800444752,161.2299449625425,7980.430894308943
1750615593,1,,Aggregated,10.400000,0.000000,89,92,93,95,98,110,180,290,290,290,290,2401,0,39,44.664292141334734,28.33826298592612,495.779535965994,7960.280299875052
1750615594,1,GET,/,0.000000,0.000000,0,0,0,0,0,0,0,0,0,0,0,1,0,158.03705103462562,158.03705103462562,158.03705103462562,158.03705103462562,10499.0
1750615594,1,GET,/product/0PUK6V6EV0,1.000000,0.000000,91,92,95,99,180,180,180,180,180,180,180,267,0,38,43.635198226449695,32.50183002091944,183.03680600365624,7954.591760299625
1750615594,1,GET,/product/1YMWWN1N4O,1.600000,0.000000,89,90,91,96,98,160,160,160,160,160,160,250,0,39,46.02060315734707,31.56466002110392,172.10250900825486,7979.16
1750615594,1,GET,/product/2ZYFJ3GM2N,1.100000,0.000000,88,92,92,92,93,290,290,290,290,290,290,282,0,38,43.18458117905456,28.33826298592612,293.10180502943695,7974.631205673759
1750615594,1,GET,/product/66VCHSJNUP,0.700000,0.000000,85,89,89,98,98,98,98,98,98,98,98,234,0,39,48.37450101045279,30.157680972479284,495.779535965994,7940.717948717948
1750615594,1,GET,/product/6E92ZMYYFZ,1.400000,0.000000,91,95,95,97,98,98,98,98,98,98,98,270,0,39,44.424072006950155,31.463888997677714,173.24102099519223,7929.051851851852
1750615594,1,GET,/product/9SIQT8TOJO,1.100000,0.000000,85,90,91,100,100,180,180,180,180,180,180,274,0,39,45.16273332134324,30.659020005259663,180.50510197645053,7980.78102189781
1750615594,1,GET,/product/L9ECAV7KIM,2.000000,0.000000,91,93,94,96,96,110,110,110,110,110,110,295,0,39,46.84938972843495,31.058341031894088,178.531433979515,7948.596610169491
1750615594,1,GET,/product/LS4PSXUNUM,0.600000,0.000000,92,92,93,95,110,110,110,110,110,110,110,289,0,38,43.41275798508118,31.471989990677685,219.1432780236937,7946.8754325259515
1750615594,1,GET,/product/OLJCESPC7Z,0.900000,0.000000,87,90,93,93,100,100,100,100,100,100,100,249,0,38,42.51297822139828,30.94358800444752,161.2299449625425,7980.349397590361
1750615594,1,,Aggregated,10.400000,0.000000,89,92,93,95,98,110,180,290,290,290,290,2411,0,39,44.849916164414076,28.33826298592612,495.779535965994,7960.309829946081
1750615595,1,GET,/,0.000000,0.000000,0,0,0,0,0,0,0,0,0,0,0,1,0,158.03705103462562,158.03705103462562,158.03705103462562,158.03705103462562,10499.0
1750615595,1,GET,/product/0PUK6V6EV0,1.000000,0.000000,90,91,92,92,99,99,99,99,99,99,99,267,0,38,43.635198226449695,32.50183002091944,183.03680600365624,7954.591760299625
1750615595,1,GET,/product/1YMWWN1N4O,1.600000,0.000000,89,90,96,96,98,160,160,160,160,160,160,251,0,39,46.165995069072615,31.56466002110392,172.10250900825486,7979.067729083666
1750615595,1,GET,/product/2ZYFJ3GM2N,1.100000,0.000000,92,92,93,93,290,290,290,290,290,290,290,282,0,38,43.18458117905456,28.33826298592612,293.10180502943695,7974.631205673759
1750615595,1,GET,/product/66VCHSJNUP,0.600000,0.000000,87,89,91,91,98,98,98,98,98,98,98,236,0,39,48.719246480594215,30.157680972479284,495.779535965994,7940.8050847457625
1750615595,1,GET,/product/6E92ZMYYFZ,1.100000,0.000000,94,95,95,97,98,98,98,98,98,98,98,271,0,39,44.60984006579072,31.463888997677714,173.24102099519223,7929.029520295203
1750615595,1,GET,/product/9SIQT8TOJO,1.200000,0.000000,89,91,93,100,100,180,180,180,180,180,180,275,0,39,45.335350505669005,30.659020005259663,180.50510197645053,7980.8
1750615595,1,GET,/product/L9ECAV7KIM,1.800000,0.000000,93,93,94,96,96,110,110,110,110,110,110,296,0,39,47.00499788147706,31.058341031894088,178.531433979515,7948.716216216216
1750615595,1,GET,/product/LS4PSXUNUM,1.000000,0.000000,92,93,95,95,110,110,110,110,110,110,110,289,0,38,43.41275798508118,31.471989990677685,219.1432780236937,7946.8754325259515
1750615595,1,GET,/product/OLJCESPC7Z,0.700000,0.000000,87,90,91,91,93,100,100,100,100,100,100,253,0,38,43.24504770425962,30.94358800444752,161.2299449625425,7980.375494071146
1750615595,1,,Aggregated,10.100000,0.000000,90,92,93,95,98,110,180,290,290,290,290,2421,0,39,45.0348390534569,28.33826298592612,495.779535965994,7960.341181330029
1750615596,1,GET,/,0.000000,0.000000,0,0,0,0,0,0,0,0,0,0,0,1,0,158.03705103462562,158.03705103462562,158.03705103462562,158.03705103462562,10499.0
1750615596,1,GET,/product/0PUK6V6EV0,1.000000,0.000000,90,91,92,92,99,99,99,99,99,99,99,267,0,38,43.635198226449695,32.50183002091944,183.03680600365624,7954.591760299625
1750615596,1,GET,/product/1YMWWN1N4O,1.500000,0.000000,89,90,96,96,98,160,160,160,160,160,160,254,0,39,46.646136442184684,31.56466002110392,172.10250900825486,7979.023622047244
1750615596,1,GET,/product/2ZYFJ3GM2N,1.100000,0.000000,92,92,92,92,290,290,290,290,290,290,290,283,0,38,43.35878853885253,28.33826298592612,293.10180502943695,7974.6925795053
1750615596,1,GET,/product/66VCHSJNUP,0.600000,0.000000,87,89,91,91,93,93,93,93,93,93,93,237,0,39,48.905926541904705,30.157680972479284,495.779535965994,7940.911392405063
1750615596,1,GET,/product/6E92ZMYYFZ,1.200000,0.000000,95,95,96,97,98,98,98,98,98,98,98,273,0,39,44.971177226312854,31.463888997677714,173.24102099519223,7928.8388278388275
1750615596,1,GET,/product/9SIQT8TOJO,1.400000,0.000000,89,91,100,100,100,180,180,180,180,180,180,275,0,39,45.335350505669005,30.659020005259663,180.50510197645053,7980.8
1750615596,1,GET,/product/L9ECAV7KIM,1.600000,0.000000,93,93,96,96,96,110,110,110,110,110,110,297,0,39,47.124659821315845,31.058341031894088,178.531433979515,7948.740740740741
1750615596,1,GET,/product/LS4PSXUNUM,0.900000,0.000000,92,93,95,96,110,110,110,110,110,110,110,291,0,38,43.747306617554536,31.471989990677685,219.1432780236937,7946.903780068728
1750615596,1,GET,/product/OLJCESPC7Z,0.700000,0.000000,90,90,91,93,100,100,100,100,100,100,100,253,0,38,43.24504770425962,30.94358800444752,161.2299449625425,7980.375494071146
1750615596,1,,Aggregated,10.000000,0.000000,90,93,95,96,99,110,180,290,290,290,290,2431,0,39,45.2200063407641,28.33826298592612,495.779535965994,7960.318387494858
1750615597,1,GET,/,0.000000,0.000000,0,0,0,0,0,0,0,0,0,0,0,1,0,158.03705103462562,158.03705103462562,158.03705103462562,158.03705103462562,10499.0
1750615597,1,GET,/product/0PUK6V6EV0,0.700000,0.000000,90,92,99,99,100,100,100,100,100,100,100,268,0,38,43.857606229287185,32.50183002091944,183.03680600365624,7954.5298507462685
1750615597,1,GET,/product/1YMWWN1N4O,1.300000,0.000000,90,96,96,98,160,170,170,170,170,170,170,257,0,39,47.46234123092253,31.56466002110392,173.2590430183336,7979.15953307393
1750615597,1,GET,/product/2ZYFJ3GM2N,1.100000,0.000000,87,92,92,92,290,290,290,290,290,290,290,284,0,38,43.51113940315308,28.33826298592612,293.10180502943695,7974.591549295775
1750615597,1,GET,/product/66VCHSJNUP,0.700000,0.000000,87,89,91,91,93,93,93,93,93,93,93,237,0,39,48.905926541904705,30.157680972479284,495.779535965994,7940.911392405063
1750615597,1,GET,/product/6E92ZMYYFZ,1.300000,0.000000,94,95,95,95,96,97,97,97,97,97,97,273,0,39,44.971177226312854,31.463888997677714,173.24102099519223,7928.8388278388275
1750615597,1,GET,/product/9SIQT8TOJO,1.300000,0.000000,89,91,100,100,100,180,180,180,180,180,180,275,0,39,45.335350505669005,30.659020005259663,180.50510197645053,7980.8
1750615597,1,GET,/product/L9ECAV7KIM,1.600000,0.000000,93,93,96,96,96,110,110,110,110,110,110,298,0,39,47.28450108360149,31.058341031894088,178.531433979515,7948.832214765101
1750615597,1,GET,/product/LS4PSXUNUM,0.800000,0.000000,92,93,95,95,96,110,110,110,110,110,110,293,0,38,44.063569650883586,31.471989990677685,219.1432780236937,7946.938566552901
1750615597,1,GET,/product/OLJCESPC7Z,1.100000,0.000000,90,90,91,93,100,100,100,100,100,100,100,253,0,38,43.24504770425962,30.94358800444752,161.2299449625425,7980.375494071146
1750615597,1,,Aggregated,9.900000,0.000000,90,93,95,96,100,110,180,290,290,290,290,2439,0,39,45.405626268716595,28.33826298592612,495.779535965994,7960.340303403034
1750615598,1,GET,/,0.000000,0.000000,0,0,0,0,0,0,0,0,0,0,0,1,0,158.03705103462562,158.03705103462562,158.03705103462562,158.03705103462562,10499.0
1750615598,1,GET,/product/0PUK6V6EV0,0.700000,0.000000,92,92,99,99,100,100,100,100,100,100,100,268,0,38,43.857606229287185,32.50183002091944,183.03680600365624,7954.5298507462685
1750615598,1,GET,/product/1YMWWN1N4O,1.300000,0.000000,89,90,96,96,98,170,170,170,170,170,170,257,0,39,47.46234123092253,31.56466002110392,173.2590430183336,7979.15953307393
1750615598,1,GET,/product/2ZYFJ3GM2N,0.700000,0.000000,86,87,92,92,290,290,290,290,290,290,290,286,0,38,43.80126336876016,28.33826298592612,293.10180502943695,7974.538461538462
1750615598,1,GET,/product/66VCHSJNUP,0.700000,0.000000,87,89,91,91,93,93,93,93,93,93,93,237,0,39,48.905926541904705,30.157680972479284,495.779535965994,7940.911392405063
1750615598,1,GET,/product/6E92ZMYYFZ,1.500000,0.000000,94,95,95,95,96,97,97,97,97,97,97,273,0,39,44.971177226312854,31.463888997677714,173.24102099519223,7928.8388278388275
1750615598,1,GET,/product/9SIQT8TOJO,1.400000,0.000000,88,91,93,100,100,180,180,180,180,180,180,277,0,39,45.6261711265717,30.659020005259663,180.50510197645053,7980.931407942238
1750615598,1,GET,/product/L9ECAV7KIM,1.600000,0.000000,93,95,96,96,110,110,110,110,110,110,110,298,0,39,47.28450108360149,31.058341031894088,178.531433979515,7948.832214765101
1750615598,1,GET,/product/LS4PSXUNUM,0.900000,0.000000,92,93,95,96,99,110,110,110,110,110,110,295,0,38,44.38221354463722,31.471989990677685,219.1432780236937,7946.905084745763
1750615598,1,GET,/product/OLJCESPC7Z,1.000000,0.000000,90,93,97,97,100,190,190,190,190,190,190,257,0,38,44.3957572767116,30.94358800444752,187.29651300236583,7980.431906614786
1750615598,1,,Aggregated,9.800000,0.000000,90,93,95,96,100,110,190,290,290,290,290,2449,0,39,45.62531149623005,28.33826298592612,495.779535965994,7960.400979991833
1750615599,1,GET,/,0.000000,0.000000,0,0,0,0,0,0,0,0,0,0,0,1,0,158.03705103462562,158.03705103462562,158.03705103462562,158.03705103462562,10499.0
1750615599,1,GET,/product/0PUK6V6EV0,0.600000,0.000000,90,90,99,99,100,100,100,100,100,100,100,270,0,39,44.070488660967115,32.50183002091944,183.03680600365624,7954.7555555555555
1750615599,1,GET,/product/1YMWWN1N4O,1.500000,0.000000,90,96,96,98,170,170,170,170,170,170,170,258,0,39,47.64938554789712,31.56466002110392,173.2590430183336,7979.131782945737
1750615599,1,GET,/product/2ZYFJ3GM2N,0.700000,0.000000,86,87,92,98,290,290,290,290,290,290,290,288,0,38,44.09762972378909,28.33826298592612,293.10180502943695,7974.451388888889
1750615599,1,GET,/product/66VCHSJNUP,0.700000,0.000000,89,91,91,91,93,93,93,93,93,93,93,238,0,39,49.08129054795708,30.157680972479284,495.779535965994,7940.890756302521
1750615599,1,GET,/product/6E92ZMYYFZ,1.400000,0.000000,95,95,96,96,97,160,160,160,160,160,160,274,0,39,45.394918316699915,31.463888997677714,173.24102099519223,7928.883211678832
1750615599,1,GET,/product/9SIQT8TOJO,1.200000,0.000000,89,91,100,100,100,180,180,180,180,180,180,277,0,39,45.6261711265717,30.659020005259663,180.50510197645053,7980.931407942238
1750615599,1,GET,/product/L9ECAV7KIM,1.300000,0.000000,93,93,95,96,110,110,110,110,110,110,110,300,0,39,47.41726622974966,31.058341031894088,178.531433979515,7948.713333333333
1750615599,1,GET,/product/LS4PSXUNUM,1.200000,0.000000,92,92,95,95,96,99,99,99,99,99,99,295,0,38,44.38221354463722,31.471989990677685,219.1432780236937,7946.905084745763
1750615599,1,GET,/product/OLJCESPC7Z,1.000000,0.000000,90,91,97,97,100,190,190,190,190,190,190,259,0,38,44.401556266692886,30.94358800444752,187.29651300236583,7980.389961389961
1750615599,1,,Aggregated,9.600000,0.000000,90,93,95,96,99,110,180,190,190,190,190,2460,0,39,45.78319834561818,28.33826298592612,495.779535965994,7960.397154471545
1750615600,1,GET,/,0.000000,0.000000,0,0,0,0,0,0,0,0,0,0,0,1,0,158.03705103462562,158.03705103462562,158.03705103462562,158.03705103462562,10499.0
1750615600,1,GET,/product/0PUK6V6EV0,0.700000,0.000000,90,90,99,99,100,100,100,100,100,100,100,271,0,39,44.231555946351705,32.50183002091944,183.03680600365624,7954.686346863468
1750615600,1,GET,/product/1YMWWN1N4O,1.400000,0.000000,90,96,97,97,98,170,170,170,170,170,170,260,0,39,47.99708659747221,31.56466002110392,173.2590430183336,7979.084615384615
1750615600,1,GET,/product/2ZYFJ3GM2N,0.700000,0.000000,86,87,92,92,98,98,98,98,98,98,98,288,0,38,44.09762972378909,28.33826298592612,293.10180502943695,7974.451388888889
1750615600,1,GET,/product/66VCHSJNUP,0.700000,0.000000,91,91,91,91,93,93,93,93,93,93,93,238,0,39,49.08129054795708,30.157680972479284,495.779535965994,7940.890756302521
1750615600,1,GET,/product/6E92ZMYYFZ,1.200000,0.000000,95,95,96,97,160,160,160,160,160,160,160,274,0,39,45.394918316699915,31.463888997677714,173.24102099519223,7928.883211678832
1750615600,1,GET,/product/9SIQT8TOJO,1.100000,0.000000,89,91,93,96,100,180,180,180,180,180,180,281,0,39,46.18232386842125,30.659020005259663,180.50510197645053,7980.9181494661925
1750615600,1,GET,/product/L9ECAV7KIM,1.200000,0.000000,93,95,96,110,110,110,110,110,110,110,110,302,0,39,47.75260106601832,31.058341031894088,178.531433979515,7948.609271523179
1750615600,1,GET,/product/LS4PSXUNUM,1.200000,0.000000,92,92,93,95,96,99,99,99,99,99,99,296,0,38,44.53157310687144,31.471989990677685,219.1432780236937,7946.966216216216
1750615600,1,GET,/product/OLJCESPC7Z,1.300000,0.000000,90,93,97,97,100,190,190,190,190,190,190,259,0,38,44.401556266692886,30.94358800444752,187.29651300236583,7980.389961389961
1750615600,1,,Aggregated,9.500000,0.000000,90,93,95,96,99,110,180,190,190,190,190,2470,0,39,45.96095975674123,28.33826298592612,495.779535965994,7960.4089068825915
1750615601,1,GET,/,0.000000,0.000000,0,0,0,0,0,0,0,0,0,0,0,1,0,158.03705103462562,158.03705103462562,158.03705103462562,158.03705103462562,10499.0
1750615601,1,GET,/product/0PUK6V6EV0,0.600000,0.000000,90,90,99,99,100,100,100,100,100,100,100,271,0,39,44.231555946351705,32.50183002091944,183.03680600365624,7954.686346863468
1750615601,1,GET,/product/1YMWWN1N4O,1.100000,0.000000,89,90,96,96,97,170,170,170,170,170,170,262,0,39,48.233179604360934,31.56466002110392,173.2590430183336,7979.06106870229
1750615601,1,GET,/product/2ZYFJ3GM2N,0.900000,0.000000,85,87,92,92,93,98,98,98,98,98,98,291,0,38,44.41590970254077,28.33826298592612,293.10180502943695,7974.405498281787
1750615601,1,GET,/product/66VCHSJNUP,0.700000,0.000000,89,91,91,91,93,93,93,93,93,93,93,239,0,39,49.232873901243565,30.157680972479284,495.779535965994,7940.820083682009
1750615601,1,GET,/product/6E92ZMYYFZ,1.100000,0.000000,92,95,95,96,97,160,160,160,160,160,160,277,0,39,45.66371335672376,31.463888997677714,173.24102099519223,7928.776173285199
1750615601,1,GET,/product/9SIQT8TOJO,1.300000,0.000000,89,91,93,96,100,180,180,180,180,180,180,281,0,39,46.18232386842125,30.659020005259663,180.50510197645053,7980.9181494661925
1750615601,1,GET,/product/L9ECAV7KIM,1.200000,0.000000,93,95,96,110,110,110,110,110,110,110,110,302,0,39,47.75260106601832,31.058341031894088,178.531433979515,7948.609271523179
1750615601,1,GET,/product/LS4PSXUNUM,1.200000,0.000000,92,92,93,93,96,99,99,99,99,99,99,296,0,38,44.53157310687144,31.471989990677685,219.1432780236937,7946.966216216216
1750615601,1,GET,/product/OLJCESPC7Z,1.500000,0.000000,90,93,97,97,110,190,190,190,190,190,190,261,0,38,44.81602479325486,30.94358800444752,187.29651300236583,7980.340996168582
1750615601,1,,Aggregated,9.600000,0.000000,89,92,94,96,99,110,180,190,190,190,190,2481,0,39,46.11014252080811,28.33826298592612,495.779535965994,7960.37928254736
1750615602,1,GET,/,0.000000,0.000000,0,0,0,0,0,0,0,0,0,0,0,1,0,158.03705103462562,158.03705103462562,158.03705103462562,158.03705103462562,10499.0
1750615602,1,GET,/product/0PUK6V6EV0,0.700000,0.000000,88,90,90,90,100,100,100,100,100,100,100,273,0,39,44.52964252555204,32.50183002091944,183.03680600365624,7954.798534798535
1750615602,1,GET,/product/1YMWWN1N4O,1.200000,0.000000,89,90,96,96,97,170,170,170,170,170,170,263,0,39,48.180023503282634,31.56466002110392,173.2590430183336,7979.0342205323195
1750615602,1,GET,/product/2ZYFJ3GM2N,0.800000,0.000000,84,86,87,92,93,98,98,98,98,98,98,293,0,39,44.42396899129013,28.33826298592612,293.10180502943695,7974.518771331058
1750615602,1,GET,/product/66VCHSJNUP,0.700000,0.000000,91,91,91,93,93,93,93,93,93,93,93,239,0,39,49.232873901243565,30.157680972479284,495.779535965994,7940.820083682009
1750615602,1,GET,/product/6E92ZMYYFZ,1.100000,0.000000,92,94,95,96,160,160,160,160,160,160,160,277,0,39,45.66371335672376,31.463888997677714,173.24102099519223,7928.776173285199
1750615602,1,GET,/product/9SIQT8TOJO,1.400000,0.000000,89,93,96,98,100,220,220,220,220,220,220,284,0,39,47.02625391225193,30.659020005259663,222.74189302697778,7980.661971830986
1750615602,1,GET,/product/L9ECAV7KIM,1.100000,0.000000,89,93,95,95,110,110,110,110,110,110,110,302,0,39,47.75260106601832,31.058341031894088,178.531433979515,7948.609271523179
1750615602,1,GET,/product/LS4PSXUNUM,1.300000,0.000000,89,92,94,96,99,99,99,99,99,99,99,297,0,38,44.696911113291215,31.471989990677685,219.1432780236937,7946.96632996633
1750615602,1,GET,/product/OLJCESPC7Z,1.500000,0.000000,91,93,97,97,110,190,190,190,190,190,190,262,0,38,44.99303280550965,30.94358800444752,187.29651300236583,7980.206106870229
1750615602,1,,Aggregated,9.800000,0.000000,89,92,94,96,99,110,190,220,220,220,220,2491,0,39,46.26961174116398,28.33826298592612,495.779535965994,7960.400240867121
1750615603,1,GET,/,0.000000,0.000000,0,0,0,0,0,0,0,0,0,0,0,1,0,158.03705103462562,158.03705103462562,158.03705103462562,158.03705103462562,10499.0
1750615603,1,GET,/product/0PUK6V6EV0,0.600000,0.000000,88,90,90,90,100,100,100,100,100,100,100,273,0,39,44.52964252555204,32.50183002091944,183.03680600365624,7954.798534798535
1750615603,1,GET,/product/1YMWWN1N4O,1.200000,0.000000,89,90,96,96,97,170,170,170,170,170,170,265,0,39,48.295042971105154,31.56466002110392,173.2590430183336,7979.109433962264
1750615603,1,GET,/product/2ZYFJ3GM2N,1.000000,0.000000,84,86,88,92,93,98,98,98,98,98,98,296,0,39,44.53229166019072,28.33826298592612,293.10180502943695,7974.554054054054
1750615603,1,GET,/product/66VCHSJNUP,0.700000,0.000000,91,91,91,93,93,93,93,93,93,93,93,239,0,39,49.232873901243565,30.157680972479284,495.779535965994,7940.820083682009
1750615603,1,GET,/product/6E92ZMYYFZ,1.200000,0.000000,92,95,96,96,160,160,160,160,160,160,160,277,0,39,45.66371335672376,31.463888997677714,173.24102099519223,7928.776173285199
1750615603,1,GET,/product/9SIQT8TOJO,1.400000,0.000000,89,91,96,98,100,220,220,220,220,220,220,286,0,39,47.29452412624329,30.659020005259663,222.74189302697778,7980.741258741259
1750615603,1,GET,/product/L9ECAV7KIM,1.000000,0.000000,89,93,93,95,110,110,110,110,110,110,110,304,0,39,47.87721788134628,31.058341031894088,178.531433979515,7948.5526315789475
1750615603,1,GET,/product/LS4PSXUNUM,1.200000,0.000000,89,92,94,96,99,99,99,99,99,99,99,298,0,38,44.68336372695638,31.471989990677685,219.1432780236937,7946.979865771812
1750615603,1,GET,/product/OLJCESPC7Z,1.500000,0.000000,90,97,97,100,110,190,190,190,190,190,190,265,0,38,45.495872883310646,30.94358800444752,187.29651300236583,7980.033962264151
1750615603,1,,Aggregated,9.800000,0.000000,88,91,93,96,99,110,190,220,220,220,220,2504,0,39,46.390909138268576,28.33826298592612,495.779535965994,7960.454872204473
1750615604,1,GET,/,0.000000,0.000000,0,0,0,0,0,0,0,0,0,0,0,1,0,158.03705103462562,158.03705103462562,158.03705103462562,158.03705103462562,10499.0
1750615604,1,GET,/product/0PUK6V6EV0,0.700000,0.000000,90,91,92,92,92,100,100,100,100,100,100,277,0,39,45.05650880317866,32.50183002091944,183.03680600365624,7954.808664259927
1750615604,1,GET,/product/1YMWWN1N4O,1.300000,0.000000,87,90,96,96,97,170,170,170,170,170,170,266,0,39,48.41700748254237,31.56466002110392,173.2590430183336,7979.195488721804
1750615604,1,GET,/product/2ZYFJ3GM2N,1.200000,0.000000,84,86,88,92,93,98,98,98,98,98,98,296,0,39,44.53229166019072,28.33826298592612,293.10180502943695,7974.554054054054
1750615604,1,GET,/product/66VCHSJNUP,0.500000,0.000000,91,91,93,93,93,93,93,93,93,93,93,240,0,39,49.37823811415001,30.157680972479284,495.779535965994,7940.841666666666
1750615604,1,GET,/product/6E92ZMYYFZ,1.000000,0.000000,91,92,92,96,160,160,160,160,160,160,160,280,0,39,46.122420731574366,31.463888997677714,173.24102099519223,7928.928571428572
1750615604,1,GET,/product/9SIQT8TOJO,1.500000,0.000000,90,93,94,96,98,220,220,220,220,220,220,287,0,39,47.45663469373362,30.659020005259663,222.74189302697778,7980.780487804878
1750615604,1,GET,/product/L9ECAV7KIM,0.700000,0.000000,89,93,95,95,110,110,110,110,110,110,110,304,0,39,47.87721788134628,31.058341031894088,178.531433979515,7948.5526315789475
1750615604,1,GET,/product/LS4PSXUNUM,1.300000,0.000000,89,92,94,96,99,99,99,99,99,99,99,298,0,38,44.68336372695638,31.471989990677685,219.1432780236937,7946.979865771812
1750615604,1,GET,/product/OLJCESPC7Z,1.600000,0.000000,91,97,97,100,110,190,190,190,190,190,190,266,0,38,45.46222446641283,30.94358800444752,187.29651300236583,7980.112781954887
1750615604,1,,Aggregated,9.800000,0.000000,88,91,93,95,98,110,190,220,220,220,220,2515,0,39,46.53978121481284,28.33826298592612,495.779535965994,7960.465606361829
1750615605,1,GET,/,0.000000,0.000000,0,0,0,0,0,0,0,0,0,0,0,1,0,158.03705103462562,158.03705103462562,158.03705103462562,158.03705103462562,10499.0
1750615605,1,GET,/product/0PUK6V6EV0,0.700000,0.000000,90,91,92,92,93,100,100,100,100,100,100,279,0,39,45.380908729238136,32.50183002091944,183.03680600365624,7954.8315412186375
1750615605,1,GET,/product/1YMWWN1N4O,1.600000,0.000000,87,89,90,96,97,170,170,170,170,170,170,268,0,39,48.556662079488945,31.56466002110392,173.2590430183336,7979.037313432836
1750615605,1,GET,/product/2ZYFJ3GM2N,1.500000,0.000000,86,87,92,92,93,98,98,98,98,98,98,298,0,39,44.83120328662354,28.33826298592612,293.10180502943695,7974.523489932886
1750615605,1,GET,/product/66VCHSJNUP,0.500000,0.000000,89,91,91,93,93,93,93,93,93,93,93,241,0,40,49.54203479431562,30.157680972479284,495.779535965994,7940.854771784232
1750615605,1,GET,/product/6E92ZMYYFZ,1.000000,0.000000,91,92,92,96,160,160,160,160,160,160,160,281,0,39,46.27828733408094,31.463888997677714,173.24102099519223,7928.928825622776
1750615605,1,GET,/product/9SIQT8TOJO,1.300000,0.000000,90,93,94,96,98,220,220,220,220,220,220,287,0,39,47.45663469373362,30.659020005259663,222.74189302697778,7980.780487804878
1750615605,1,GET,/product/L9ECAV7KIM,0.900000,0.000000,89,93,95,95,110,110,110,110,110,110,110,304,0,39,47.87721788134628,31.058341031894088,178.531433979515,7948.5526315789475
1750615605,1,GET,/product/LS4PSXUNUM,1.000000,0.000000,90,92,94,96,99,99,99,99,99,99,99,300,0,38,44.97812084873052,31.471989990677685,219.1432780236937,7947.013333333333
1750615605,1,GET,/product/OLJCESPC7Z,1.800000,0.000000,88,91,97,100,110,190,190,190,190,190,190,267,0,38,45.61684497789923,30.94358800444752,187.29651300236583,7979.966292134832
1750615605,1,,Aggregated,10.300000,0.000000,88,91,92,94,98,110,190,220,220,220,220,2526,0,39,46.70779334373111,28.33826298592612,495.779535965994,7960.435866983373
1750615606,1,GET,/,0.000000,0.000000,0,0,0,0,0,0,0,0,0,0,0,1,0,158.03705103462562,158.03705103462562,158.03705103462562,158.03705103462562,10499.0
1750615606,1,GET,/product/0PUK6V6EV0,0.800000,0.000000,88,91,92,92,93,100,100,100,100,100,100,281,0,39,45.66135251061043,32.50183002091944,183.03680600365624,7954.982206405694
1750615606,1,GET,/product/1YMWWN1N4O,1.600000,0.000000,88,89,96,96,97,170,170,170,170,170,170,268,0,39,48.556662079488945,31.56466002110392,173.2590430183336,7979.037313432836
1750615606,1,GET,/product/2ZYFJ3GM2N,1.500000,0.000000,84,86,88,92,93,98,98,98,98,98,98,299,0,39,44.93911587088104,28.33826298592612,293.10180502943695,7974.421404682274
1750615606,1,GET,/product/66VCHSJNUP,0.500000,0.000000,86,89,89,91,91,91,91,91,91,91,91,242,0,40,49.690705658877576,30.157680972479284,495.779535965994,7940.8677685950415
1750615606,1,GET,/product/6E92ZMYYFZ,1.100000,0.000000,90,92,95,95,96,160,160,160,160,160,160,284,0,39,46.76791471793992,31.463888997677714,173.24102099519223,7928.9647887323945
1750615606,1,GET,/product/9SIQT8TOJO,1.300000,0.000000,90,91,96,96,98,220,220,220,220,220,220,287,0,39,47.45663469373362,30.659020005259663,222.74189302697778,7980.780487804878
1750615606,1,GET,/product/L9ECAV7KIM,0.900000,0.000000,89,90,93,95,110,110,110,110,110,110,110,306,0,39,48.00850013042709,31.058341031894088,178.531433979515,7948.4575163398695
1750615606,1,GET,/product/LS4PSXUNUM,0.900000,0.000000,89,90,94,94,99,99,99,99,99,99,99,300,0,38,44.97812084873052,31.471989990677685,219.1432780236937,7947.013333333333
1750615606,1,GET,/product/OLJCESPC7Z,1.800000,0.000000,88,91,97,100,110,190,190,190,190,190,190,268,0,38,45.77843117207956,30.94358800444752,187.29651300236583,7979.94776119403
1750615606,1,,Aggregated,10.400000,0.000000,88,90,92,94,98,110,190,220,220,220,220,2536,0,39,46.852842170467135,28.33826298592612,495.779535965994,7960.386829652997
1750615607,1,GET,/,0.000000,0.000000,0,0,0,0,0,0,0,0,0,0,0,1,0,158.03705103462562,158.03705103462562,158.03705103462562,158.03705103462562,10499.0
1750615607,1,GET,/product/0PUK6V6EV0,1.100000,0.000000,88,91,92,92,93,100,100,100,100,100,100,281,0,39,45.66135251061043,32.50183002091944,183.03680600365624,7954.982206405694
1750615607,1,GET,/product/1YMWWN1N4O,1.700000,0.000000,87,89,90,96,97,170,170,170,170,170,170,270,0,39,48.80770979000739,31.56466002110392,173.2590430183336,7979.118518518519
1750615607,1,GET,/product/2ZYFJ3GM2N,1.600000,0.000000,85,88,93,93,95,98,98,98,98,98,98,302,0,39,45.35946979273006,28.33826298592612,293.10180502943695,7974.258278145695
1750615607,1,GET,/product/66VCHSJNUP,0.400000,0.000000,89,89,91,91,95,95,95,95,95,95,95,243,0,40,49.87788042570982,30.157680972479284,495.779535965994,7940.798353909465
1750615607,1,GET,/product/6E92ZMYYFZ,0.900000,0.000000,90,92,95,95,96,160,160,160,160,160,160,284,0,39,46.76791471793992,31.463888997677714,173.24102099519223,7928.9647887323945
1750615607,1,GET,/product/9SIQT8TOJO,1.300000,0.000000,90,94,96,98,100,220,220,220,220,220,220,288,0,39,47.639452125319316,30.659020005259663,222.74189302697778,7980.791666666667
1750615607,1,GET,/product/L9ECAV7KIM,0.800000,0.000000,89,90,93,97,110,110,110,110,110,110,110,307,0,39,48.16872381065981,31.058341031894088,178.531433979515,7948.469055374593
1750615607,1,GET,/product/LS4PSXUNUM,1.100000,0.000000,89,90,92,92,94,94,94,94,94,94,94,301,0,38,45.1340896931811,31.471989990677685,219.1432780236937,7947.0
1750615607,1,GET,/product/OLJCESPC7Z,1.500000,0.000000,88,89,91,91,100,110,110,110,110,110,110,269,0,38,45.946946115748865,30.94358800444752,187.29651300236583,7980.033457249071
1750615607,1,,Aggregated,10.400000,0.000000,88,90,92,93,97,100,160,220,220,220,220,2546,0,39,47.02316625110508,28.33826298592612,495.779535965994,7960.408876669285
1750615608,1,GET,/,0.000000,0.000000,0,0,0,0,0,0,0,0,0,0,0,1,0,158.03705103462562,158.03705103462562,158.03705103462562,158.03705103462562,10499.0
1750615608,1,GET,/product/0PUK6V6EV0,1.200000,0.000000,87,90,92,92,92,93,93,93,93,93,93,283,0,39,45.97221611827849,32.50183002091944,183.03680600365624,7955.151943462897
1750615608,1,GET,/product/1YMWWN1N4O,1.500000,0.000000,84,88,89,90,96,97,97,97,97,97,97,270,0,39,48.80770979000739,31.56466002110392,173.2590430183336,7979.118518518519
1750615608,1,GET,/product/2ZYFJ3GM2N,1.700000,0.000000,87,91,93,93,95,98,98,98,98,98,98,305,0,39,45.812738270185825,28.33826298592612,293.10180502943695,7974.354098360655
1750615608,1,GET,/product/66VCHSJNUP,0.500000,0.000000,89,91,91,91,95,95,95,95,95,95,95,245,0,40,50.19881238148795,30.157680972479284,495.779535965994,7940.661224489796
1750615608,1,GET,/product/6E92ZMYYFZ,1.000000,0.000000,90,92,92,95,96,160,160,160,160,160,160,286,0,39,47.07828403098046,31.463888997677714,173.24102099519223,7928.916083916084
1750615608,1,GET,/product/9SIQT8TOJO,1.200000,0.000000,91,94,98,98,100,220,220,220,220,220,220,289,0,39,47.74807965093708,30.659020005259663,222.74189302697778,7980.7958477508655
1750615608,1,GET,/product/L9ECAV7KIM,0.900000,0.000000,90,93,97,97,110,110,110,110,110,110,110,307,0,39,48.16872381065981,31.058341031894088,178.531433979515,7948.469055374593
1750615608,1,GET,/product/LS4PSXUNUM,1.000000,0.000000,90,90,92,92,94,94,94,94,94,94,94,301,0,38,45.1340896931811,31.471989990677685,219.1432780236937,7947.0
1750615608,1,GET,/product/OLJCESPC7Z,1.500000,0.000000,88,89,91,91,100,110,110,110,110,110,110,269,0,38,45.946946115748865,30.94358800444752,187.29651300236583,7980.033457249071
1750615608,1,,Aggregated,10.500000,0.000000,88,91,92,93,96,100,110,220,220,220,220,2556,0,39,47.18870188823099,28.33826298592612,495.779535965994,7960.401017214397
1750615609,1,GET,/,0.000000,0.000000,0,0,0,0,0,0,0,0,0,0,0,1,0,158.03705103462562,158.03705103462562,158.03705103462562,158.03705103462562,10499.0
1750615609,1,GET,/product/0PUK6V6EV0,1.400000,0.000000,87,90,92,92,92,93,93,93,93,93,93,283,0,39,45.97221611827849,32.50183002091944,183.03680600365624,7955.151943462897
1750615609,1,GET,/product/1YMWWN1N4O,1.400000,0.000000,81,84,88,88,90,90,90,90,90,90,90,272,0,40,49.06950246817467,31.56466002110392,173.2590430183336,7979.051470588235
1750615609,1,GET,/product/2ZYFJ3GM2N,1.600000,0.000000,82,88,91,92,93,95,95,95,95,95,95,309,0,39,45.94402881674499,28.33826298592612,293.10180502943695,7974.3236245954695
1750615609,1,GET,/product/66VCHSJNUP,0.600000,0.000000,86,88,89,91,95,95,95,95,95,95,95,247,0,40,50.45842972248491,30.157680972479284,495.779535965994,7940.599190283401
1750615609,1,GET,/product/6E92ZMYYFZ,1.100000,0.000000,90,91,92,92,95,96,96,96,96,96,96,286,0,39,47.07828403098046,31.463888997677714,173.24102099519223,7928.916083916084
1750615609,1,GET,/product/9SIQT8TOJO,1.300000,0.000000,94,96,98,98,100,220,220,220,220,220,220,291,0,39,48.064264120802896,30.659020005259663,222.74189302697778,7980.776632302405
1750615609,1,GET,/product/L9ECAV7KIM,0.900000,0.000000,90,93,97,97,110,110,110,110,110,110,110,308,0,39,48.156392895699746,31.058341031894088,178.531433979515,7948.357142857143
1750615609,1,GET,/product/LS4PSXUNUM,0.800000,0.000000,90,90,92,92,94,94,94,94,94,94,94,301,0,38,45.1340896931811,31.471989990677685,219.1432780236937,7947.0
1750615609,1,GET,/product/OLJCESPC7Z,1.500000,0.000000,88,89,91,91,100,110,110,110,110,110,110,271,0,38,45.90551593797144,30.94358800444752,187.29651300236583,7979.9963099630995
1750615609,1,,Aggregated,10.600000,0.000000,88,90,92,92,95,98,110,110,220,220,220,2569,0,39,47.2884510900764,28.33826298592612,495.779535965994,7960.41222265473
1750615610,1,GET,/,0.000000,0.000000,0,0,0,0,0,0,0,0,0,0,0,1,0,158.03705103462562,158.03705103462562,158.03705103462562,158.03705103462562,10499.0
1750615610,1,GET,/product/0PUK6V6EV0,1.500000,0.000000,87,91,92,92,92,93,93,93,93,93,93,285,0,39,46.21740694202711,32.50183002091944,183.03680600365624,7955.010526315789
1750615610,1,GET,/product/1YMWWN1N4O,1.300000,0.000000,81,84,90,90,90,96,96,96,96,96,96,273,0,40,49.24285919158191,31.56466002110392,173.2590430183336,7979.076923076923
1750615610,1,GET,/product/2ZYFJ3GM2N,1.900000,0.000000,83,90,91,92,94,95,95,95,95,95,95,312,0,39,46.36036367110837,28.33826298592612,293.10180502943695,7974.378205128205
1750615610,1,GET,/product/66VCHSJNUP,0.600000,0.000000,88,89,91,95,99,99,99,99,99,99,99,248,0,40,50.65332413083055,30.157680972479284,495.779535965994,7940.677419354839
1750615610,1,GET,/product/6E92ZMYYFZ,1.200000,0.000000,91,92,92,95,96,96,96,96,96,96,96,286,0,39,47.07828403098046,31.463888997677714,173.24102099519223,7928.916083916084
1750615610,1,GET,/product/9SIQT8TOJO,1.400000,0.000000,94,96,98,100,220,220,220,220,220,220,220,291,0,39,48.064264120802896,30.659020005259663,222.74189302697778,7980.776632302405
1750615610,1,GET,/product/L9ECAV7KIM,0.900000,0.000000,90,93,97,97,110,110,110,110,110,110,110,309,0,39,48.26973612581509,31.058341031894088,178.531433979515,7948.233009708738
1750615610,1,GET,/product/LS4PSXUNUM,0.700000,0.000000,90,90,92,92,94,94,94,94,94,94,94,302,0,38,45.28192183988119,31.471989990677685,219.1432780236937,7946.9668874172185
1750615610,1,GET,/product/OLJCESPC7Z,1.200000,0.000000,88,89,91,91,91,100,100,100,100,100,100,272,0,38,46.067865504215554,30.94358800444752,187.29651300236583,7980.073529411765
1750615610,1,,Aggregated,10.700000,0.000000,88,90,92,92,95,97,100,100,220,220,220,2579,0,39,47.4493194285877,28.33826298592612,495.779535965994,7960.412175261729
1750615611,1,GET,/,0.000000,0.000000,0,0,0,0,0,0,0,0,0,0,0,1,0,158.03705103462562,158.03705103462562,158.03705103462562,158.03705103462562,10499.0
1750615611,1,GET,/product/0PUK6V6EV0,1.500000,0.000000,87,87,92,92,92,93,93,93,93,93,93,287,0,39,46.49007881022925,32.50183002091944,183.03680600365624,7955.073170731707
1750615611,1,GET,/product/1YMWWN1N4O,1.500000,0.000000,84,90,90,91,95,96,96,96,96,96,96,275,0,40,49.56125719028271,31.56466002110392,173.2590430183336,7979.076363636364
1750615611,1,GET,/product/2ZYFJ3GM2N,2.000000,0.000000,85,90,91,92,94,95,95,95,95,95,95,313,0,39,46.48420513557723,28.33826298592612,293.10180502943695,7974.370607028754
1750615611,1,GET,/product/66VCHSJNUP,0.700000,0.000000,88,90,91,91,95,99,99,99,99,99,99,249,0,40,50.81124146759742,30.157680972479284,495.779535965994,7940.634538152611
1750615611,1,GET,/product/6E92ZMYYFZ,1.200000,0.000000,90,92,92,92,95,96,96,96,96,96,96,287,0,39,47.223336849635864,31.463888997677714,173.24102099519223,7928.923344947735
1750615611,1,GET,/product/9SIQT8TOJO,1.400000,0.000000,90,92,94,96,100,100,100,100,100,100,100,293,0,39,48.32710965942598,30.659020005259663,222.74189302697778,7980.866894197952
1750615611,1,GET,/product/L9ECAV7KIM,0.700000,0.000000,83,90,93,93,97,97,97,97,97,97,97,309,0,39,48.26973612581509,31.058341031894088,178.531433979515,7948.233009708738
1750615611,1,GET,/product/LS4PSXUNUM,0.600000,0.000000,90,90,90,92,92,92,92,92,92,92,92,302,0,38,45.28192183988119,31.471989990677685,219.1432780236937,7946.9668874172185
1750615611,1,GET,/product/OLJCESPC7Z,1.200000,0.000000,87,89,90,90,91,100,100,100,100,100,100,273,0,38,46.2247593008108,30.94358800444752,187.29651300236583,7980.15750915751
1750615611,1,,Aggregated,10.800000,0.000000,88,90,91,92,95,96,99,100,100,100,100,2589,0,39,47.60694464405764,28.33826298592612,495.779535965994,7960.453070683661
1750615612,1,GET,/,0.000000,0.000000,0,0,0,0,0,0,0,0,0,0,0,1,0,158.03705103462562,158.03705103462562,158.03705103462562,158.03705103462562,10499.0
1750615612,1,GET,/product/0PUK6V6EV0,1.400000,0.000000,87,91,92,92,92,93,93,93,93,93,93,287,0,39,46.49007881022925,32.50183002091944,183.03680600365624,7955.073170731707
1750615612,1,GET,/product/1YMWWN1N4O,1.300000,0.000000,88,90,93,93,95,96,96,96,96,96,96,277,0,40,49.83914039847492,31.56466002110392,173.2590430183336,7978.924187725632
1750615612,1,GET,/product/2ZYFJ3GM2N,2.200000,0.000000,87,91,92,92,94,95,95,95,95,95,95,314,0,39,46.63059329128362,28.33826298592612,293.10180502943695,7974.445859872611
1750615612,1,GET,/product/66VCHSJNUP,1.000000,0.000000,90,92,94,95,95,99,99,99,99,99,99,252,0,40,51.32536009316229,30.157680972479284,495.779535965994,7940.603174603175
1750615612,1,GET,/product/6E92ZMYYFZ,1.200000,0.000000,91,92,92,95,96,96,96,96,96,96,96,287,0,39,47.223336849635864,31.463888997677714,173.24102099519223,7928.923344947735
1750615612,1,GET,/product/9SIQT8TOJO,1.200000,0.000000,90,93,94,94,96,100,100,100,100,100,100,295,0,39,48.604658465059,30.659020005259663,222.74189302697778,7980.705084745763
1750615612,1,GET,/product/L9ECAV7KIM,0.800000,0.000000,88,90,93,93,97,97,97,97,97,97,97,310,0,39,48.397836115609316,31.058341031894088,178.531433979515,7948.225806451613
1750615612,1,GET,/product/LS4PSXUNUM,0.500000,0.000000,90,90,90,92,92,92,92,92,92,92,92,302,0,38,45.28192183988119,31.471989990677685,219.1432780236937,7946.9668874172185
1750615612,1,GET,/product/OLJCESPC7Z,1.300000,0.000000,89,90,90,91,100,100,100,100,100,100,100,274,0,38,46.38365966826167,30.94358800444752,187.29651300236583,7980.087591240876
1750615612,1,,Aggregated,10.900000,0.000000,90,91,92,93,95,96,100,100,100,100,100,2599,0,39,47.77267905367931,28.33826298592612,495.779535965994,7960.4317045017315
1750615613,1,GET,/,0.000000,0.000000,0,0,0,0,0,0,0,0,0,0,0,1,0,158.03705103462562,158.03705103462562,158.03705103462562,158.03705103462562,10499.0
1750615613,1,GET,/product/0PUK6V6EV0,1.500000,0.000000,87,87,92,92,92,93,93,93,93,93,93,287,0,39,46.49007881022925,32.50183002091944,183.03680600365624,7955.073170731707
1750615613,1,GET,/product/1YMWWN1N4O,1.400000,0.000000,88,90,93,95,96,100,100,100,100,100,100,281,0,40,50.381231165012125,31.56466002110392,173.2590430183336,7979.0604982206405
1750615613,1,GET,/product/2ZYFJ3GM2N,2.200000,0.000000,90,91,92,93,95,95,95,95,95,95,95,315,0,39,46.771218890457284,28.33826298592612,293.10180502943695,7974.40634920635
1750615613,1,GET,/product/66VCHSJNUP,1.000000,0.000000,89,91,94,95,95,99,99,99,99,99,99,254,0,40,51.28135444691742,30.157680972479284,495.779535965994,7940.7322834645665
1750615613,1,GET,/product/6E92ZMYYFZ,1.000000,0.000000,90,91,92,92,95,96,96,96,96,96,96,289,0,39,47.50013948401281,31.463888997677714,173.24102099519223,7928.916955017301
1750615613,1,GET,/product/9SIQT8TOJO,1.200000,0.000000,92,93,95,95,96,100,100,100,100,100,100,296,0,39,48.7618653215405,30.659020005259663,222.74189302697778,7980.77027027027
1750615613,1,GET,/product/L9ECAV7KIM,0.700000,0.000000,88,88,90,90,97,97,97,97,97,97,97,310,0,39,48.397836115609316,31.058341031894088,178.531433979515,7948.225806451613
1750615613,1,GET,/product/LS4PSXUNUM,0.600000,0.000000,90,90,92,92,92,92,92,92,92,92,92,302,0,38,45.28192183988119,31.471989990677685,219.1432780236937,7946.9668874172185
1750615613,1,GET,/product/OLJCESPC7Z,1.300000,0.000000,89,89,90,90,91,91,91,91,91,91,91,275,0,38,46.52426996776326,30.94358800444752,187.29651300236583,7980.047272727273
1750615613,1,,Aggregated,10.900000,0.000000,89,91,92,93,95,96,100,100,100,100,100,2610,0,39,47.911842868054975,28.33826298592612,495.779535965994,7960.466283524905
1750615614,1,GET,/,0.000000,0.000000,0,0,0,0,0,0,0,0,0,0,0,1,0,158.03705103462562,158.03705103462562,158.03705103462562,158.03705103462562,10499.0
1750615614,1,GET,/product/0PUK6V6EV0,1.500000,0.000000,87,87,87,92,93,93,93,93,93,93,93,288,0,39,46.65149686984983,32.50183002091944,183.03680600365624,7955.069444444444
1750615614,1,GET,/product/1YMWWN1N4O,1.400000,0.000000,88,90,93,93,96,100,100,100,100,100,100,283,0,40,50.64472503686166,31.56466002110392,173.2590430183336,7979.144876325088
1750615614,1,GET,/product/2ZYFJ3GM2N,2.100000,0.000000,90,91,92,93,95,95,95,95,95,95,95,316,0,39,46.90361071357362,28.33826298592612,293.10180502943695,7974.430379746836
1750615614,1,GET,/product/66VCHSJNUP,1.200000,0.000000,90,92,94,95,95,99,99,99,99,99,99,254,0,40,51.28135444691742,30.157680972479284,495.779535965994,7940.7322834645665
1750615614,1,GET,/product/6E92ZMYYFZ,1.000000,0.000000,90,90,92,95,96,96,96,96,96,96,96,290,0,39,47.64171285125234,31.463888997677714,173.24102099519223,7928.993103448276
1750615614,1,GET,/product/9SIQT8TOJO,1.200000,0.000000,92,93,95,96,100,100,100,100,100,100,100,297,0,39,48.89793132736759,30.659020005259663,222.74189302697778,7980.720538720539
1750615614,1,GET,/product/L9ECAV7KIM,0.800000,0.000000,88,90,92,92,97,97,97,97,97,97,97,311,0,39,48.53952781617689,31.058341031894088,178.531433979515,7948.218649517685
1750615614,1,GET,/product/LS4PSXUNUM,0.500000,0.000000,90,90,90,92,92,92,92,92,92,92,92,303,0,38,45.38386157293506,31.471989990677685,219.1432780236937,7947.0
1750615614,1,GET,/product/OLJCESPC7Z,1.200000,0.000000,89,90,90,91,97,97,97,97,97,97,97,277,0,38,46.852430953881246,30.94358800444752,187.29651300236583,7980.068592057762
1750615614,1,,Aggregated,10.900000,0.000000,89,91,92,93,95,97,100,100,100,100,100,2620,0,39,48.06761040562454,28.33826298592612,495.779535965994,7960.5041984732825
1750615615,1,GET,/,0.000000,0.000000,0,0,0,0,0,0,0,0,0,0,0,1,0,158.03705103462562,158.03705103462562,158.03705103462562,158.03705103462562,10499.0
1750615615,1,GET,/product/0PUK6V6EV0,1.400000,0.000000,87,90,92,92,93,230,230,230,230,230,230,290,0,39,47.425538615789264,32.50183002091944,227.66945703187957,7954.951724137931
1750615615,1,GET,/product/1YMWWN1N4O,1.500000,0.000000,88,91,91,93,96,100,100,100,100,100,100,285,0,40,50.77190989273061,31.56466002110392,173.2590430183336,7979.164912280702
1750615615,1,GET,/product/2ZYFJ3GM2N,1.900000,0.000000,90,91,92,93,95,95,95,95,95,95,95,317,0,39,47.013427080382364,28.33826298592612,293.10180502943695,7974.435331230284
1750615615,1,GET,/product/66VCHSJNUP,1.300000,0.000000,91,93,94,95,95,99,99,99,99,99,99,255,0,40,51.44330315889937,30.157680972479284,495.779535965994,7940.854901960784
1750615615,1,GET,/product/6E92ZMYYFZ,1.100000,0.000000,89,90,92,92,95,95,95,95,95,95,95,292,0,39,47.8094191229041,31.463888997677714,173.24102099519223,7928.965753424657
1750615615,1,GET,/product/9SIQT8TOJO,1.200000,0.000000,92,95,96,96,97,100,100,100,100,100,100,298,0,39,49.05887046045992,30.659020005259663,222.74189302697778,7980.677852348993
1750615615,1,GET,/product/L9ECAV7KIM,0.600000,0.000000,88,92,92,97,97,97,97,97,97,97,97,311,0,39,48.53952781617689,31.058341031894088,178.531433979515,7948.218649517685
1750615615,1,GET,/product/LS4PSXUNUM,0.400000,0.000000,90,90,92,92,92,92,92,92,92,92,92,304,0,38,45.50591613032769,31.471989990677685,219.1432780236937,7946.973684210527
1750615615,1,GET,/product/OLJCESPC7Z,1.100000,0.000000,89,90,90,91,97,97,97,97,97,97,97,277,0,38,46.852430953881246,30.94358800444752,187.29651300236583,7980.068592057762
1750615615,1,,Aggregated,10.500000,0.000000,89,91,92,93,95,97,100,230,230,230,230,2630,0,39,48.24727949384908,28.33826298592612,495.779535965994,7960.481368821293
1750615616,1,GET,/,0.000000,0.000000,0,0,0,0,0,0,0,0,0,0,0,1,0,158.03705103462562,158.03705103462562,158.03705103462562,158.03705103462562,10499.0
1750615616,1,GET,/product/0PUK6V6EV0,1.300000,0.000000,87,90,92,93,230,230,230,230,230,230,230,290,0,39,47.425538615789264,32.50183002091944,227.66945703187957,7954.951724137931
1750615616,1,GET,/product/1YMWWN1N4O,1.700000,0.000000,88,90,91,92,95,96,100,100,100,100,100,289,0,40,51.111322617565946,31.56466002110392,173.2590430183336,7979.307958477509
1750615616,1,GET,/product/2ZYFJ3GM2N,1.900000,0.000000,89,91,91,92,94,95,95,95,95,95,95,318,0,39,46.99595028123783,28.33826298592612,293.10180502943695,7974.547169811321
1750615616,1,GET,/product/66VCHSJNUP,1.500000,0.000000,92,94,95,95,95,99,99,99,99,99,99,256,0,40,51.6134850176968,30.157680972479284,495.779535965994,7940.953125
1750615616,1,GET,/product/6E92ZMYYFZ,1.000000,0.000000,89,90,90,90,92,92,92,92,92,92,92,295,0,39,48.22172880630498,31.463888997677714,173.24102099519223,7928.864406779661
1750615616,1,GET,/product/9SIQT8TOJO,1.000000,0.000000,90,93,95,95,96,97,97,97,97,97,97,299,0,39,49.01540903748327,30.659020005259663,222.74189302697778,7980.655518394648
1750615616,1,GET,/product/L9ECAV7KIM,0.600000,0.000000,88,88,92,92,97,97,97,97,97,97,97,312,0,39,48.512485650112815,31.058341031894088,178.531433979515,7948.147435897436
1750615616,1,GET,/product/LS4PSXUNUM,0.500000,0.000000,90,90,90,92,92,92,92,92,92,92,92,305,0,38,45.65205046120787,31.471989990677685,219.1432780236937,7947.039344262295
1750615616,1,GET,/product/OLJCESPC7Z,1.000000,0.000000,89,90,90,91,97,97,97,97,97,97,97,277,0,38,46.852430953881246,30.94358800444752,187.29651300236583,7980.068592057762
1750615616,1,,Aggregated,10.500000,0.000000,89,91,92,92,95,97,100,230,230,230,230,2642,0,39,48.35703687655195,28.33826298592612,495.779535965994,7960.493565480697
1750615617,1,GET,/,0.000000,0.000000,0,0,0,0,0,0,0,0,0,0,0,1,0,158.03705103462562,158.03705103462562,158.03705103462562,158.03705103462562,10499.0
1750615617,1,GET,/product/0PUK6V6EV0,1.200000,0.000000,87,90,92,92,93,230,230,230,230,230,230,292,0,39,47.68776996077153,32.50183002091944,227.66945703187957,7954.842465753424
1750615617,1,GET,/product/1YMWWN1N4O,1.600000,0.000000,88,91,92,93,96,100,100,100,100,100,100,290,0,40,51.06033912924086,31.56466002110392,173.2590430183336,7979.337931034483
1750615617,1,GET,/product/2ZYFJ3GM2N,1.800000,0.000000,83,89,91,91,92,94,94,94,94,94,94,319,0,39,47.10628073786599,28.33826298592612,293.10180502943695,7974.420062695925
1750615617,1,GET,/product/66VCHSJNUP,1.500000,0.000000,91,93,94,95,95,99,99,99,99,99,99,258,0,40,51.75612721111185,30.157680972479284,495.779535965994,7941.007751937985
1750615617,1,GET,/product/6E92ZMYYFZ,1.100000,0.000000,90,90,92,92,94,95,95,95,95,95,95,297,0,39,48.533646009630374,31.463888997677714,173.24102099519223,7928.925925925926
1750615617,1,GET,/product/9SIQT8TOJO,1.100000,0.000000,90,93,95,95,96,97,97,97,97,97,97,300,0,39,48.97602208734801,30.659020005259663,222.74189302697778,7980.56
1750615617,1,GET,/product/L9ECAV7KIM,0.700000,0.000000,83,88,88,92,92,92,92,92,92,92,92,312,0,39,48.512485650112815,31.058341031894088,178.531433979515,7948.147435897436
1750615617,1,GET,/product/LS4PSXUNUM,0.400000,0.000000,90,90,92,92,92,92,92,92,92,92,92,307,0,39,45.93427801874075,31.471989990677685,219.1432780236937,7947.065146579805
1750615617,1,GET,/product/OLJCESPC7Z,1.000000,0.000000,89,90,90,90,97,97,97,97,97,97,97,277,0,38,46.852430953881246,30.94358800444752,187.29651300236583,7980.068592057762
1750615617,1,,Aggregated,10.400000,0.000000,88,90,92,93,95,97,100,230,230,230,230,2653,0,39,48.47097261318666,28.33826298592612,495.779535965994,7960.441010177158
1750615618,1,GET,/,0.000000,0.000000,0,0,0,0,0,0,0,0,0,0,0,1,0,158.03705103462562,158.03705103462562,158.03705103462562,158.03705103462562,10499.0
1750615618,1,GET,/product/0PUK6V6EV0,1.100000,0.000000,87,90,93,95,230,230,230,230,230,230,230,293,0,39,47.85060451732338,32.50183002091944,227.66945703187957,7954.96928327645
1750615618,1,GET,/product/1YMWWN1N4O,1.900000,0.000000,88,91,93,95,96,100,100,100,100,100,100,291,0,40,51.21127055490652,31.56466002110392,173.2590430183336,7979.278350515464
1750615618,1,GET,/product/2ZYFJ3GM2N,1.900000,0.000000,85,91,91,91,92,94,94,94,94,94,94,319,0,39,47.10628073786599,28.33826298592612,293.10180502943695,7974.420062695925
1750615618,1,GET,/product/66VCHSJNUP,1.400000,0.000000,92,94,94,95,95,99,99,99,99,99,99,259,0,40,51.90184902090536,30.157680972479284,495.779535965994,7941.150579150579
1750615618,1,GET,/product/6E92ZMYYFZ,1.000000,0.000000,89,90,90,92,94,95,95,95,95,95,95,299,0,39,48.63580242757153,31.463888997677714,173.24102099519223,7929.0
1750615618,1,GET,/product/9SIQT8TOJO,1.200000,0.000000,90,93,95,95,96,97,97,97,97,97,97,300,0,39,48.97602208734801,30.659020005259663,222.74189302697778,7980.56
1750615618,1,GET,/product/L9ECAV7KIM,0.600000,0.000000,88,88,89,89,92,92,92,92,92,92,92,315,0,39,48.86951941224407,31.058341031894088,178.531433979515,7948.190476190476
1750615618,1,GET,/product/LS4PSXUNUM,0.500000,0.000000,86,90,90,92,92,92,92,92,92,92,92,310,0,39,46.18389942841004,31.471989990677685,219.1432780236937,7947.129032258064
1750615618,1,GET,/product/OLJCESPC7Z,0.900000,0.000000,90,90,90,90,97,97,97,97,97,97,97,277,0,38,46.852430953881246,30.94358800444752,187.29651300236583,7980.068592057762
1750615618,1,,Aggregated,10.500000,0.000000,88,90,92,93,95,97,100,230,230,230,230,2664,0,39,48.6014146853676,28.33826298592612,495.779535965994,7960.428303303303
1750615619,1,GET,/,0.000000,0.000000,0,0,0,0,0,0,0,0,0,0,0,1,0,158.03705103462562,158.03705103462562,158.03705103462562,158.03705103462562,10499.0
1750615619,1,GET,/product/0PUK6V6EV0,1.100000,0.000000,90,93,95,220,230,230,230,230,230,230,230,294,0,39,48.436863852354385,32.50183002091944,227.66945703187957,7954.9795918367345
1750615619,1,GET,/product/1YMWWN1N4O,2.000000,0.000000,88,91,92,93,95,100,100,100,100,100,100,292,0,40,51.19357062148868,31.56466002110392,173.2590430183336,7979.356164383562
1750615619,1,GET,/product/2ZYFJ3GM2N,1.800000,0.000000,85,89,91,91,92,92,92,92,92,92,92,320,0,39,47.22409781679744,28.33826298592612,293.10180502943695,7974.49375
1750615619,1,GET,/product/66VCHSJNUP,1.500000,0.000000,92,94,94,94,95,95,95,95,95,95,95,259,0,40,51.90184902090536,30.157680972479284,495.779535965994,7941.150579150579
1750615619,1,GET,/product/6E92ZMYYFZ,1.200000,0.000000,89,90,92,94,97,98,98,98,98,98,98,303,0,39,49.05372247155203,31.463888997677714,173.24102099519223,7928.782178217822
1750615619,1,GET,/product/9SIQT8TOJO,1.200000,0.000000,89,90,93,95,97,97,97,97,97,97,97,301,0,39,49.0781264060542,30.659020005259663,222.74189302697778,7980.637873754153
1750615619,1,GET,/product/L9ECAV7KIM,0.500000,0.000000,83,88,88,89,92,92,92,92,92,92,92,316,0,39,48.91449734447023,31.058341031894088,178.531433979515,7948.145569620253
1750615619,1,GET,/product/LS4PSXUNUM,0.500000,0.000000,90,90,92,92,92,92,92,92,92,92,92,311,0,39,46.32983642062801,31.471989990677685,219.1432780236937,7947.135048231511
1750615619,1,GET,/product/OLJCESPC7Z,0.900000,0.000000,89,90,90,97,97,97,97,97,97,97,97,277,0,38,46.852430953881246,30.94358800444752,187.29651300236583,7980.068592057762
1750615619,1,,Aggregated,10.700000,0.000000,88,90,92,93,95,97,220,230,230,230,230,2674,0,39,48.75870062149842,28.33826298592612,495.779535965994,7960.387434554974
1750615620,1,GET,/,0.000000,0.000000,0,0,0,0,0,0,0,0,0,0,0,1,0,158.03705103462562,158.03705103462562,158.03705103462562,158.03705103462562,10499.0
1750615620,1,GET,/product/0PUK6V6EV0,1.000000,0.000000,90,93,95,220,230,230,230,230,230,230,230,295,0,39,48.57389962249356,32.50183002091944,227.66945703187957,7954.874576271186
1750615620,1,GET,/product/1YMWWN1N4O,2.000000,0.000000,87,88,91,92,95,100,100,100,100,100,100,293,0,40,51.2590415715383,31.56466002110392,173.2590430183336,7979.344709897611
1750615620,1,GET,/product/2ZYFJ3GM2N,1.400000,0.000000,85,86,89,91,92,92,92,92,92,92,92,322,0,39,47.44535913782755,28.33826298592612,293.10180502943695,7974.503105590062
1750615620,1,GET,/product/66VCHSJNUP,1.500000,0.000000,94,94,95,95,95,99,99,99,99,99,99,261,0,40,52.24610053018892,30.157680972479284,495.779535965994,7941.210727969348
1750615620,1,GET,/product/6E92ZMYYFZ,1.400000,0.000000,89,90,92,94,97,98,98,98,98,98,98,303,0,39,49.05372247155203,31.463888997677714,173.24102099519223,7928.782178217822
1750615620,1,GET,/product/9SIQT8TOJO,1.100000,0.000000,89,93,95,95,97,97,97,97,97,97,97,301,0,39,49.0781264060542,30.659020005259663,222.74189302697778,7980.637873754153
1750615620,1,GET,/product/L9ECAV7KIM,0.800000,0.000000,88,88,89,89,92,92,92,92,92,92,92,316,0,39,48.91449734447023,31.058341031894088,178.531433979515,7948.145569620253
1750615620,1,GET,/product/LS4PSXUNUM,0.800000,0.000000,90,90,92,92,92,200,200,200,200,200,200,314,0,39,47.108677085370395,31.471989990677685,219.1432780236937,7947.12101910828
1750615620,1,GET,/product/OLJCESPC7Z,0.800000,0.000000,87,90,90,97,97,97,97,97,97,97,97,278,0,38,46.950385608691924,30.94358800444752,187.29651300236583,7980.143884892086
1750615620,1,,Aggregated,10.800000,0.000000,88,90,92,93,95,99,220,230,230,230,230,2684,0,39,48.940753138177556,28.33826298592612,495.779535965994,7960.381520119225
1750615621,1,GET,/,0.000000,0.000000,0,0,0,0,0,0,0,0,0,0,0,1,0,158.03705103462562,158.03705103462562,158.03705103462562,158.03705103462562,10499.0
1750615621,1,GET,/product/0PUK6V6EV0,1.000000,0.000000,90,93,95,220,230,230,230,230,230,230,230,296,0,39,48.69346953244137,32.50183002091944,227.66945703187957,7954.939189189189
1750615621,1,GET,/product/1YMWWN1N4O,2.000000,0.000000,84,87,88,88,92,95,100,100,100,100,100,298,0,40,51.430048636081096,31.56466002110392,173.2590430183336,7979.342281879195
1750615621,1,GET,/product/2ZYFJ3GM2N,1.200000,0.000000,82,86,89,89,91,92,92,92,92,92,92,324,0,39,47.42766354437113,28.33826298592612,293.10180502943695,7974.5123456790125
1750615621,1,GET,/product/66VCHSJNUP,1.400000,0.000000,93,94,95,95,99,99,99,99,99,99,99,261,0,40,52.24610053018892,30.157680972479284,495.779535965994,7941.210727969348
1750615621,1,GET,/product/6E92ZMYYFZ,1.700000,0.000000,88,90,92,94,97,98,98,98,98,98,98,306,0,39,49.10126498678176,31.463888997677714,173.24102099519223,7928.915032679739
1750615621,1,GET,/product/9SIQT8TOJO,1.000000,0.000000,80,89,95,95,97,97,97,97,97,97,97,302,0,39,49.03516914970735,30.659020005259663,222.74189302697778,7980.715231788079
1750615621,1,GET,/product/L9ECAV7KIM,0.800000,0.000000,88,88,89,89,92,92,92,92,92,92,92,317,0,39,48.88976884496102,31.058341031894088,178.531433979515,7948.11356466877
1750615621,1,GET,/product/LS4PSXUNUM,1.000000,0.000000,89,90,92,92,92,200,200,200,200,200,200,315,0,39,47.11321905340319,31.471989990677685,219.1432780236937,7947.177777777778
1750615621,1,GET,/product/OLJCESPC7Z,0.600000,0.000000,85,85,87,87,97,97,97,97,97,97,97,280,0,38,46.89276077946748,30.94358800444752,187.29651300236583,7979.978571428572
1750615621,1,,Aggregated,10.700000,0.000000,86,89,92,92,95,98,200,220,230,230,230,2700,0,39,48.96390950593977,28.33826298592612,495.779535965994,7960.42
1750615622,1,GET,/,0.000000,0.000000,0,0,0,0,0,0,0,0,0,0,0,1,0,158.03705103462562,158.03705103462562,158.03705103462562,158.03705103462562,10499.0
1750615622,1,GET,/product/0PUK6V6EV0,1.000000,0.000000,89,93,95,95,220,230,230,230,230,230,230,298,0,39,48.63205384080229,32.50183002091944,227.66945703187957,7954.86577181208
1750615622,1,GET,/product/1YMWWN1N4O,2.000000,0.000000,79,85,88,88,92,95,95,95,95,95,95,299,0,40,51.38612866738848,31.56466002110392,173.2590430183336,7979.438127090301
1750615622,1,GET,/product/2ZYFJ3GM2N,1.000000,0.000000,82,85,86,89,91,92,92,92,92,92,92,327,0,39,47.321180784177685,28.33826298592612,293.10180502943695,7974.415902140673
1750615622,1,GET,/product/66VCHSJNUP,1.200000,0.000000,89,94,95,95,95,99,99,99,99,99,99,263,0,40,52.14987263263171,30.157680972479284,495.779535965994,7941.026615969582
1750615622,1,GET,/product/6E92ZMYYFZ,1.700000,0.000000,85,89,90,92,95,97,98,98,98,98,98,309,0,39,49.041770145630096,31.463888997677714,173.24102099519223,7928.78640776699
1750615622,1,GET,/product/9SIQT8TOJO,1.000000,0.000000,43,45,80,89,97,97,97,97,97,97,97,306,0,39,48.94973117393271,30.659020005259663,222.74189302697778,7980.568627450981
1750615622,1,GET,/product/L9ECAV7KIM,0.700000,0.000000,82,88,89,89,92,92,92,92,92,92,92,317,0,39,48.88976884496102,31.058341031894088,178.531433979515,7948.11356466877
1750615622,1,GET,/product/LS4PSXUNUM,1.200000,0.000000,89,90,92,92,92,200,200,200,200,200,200,316,0,39,47.08528449306488,31.471989990677685,219.1432780236937,7947.196202531645
1750615622,1,GET,/product/OLJCESPC7Z,0.600000,0.000000,41,43,74,87,97,97,97,97,97,97,97,284,0,38,46.78685654325306,30.94358800444752,187.29651300236583,7979.908450704225
1750615622,1,,Aggregated,10.400000,0.000000,82,88,90,92,95,97,200,220,230,230,230,2720,0,39,48.89753043460266,28.33826298592612,495.779535965994,7960.380147058823
1750615623,1,GET,/,0.000000,0.000000,0,0,0,0,0,0,0,0,0,0,0,1,0,158.03705103462562,158.03705103462562,158.03705103462562,158.03705103462562,10499.0
1750615623,1,GET,/product/0PUK6V6EV0,1.000000,0.000000,85,89,90,95,220,230,230,230,230,230,230,302,0,39,48.525177932456934,32.50183002091944,227.66945703187957,7954.841059602649
1750615623,1,GET,/product/1YMWWN1N4O,2.200000,0.000000,70,84,87,88,91,92,95,95,95,95,95,301,0,40,51.289025520282394,31.56466002110392,173.2590430183336,7979.401993355482
1750615623,1,GET,/product/2ZYFJ3GM2N,1.000000,0.000000,47,82,82,85,86,89,89,89,89,89,89,329,0,39,47.24698526573178,28.33826298592612,293.10180502943695,7974.273556231003
1750615623,1,GET,/product/66VCHSJNUP,1.200000,0.000000,89,93,95,95,95,99,99,99,99,99,99,266,0,40,51.98270771206055,30.157680972479284,495.779535965994,7940.834586466165
1750615623,1,GET,/product/6E92ZMYYFZ,1.800000,0.000000,83,89,90,92,95,97,98,98,98,98,98,312,0,39,48.92889418895207,31.463888997677714,173.24102099519223,7928.948717948718
1750615623,1,GET,/product/9SIQT8TOJO,0.800000,0.000000,43,43,45,80,97,97,97,97,97,97,97,306,0,39,48.94973117393271,30.659020005259663,222.74189302697778,7980.568627450981
1750615623,1,GET,/product/L9ECAV7KIM,0.800000,0.000000,82,88,89,89,92,92,92,92,92,92,92,318,0,39,48.85604697112697,31.058341031894088,178.531433979515,7948.220125786163
1750615623,1,GET,/product/LS4PSXUNUM,1.300000,0.000000,86,89,90,92,92,200,200,200,200,200,200,321,0,39,46.94781047919464,31.471989990677685,219.1432780236937,7947.1682242990655
1750615623,1,GET,/product/OLJCESPC7Z,0.500000,0.000000,41,43,74,74,87,87,87,87,87,87,87,284,0,38,46.78685654325306,30.94358800444752,187.29651300236583,7979.908450704225
1750615623,1,,Aggregated,10.600000,0.000000,49,85,89,90,94,97,200,220,230,230,230,2740,0,39,48.81776129823929,28.33826298592612,495.779535965994,7960.297080291971
1750615624,1,GET,/,0.000000,0.000000,0,0,0,0,0,0,0,0,0,0,0,1,0,158.03705103462562,158.03705103462562,158.03705103462562,158.03705103462562,10499.0
1750615624,1,GET,/product/0PUK6V6EV0,1.000000,0.000000,47,87,89,90,220,230,230,230,230,230,230,305,0,39,48.441093621706806,32.50183002091944,227.66945703187957,7955.075409836066
1750615624,1,GET,/product/1YMWWN1N4O,2.300000,0.000000,45,70,84,85,91,92,95,95,95,95,95,306,0,40,51.063656861729484,31.392459000926465,173.2590430183336,7979.444444444444
1750615624,1,GET,/product/2ZYFJ3GM2N,1.300000,0.000000,41,47,82,82,85,86,86,86,86,86,86,332,0,39,47.16198955552445,28.33826298592612,293.10180502943695,7974.439759036145
1750615624,1,GET,/product/66VCHSJNUP,1.100000,0.000000,46,94,95,95,95,99,99,99,99,99,99,266,0,40,51.98270771206055,30.157680972479284,495.779535965994,7940.834586466165
1750615624,1,GET,/product/6E92ZMYYFZ,2.000000,0.000000,83,89,90,92,95,97,98,98,98,98,98,312,0,39,48.92889418895207,31.463888997677714,173.24102099519223,7928.948717948718
1750615624,1,GET,/product/9SIQT8TOJO,0.900000,0.000000,39,43,43,45,80,80,80,80,80,80,80,307,0,39,48.897782723830424,30.659020005259663,222.74189302697778,7980.514657980456
1750615624,1,GET,/product/L9ECAV7KIM,0.700000,0.000000,41,63,82,82,88,89,89,89,89,89,89,322,0,39,48.75549376958125,31.058341031894088,178.531433979515,7948.211180124224
1750615624,1,GET,/product/LS4PSXUNUM,1.400000,0.000000,49,89,90,92,92,200,200,200,200,200,200,323,0,39,46.905235179062736,31.471989990677685,219.1432780236937,7947.130030959753
1750615624,1,GET,/product/OLJCESPC7Z,1.000000,0.000000,40,42,43,43,74,87,87,87,87,87,87,287,0,38,46.698922614278175,30.94358800444752,187.29651300236583,7979.982578397213
1750615624,1,,Aggregated,11.700000,0.000000,43,80,85,89,92,95,99,200,220,220,220,2761,0,39,48.74064303487718,28.33826298592612,495.779535965994,7960.389351684173
1750615625,1,GET,/,0.000000,0.000000,0,0,0,0,0,0,0,0,0,0,0,1,0,158.03705103462562,158.03705103462562,158.03705103462562,158.03705103462562,10499.0
1750615625,1,GET,/product/0PUK6V6EV0,1.300000,0.000000,47,84,85,87,95,220,220,220,220,220,220,307,0,39,48.559450119330336,32.50183002091944,227.66945703187957,7954.990228013029
1750615625,1,GET,/product/1YMWWN1N4O,2.000000,0.000000,40,45,51,70,85,88,95,95,95,95,95,308,0,40,50.96769282350909,31.392459000926465,173.2590430183336,7979.383116883117
1750615625,1,GET,/product/2ZYFJ3GM2N,1.400000,0.000000,40,47,80,82,85,86,86,86,86,86,86,333,0,39,47.129664205639784,28.33826298592612,293.10180502943695,7974.492492492493
1750615625,1,GET,/product/66VCHSJNUP,1.300000,0.000000,41,46,94,94,95,99,99,99,99,99,99,268,0,40,51.86236066176424,30.157680972479284,495.779535965994,7940.9029850746265
1750615625,1,GET,/product/6E92ZMYYFZ,2.400000,0.000000,51,89,90,94,97,98,98,98,98,98,98,313,0,39,48.90170991688538,31.463888997677714,173.24102099519223,7928.891373801917
1750615625,1,GET,/product/9SIQT8TOJO,1.000000,0.000000,43,45,48,80,180,180,180,180,180,180,180,309,0,39,49.320584968369886,30.659020005259663,222.74189302697778,7980.388349514563
1750615625,1,GET,/product/L9ECAV7KIM,0.800000,0.000000,41,46,82,82,88,89,89,89,89,89,89,323,0,39,48.70844551941651,31.058341031894088,178.531433979515,7948.173374613003
1750615625,1,GET,/product/LS4PSXUNUM,1.600000,0.000000,43,86,90,92,92,200,200,200,200,200,200,325,0,39,46.844718786887825,31.471989990677685,219.1432780236937,7947.086153846154
1750615625,1,GET,/product/OLJCESPC7Z,0.900000,0.000000,40,42,43,50,74,87,87,87,87,87,87,290,0,38,46.64500528376485,30.94358800444752,187.29651300236583,7979.986206896552
1750615625,1,,Aggregated,12.700000,0.000000,41,50,83,86,92,95,180,200,220,220,220,2777,0,39,48.75327240372849,28.33826298592612,495.779535965994,7960.367662945625
1750615626,1,GET,/,0.000000,0.000000,0,0,0,0,0,0,0,0,0,0,0,1,0,158.03705103462562,158.03705103462562,158.03705103462562,158.03705103462562,10499.0
1750615626,1,GET,/product/0PUK6V6EV0,1.600000,0.000000,42,52,82,84,95,220,220,220,220,220,220,311,0,39,48.47048850332528,32.50183002091944,227.66945703187957,7955.067524115756
1750615626,1,GET,/product/1YMWWN1N4O,2.000000,0.000000,40,45,51,70,85,88,95,95,95,95,95,308,0,40,50.96769282350909,31.392459000926465,173.2590430183336,7979.383116883117
1750615626,1,GET,/product/2ZYFJ3GM2N,1.600000,0.000000,38,42,80,80,85,86,86,86,86,86,86,334,0,39,47.10253459121893,28.33826298592612,293.10180502943695,7974.508982035928
1750615626,1,GET,/product/66VCHSJNUP,1.200000,0.000000,41,46,89,94,95,99,99,99,99,99,99,271,0,40,51.79407385717459,30.157680972479284,495.779535965994,7940.988929889299
1750615626,1,GET,/product/6E92ZMYYFZ,2.200000,0.000000,41,51,83,89,97,98,98,98,98,98,98,316,0,39,48.821351338580214,31.463888997677714,173.24102099519223,7928.892405063291
1750615626,1,GET,/product/9SIQT8TOJO,1.000000,0.000000,43,45,48,80,180,180,180,180,180,180,180,309,0,39,49.320584968369886,30.659020005259663,222.74189302697778,7980.388349514563
1750615626,1,GET,/product/L9ECAV7KIM,1.000000,0.000000,46,53,63,82,88,89,89,89,89,89,89,326,0,39,48.692581269345844,31.058341031894088,178.531433979515,7948.294478527608
1750615626,1,GET,/product/LS4PSXUNUM,1.900000,0.000000,43,86,90,92,92,200,200,200,200,200,200,326,0,39,46.86584630591846,31.471989990677685,219.1432780236937,7947.01226993865
1750615626,1,GET,/product/OLJCESPC7Z,1.100000,0.000000,40,40,41,42,50,74,74,74,74,74,74,294,0,38,46.519914650885696,30.94358800444752,187.29651300236583,7979.9795918367345
1750615626,1,,Aggregated,13.600000,0.000000,41,46,54,82,89,95,180,200,220,220,220,2796,0,39,48.71078648393606,28.33826298592612,495.779535965994,7960.344420600858
1750615627,1,GET,/,0.000000,0.000000,0,0,0,0,0,0,0,0,0,0,0,1,0,158.03705103462562,158.03705103462562,158.03705103462562,158.03705103462562,10499.0
1750615627,1,GET,/product/0PUK6V6EV0,1.600000,0.000000,42,52,82,84,95,220,220,220,220,220,220,312,0,39,48.42818467799449,32.50183002091944,227.66945703187957,7954.967948717948
1750615627,1,GET,/product/1YMWWN1N4O,2.500000,0.000000,40,45,51,70,85,95,95,95,95,95,95,309,0,40,50.909678254489,31.392459000926465,173.2590430183336,7979.443365695793
1750615627,1,GET,/product/2ZYFJ3GM2N,1.700000,0.000000,38,40,42,47,85,86,86,86,86,86,86,338,0,39,47.00077776766118,28.33826298592612,293.10180502943695,7974.4792899408285
1750615627,1,GET,/product/66VCHSJNUP,1.300000,0.000000,40,41,46,54,95,99,99,99,99,99,99,275,0,40,51.59109443743628,30.157680972479284,495.779535965994,7940.858181818182
1750615627,1,GET,/product/6E92ZMYYFZ,2.200000,0.000000,40,42,51,83,97,98,98,98,98,98,98,319,0,39,48.71373296223382,31.463888997677714,173.24102099519223,7928.956112852665
1750615627,1,GET,/product/9SIQT8TOJO,0.900000,0.000000,43,45,48,48,80,180,180,180,180,180,180,311,0,40,49.26825574654607,30.659020005259663,222.74189302697778,7980.450160771704
1750615627,1,GET,/product/L9ECAV7KIM,1.200000,0.000000,41,46,53,63,88,89,89,89,89,89,89,330,0,39,48.57731940820954,31.058341031894088,178.531433979515,7948.296969696969
1750615627,1,GET,/product/LS4PSXUNUM,2.100000,0.000000,41,54,86,89,92,200,200,200,200,200,200,326,0,39,46.86584630591846,31.471989990677685,219.1432780236937,7947.01226993865
1750615627,1,GET,/product/OLJCESPC7Z,1.200000,0.000000,39,40,41,42,50,74,74,74,74,74,74,296,0,38,46.44452408900031,30.94358800444752,187.29651300236583,7980.040540540541
1750615627,1,,Aggregated,14.700000,0.000000,40,42,47,53,86,95,99,200,220,220,220,2817,0,39,48.63010432725649,28.33826298592612,495.779535965994,7960.319488817891
1750615628,1,GET,/,0.000000,0.000000,0,0,0,0,0,0,0,0,0,0,0,1,0,158.03705103462562,158.03705103462562,158.03705103462562,158.03705103462562,10499.0
1750615628,1,GET,/product/0PUK6V6EV0,2.000000,0.000000,41,43,52,53,84,89,220,220,220,220,220,314,0,39,48.368233377462445,32.50183002091944,227.66945703187957,7954.9363057324845
1750615628,1,GET,/product/1YMWWN1N4O,2.100000,0.000000,40,42,45,51,84,85,85,85,85,85,85,310,0,40,50.874762544070464,31.392459000926465,173.2590430183336,7979.509677419355
1750615628,1,GET,/product/2ZYFJ3GM2N,1.600000,0.000000,39,39,41,42,80,85,86,86,86,86,86,340,0,39,46.95393374850563,28.33826298592612,293.10180502943695,7974.376470588235
1750615628,1,GET,/product/66VCHSJNUP,1.300000,0.000000,40,41,43,46,95,99,99,99,99,99,99,277,0,40,51.511663098572434,30.157680972479284,495.779535965994,7940.895306859205
1750615628,1,GET,/product/6E92ZMYYFZ,2.000000,0.000000,40,41,44,51,89,97,98,98,98,98,98,320,0,39,48.672725849974086,31.463888997677714,173.24102099519223,7928.95625
1750615628,1,GET,/product/9SIQT8TOJO,1.000000,0.000000,42,43,45,48,80,180,180,180,180,180,180,315,0,39,49.130515334018995,30.659020005259663,222.74189302697778,7980.3301587301585
1750615628,1,GET,/product/L9ECAV7KIM,1.400000,0.000000,39,41,43,46,53,63,63,63,63,63,63,332,0,39,48.51508830640331,31.058341031894088,178.531433979515,7948.222891566265
1750615628,1,GET,/product/LS4PSXUNUM,2.100000,0.000000,40,43,49,54,90,200,200,200,200,200,200,329,0,39,46.80019282006254,31.471989990677685,219.1432780236937,7947.048632218845
1750615628,1,GET,/product/OLJCESPC7Z,1.600000,0.000000,39,40,41,41,43,50,74,74,74,74,74,299,0,38,46.35241729546849,30.94358800444752,187.29651300236583,7979.903010033445
1750615628,1,,Aggregated,15.100000,0.000000,39,41,43,46,70,89,99,200,220,220,220,2837,0,39,48.5600764899878,28.33826298592612,495.779535965994,7960.297144871343
1750615629,1,GET,/,0.000000,0.000000,0,0,0,0,0,0,0,0,0,0,0,1,0,158.03705103462562,158.03705103462562,158.03705103462562,158.03705103462562,10499.0
1750615629,1,GET,/product/0PUK6V6EV0,2.000000,0.000000,40,42,44,47,53,82,84,84,84,84,84,319,0,39,48.23535638091338,32.50183002091944,227.66945703187957,7955.197492163009
1750615629,1,GET,/product/1YMWWN1N4O,1.800000,0.000000,39,40,43,45,84,85,85,85,85,85,85,311,0,40,50.83660782525208,31.392459000926465,173.2590430183336,7979.5434083601285
1750615629,1,GET,/product/2ZYFJ3GM2N,2.000000,0.000000,39,40,41,42,47,80,86,86,86,86,86,343,0,39,46.882602289955756,28.33826298592612,293.10180502943695,7974.379008746356
1750615629,1,GET,/product/66VCHSJNUP,1.500000,0.000000,39,40,41,43,54,99,99,99,99,99,99,280,0,40,51.36061016174998,30.157680972479284,495.779535965994,7940.807142857143
1750615629,1,GET,/product/6E92ZMYYFZ,2.200000,0.000000,38,40,40,41,51,89,89,89,89,89,89,320,0,39,48.672725849974086,31.463888997677714,173.24102099519223,7928.95625
1750615629,1,GET,/product/9SIQT8TOJO,1.100000,0.000000,42,43,43,43,48,180,180,180,180,180,180,317,0,40,49.08756839812143,30.659020005259663,222.74189302697778,7980.277602523659
1750615629,1,GET,/product/L9ECAV7KIM,1.600000,0.000000,39,41,43,43,53,53,53,53,53,53,53,335,0,39,48.41443410667994,31.058341031894088,178.531433979515,7948.14328358209
1750615629,1,GET,/product/LS4PSXUNUM,2.000000,0.000000,40,41,43,49,54,89,89,89,89,89,89,331,0,39,46.76695486648132,31.471989990677685,219.1432780236937,7947.114803625378
1750615629,1,GET,/product/OLJCESPC7Z,1.700000,0.000000,38,40,41,41,43,50,74,74,74,74,74,300,0,38,46.32364336769873,30.94358800444752,187.29651300236583,7979.866666666667
1750615629,1,,Aggregated,15.900000,0.000000,39,41,42,43,51,82,89,99,180,180,180,2857,0,39,48.49451387889154,28.33826298592612,495.779535965994,7960.3010150507525
1750615630,1,GET,/,0.000000,0.000000,0,0,0,0,0,0,0,0,0,0,0,1,0,158.03705103462562,158.03705103462562,158.03705103462562,158.03705103462562,10499.0
1750615630,1,GET,/product/0PUK6V6EV0,1.900000,0.000000,39,41,43,44,52,53,82,82,82,82,82,320,0,39,48.20165155470022,32.50183002091944,227.66945703187957,7955.29375
1750615630,1,GET,/product/1YMWWN1N4O,2.000000,0.000000,38,39,40,40,42,45,45,45,45,45,45,313,0,40,50.732765526223645,31.392459000926465,173.2590430183336,7979.546325878594
1750615630,1,GET,/product/2ZYFJ3GM2N,2.000000,0.000000,38,39,40,40,42,42,47,47,47,47,47,349,0,39,46.698755855347834,28.33826298592612,293.10180502943695,7974.446991404012
1750615630,1,GET,/product/66VCHSJNUP,1.900000,0.000000,38,40,40,41,43,46,54,54,54,54,54,283,0,40,51.193250396474866,30.157680972479284,495.779535965994,7940.770318021201
1750615630,1,GET,/product/6E92ZMYYFZ,2.100000,0.000000,38,40,40,40,42,51,51,51,51,51,51,322,0,39,48.60335208677328,31.463888997677714,173.24102099519223,7928.844720496894
1750615630,1,GET,/product/9SIQT8TOJO,1.300000,0.000000,42,43,43,43,48,180,180,180,180,180,180,318,0,40,49.05862839685302,30.659020005259663,222.74189302697778,7980.270440251572
1750615630,1,GET,/product/L9ECAV7KIM,1.600000,0.000000,39,41,43,43,53,53,53,53,53,53,53,335,0,39,48.41443410667994,31.058341031894088,178.531433979515,7948.14328358209
1750615630,1,GET,/product/LS4PSXUNUM,1.900000,0.000000,39,40,41,42,49,54,54,54,54,54,54,335,0,39,46.613439181367795,31.471989990677685,219.1432780236937,7947.131343283582
1750615630,1,GET,/product/OLJCESPC7Z,2.200000,0.000000,38,40,40,41,43,44,50,50,50,50,50,303,0,38,46.24721818590512,30.94358800444752,187.29651300236583,7979.844884488449
1750615630,1,,Aggregated,16.900000,0.000000,38,40,41,42,44,50,54,82,180,180,180,2879,0,39,48.40071020421361,28.33826298592612,495.779535965994,7960.310871830497
1750615631,1,GET,/,0.000000,0.000000,0,0,0,0,0,0,0,0,0,0,0,1,0,158.03705103462562,158.03705103462562,158.03705103462562,158.03705103462562,10499.0
1750615631,1,GET,/product/0PUK6V6EV0,2.300000,0.000000,39,42,43,46,52,53,82,82,82,82,82,322,0,39,48.15550859795554,32.50183002091944,227.66945703187957,7955.173913043478
1750615631,1,GET,/product/1YMWWN1N4O,1.900000,0.000000,37,39,39,39,40,42,42,42,42,42,42,315,0,40,50.64909311329266,31.392459000926465,173.2590430183336,7979.434920634921
1750615631,1,GET,/product/2ZYFJ3GM2N,2.200000,0.000000,38,39,40,40,41,41,42,42,42,42,42,350,0,39,46.67562860729439,28.33826298592612,293.10180502943695,7974.5314285714285
1750615631,1,GET,/product/66VCHSJNUP,2.000000,0.000000,37,38,40,41,43,46,54,54,54,54,54,287,0,40,50.957856788251306,30.157680972479284,495.779535965994,7940.682926829269
1750615631,1,GET,/product/6E92ZMYYFZ,1.700000,0.000000,38,40,40,40,42,51,51,51,51,51,51,325,0,39,48.4922127196422,31.463888997677714,173.24102099519223,7928.876923076923
1750615631,1,GET,/product/9SIQT8TOJO,1.600000,0.000000,42,42,43,43,48,180,180,180,180,180,180,320,0,39,48.95669446013926,30.659020005259663,222.74189302697778,7980.19375
1750615631,1,GET,/product/L9ECAV7KIM,1.800000,0.000000,38,41,43,43,47,53,53,53,53,53,53,339,0,39,48.29261269833162,31.058341031894088,178.531433979515,7948.153392330383
1750615631,1,GET,/product/LS4PSXUNUM,2.000000,0.000000,37,39,40,41,43,49,54,54,54,54,54,337,0,39,46.5310063584119,30.718712019734085,219.1432780236937,7947.106824925816
1750615631,1,GET,/product/OLJCESPC7Z,2.200000,0.000000,38,40,40,41,43,44,50,50,50,50,50,304,0,38,46.21528494183286,30.94358800444752,187.29651300236583,7979.848684210527
1750615631,1,,Aggregated,17.700000,0.000000,38,40,41,41,44,50,54,82,180,180,180,2900,0,39,48.3129837558653,28.33826298592612,495.779535965994,7960.230689655173
1750615632,1,GET,/,0.000000,0.000000,0,0,0,0,0,0,0,0,0,0,0,1,0,158.03705103462562,158.03705103462562,158.03705103462562,158.03705103462562,10499.0
1750615632,1,GET,/product/0PUK6V6EV0,2.400000,0.000000,38,41,42,44,52,53,82,82,82,82,82,323,0,39,48.11741654968737,32.50183002091944,227.66945703187957,7955.263157894737
1750615632,1,GET,/product/1YMWWN1N4O,2.000000,0.000000,37,39,40,40,42,45,45,45,45,45,45,316,0,40,50.63011095147356,31.392459000926465,173.2590430183336,7979.5
1750615632,1,GET,/product/2ZYFJ3GM2N,2.700000,0.000000,38,39,40,40,41,41,42,42,42,42,42,356,0,39,46.50543172064818,28.33826298592612,293.10180502943695,7974.578651685393
1750615632,1,GET,/product/66VCHSJNUP,2.100000,0.000000,37,38,40,40,43,46,54,54,54,54,54,288,0,40,50.91312150074777,30.157680972479284,495.779535965994,7940.701388888889
1750615632,1,GET,/product/6E92ZMYYFZ,1.800000,0.000000,38,40,40,40,42,51,51,51,51,51,51,326,0,39,48.45812637698151,31.463888997677714,173.24102099519223,7928.932515337423
1750615632,1,GET,/product/9SIQT8TOJO,1.700000,0.000000,40,42,42,43,48,180,180,180,180,180,180,323,0,40,48.88224732595707,30.659020005259663,222.74189302697778,7980.334365325078
1750615632,1,GET,/product/L9ECAV7KIM,1.900000,0.000000,38,41,43,43,47,53,53,53,53,53,53,342,0,39,48.18888877131105,31.058341031894088,178.531433979515,7948.06432748538
1750615632,1,GET,/product/LS4PSXUNUM,2.100000,0.000000,37,39,40,41,42,49,54,54,54,54,54,339,0,39,46.479137450735465,30.718712019734085,219.1432780236937,7947.064896755162
1750615632,1,GET,/product/OLJCESPC7Z,2.300000,0.000000,37,40,40,41,44,46,50,50,50,50,50,307,0,38,46.13126371096037,30.94358800444752,187.29651300236583,7979.85342019544
1750615632,1,,Aggregated,19.000000,0.000000,38,40,40,41,44,49,54,82,180,180,180,2921,0,39,48.2381482170654,28.33826298592612,495.779535965994,7960.298185552892
1750615633,1,GET,/,0.000000,0.000000,0,0,0,0,0,0,0,0,0,0,0,1,0,158.03705103462562,158.03705103462562,158.03705103462562,158.03705103462562,10499.0
1750615633,1,GET,/product/0PUK6V6EV0,2.500000,0.000000,38,40,42,44,52,53,82,82,82,82,82,325,0,39,48.0550645184345,32.50183002091944,227.66945703187957,7955.261538461538
1750615633,1,GET,/product/1YMWWN1N4O,1.800000,0.000000,37,39,40,40,42,45,45,45,45,45,45,316,0,40,50.63011095147356,31.392459000926465,173.2590430183336,7979.5
1750615633,1,GET,/product/2ZYFJ3GM2N,2.700000,0.000000,39,39,40,40,41,42,43,43,43,43,43,359,0,39,46.44447682888447,28.33826298592612,293.10180502943695,7974.562674094707
1750615633,1,GET,/product/66VCHSJNUP,2.600000,0.000000,37,38,40,40,43,46,54,54,54,54,54,289,0,40,50.85616966505667,30.157680972479284,495.779535965994,7940.7128027681665
1750615633,1,GET,/product/6E92ZMYYFZ,2.000000,0.000000,40,40,40,40,41,42,42,42,42,42,42,328,0,39,48.39241618564545,31.463888997677714,173.24102099519223,7929.0
1750615633,1,GET,/product/9SIQT8TOJO,1.800000,0.000000,39,40,42,42,46,48,180,180,180,180,180,328,0,39,48.68158078418829,30.659020005259663,222.74189302697778,7980.231707317073
1750615633,1,GET,/product/L9ECAV7KIM,1.800000,0.000000,38,39,42,43,47,53,53,53,53,53,53,344,0,39,48.12934362146121,31.058341031894088,178.531433979515,7948.0
1750615633,1,GET,/product/LS4PSXUNUM,2.200000,0.000000,35,36,39,40,42,49,54,54,54,54,54,344,0,38,46.31467901717135,30.718712019734085,219.1432780236937,7947.122093023256
1750615633,1,GET,/product/OLJCESPC7Z,2.600000,0.000000,37,38,40,40,44,46,50,50,50,50,50,309,0,38,46.06725429531343,30.94358800444752,187.29651300236583,7979.9708737864075
1750615633,1,,Aggregated,20.000000,0.000000,38,39,40,41,44,49,54,82,180,180,180,2943,0,39,48.15149326062158,28.33826298592612,495.779535965994,7960.304451240231
1750615634,1,GET,/,0.000000,0.000000,0,0,0,0,0,0,0,0,0,0,0,1,0,158.03705103462562,158.03705103462562,158.03705103462562,158.03705103462562,10499.0
1750615634,1,GET,/product/0PUK6V6EV0,2.500000,0.000000,38,39,41,42,46,52,53,53,53,53,53,328,0,39,47.928883913100876,32.50183002091944,227.66945703187957,7955.237804878048
1750615634,1,GET,/product/1YMWWN1N4O,1.600000,0.000000,37,39,40,40,42,45,45,45,45,45,45,318,0,40,50.55428578817789,31.392459000926465,173.2590430183336,7979.566037735849
1750615634,1,GET,/product/2ZYFJ3GM2N,2.800000,0.000000,38,39,39,40,41,42,43,43,43,43,43,363,0,39,46.32034554699764,28.33826298592612,293.10180502943695,7974.424242424242
1750615634,1,GET,/product/66VCHSJNUP,2.600000,0.000000,38,38,40,40,43,46,54,54,54,54,54,290,0,40,50.80399878688382,30.157680972479284,495.779535965994,7940.620689655172
1750615634,1,GET,/product/6E92ZMYYFZ,1.800000,0.000000,37,40,40,40,41,42,42,42,42,42,42,329,0,39,48.35518906360045,31.463888997677714,173.24102099519223,7929.024316109422
1750615634,1,GET,/product/9SIQT8TOJO,1.900000,0.000000,38,40,42,42,46,48,180,180,180,180,180,332,0,39,48.51776005188985,30.659020005259663,222.74189302697778,7980.156626506024
1750615634,1,GET,/product/L9ECAV7KIM,2.400000,0.000000,38,39,42,43,47,53,53,53,53,53,53,345,0,39,48.107397349962994,31.058341031894088,178.531433979515,7947.953623188406
1750615634,1,GET,/product/LS4PSXUNUM,2.300000,0.000000,35,36,40,41,49,54,54,54,54,54,54,345,0,38,46.28539845479004,30.718712019734085,219.1432780236937,7947.173913043478
1750615634,1,GET,/product/OLJCESPC7Z,2.100000,0.000000,37,38,40,40,44,46,50,50,50,50,50,313,0,38,45.95241723072599,30.94358800444752,187.29651300236583,7980.022364217252
1750615634,1,,Aggregated,20.000000,0.000000,37,39,40,41,43,48,53,54,180,180,180,2964,0,39,48.06605722737441,28.33826298592612,495.779535965994,7960.338056680162
1750615635,1,GET,/,0.000000,0.000000,0,0,0,0,0,0,0,0,0,0,0,1,0,158.03705103462562,158.03705103462562,158.03705103462562,158.03705103462562,10499.0
1750615635,1,GET,/product/0PUK6V6EV0,2.300000,0.000000,37,38,40,41,44,46,46,46,46,46,46,329,0,39,47.90618499839327,32.50183002091944,227.66945703187957,7955.270516717325
1750615635,1,GET,/product/1YMWWN1N4O,1.600000,0.000000,39,39,40,40,40,45,45,45,45,45,45,320,0,40,50.479188858298585,31.392459000926465,173.2590430183336,7979.5875
1750615635,1,GET,/product/2ZYFJ3GM2N,2.800000,0.000000,39,39,40,41,41,43,43,43,43,43,43,369,0,39,46.200852947143034,28.33826298592612,293.10180502943695,7974.40650406504
1750615635,1,GET,/product/66VCHSJNUP,2.400000,0.000000,37,38,38,40,41,43,46,46,46,46,46,292,0,40,50.70219312400608,30.157680972479284,495.779535965994,7940.7054794520545
1750615635,1,GET,/product/6E92ZMYYFZ,1.500000,0.000000,37,40,40,40,41,42,42,42,42,42,42,329,0,39,48.35518906360045,31.463888997677714,173.24102099519223,7929.024316109422
1750615635,1,GET,/product/9SIQT8TOJO,2.200000,0.000000,38,39,40,40,42,43,46,46,46,46,46,335,0,39,48.42306248732467,30.659020005259663,222.74189302697778,7980.256716417911
1750615635,1,GET,/product/L9ECAV7KIM,2.400000,0.000000,38,39,39,41,43,43,47,47,47,47,47,347,0,39,48.04323048626746,31.058341031894088,178.531433979515,7948.011527377522
1750615635,1,GET,/product/LS4PSXUNUM,2.500000,0.000000,35,36,38,40,42,49,54,54,54,54,54,347,0,38,46.23182018113695,30.718712019734085,219.1432780236937,7947.178674351585
1750615635,1,GET,/product/OLJCESPC7Z,2.400000,0.000000,37,38,38,39,41,44,46,46,46,46,46,316,0,38,45.878060456421345,30.94358800444752,187.29651300236583,7980.107594936709
1750615635,1,,Aggregated,20.100000,0.000000,37,39,40,40,42,43,46,47,49,49,49,2985,0,39,47.99569859325424,28.33826298592612,495.779535965994,7960.4264656616415
1750615636,1,GET,/,0.000000,0.000000,0,0,0,0,0,0,0,0,0,0,0,1,0,158.03705103462562,158.03705103462562,158.03705103462562,158.03705103462562,10499.0
1750615636,1,GET,/product/0PUK6V6EV0,2.400000,0.000000,37,38,40,41,44,46,46,46,46,46,46,330,0,39,47.863236744006194,32.50183002091944,227.66945703187957,7955.30303030303
1750615636,1,GET,/product/1YMWWN1N4O,1.400000,0.000000,39,39,40,42,45,46,46,46,46,46,46,323,0,40,50.38825801145516,31.392459000926465,173.2590430183336,7979.64705882353
1750615636,1,GET,/product/2ZYFJ3GM2N,3.000000,0.000000,39,39,40,41,41,43,43,43,43,43,43,370,0,39,46.18596681755514,28.33826298592612,293.10180502943695,7974.356756756757
1750615636,1,GET,/product/66VCHSJNUP,2.400000,0.000000,37,38,38,40,40,41,43,43,43,43,43,295,0,40,50.56532418367185,30.157680972479284,495.779535965994,7940.5084745762715
1750615636,1,GET,/product/6E92ZMYYFZ,1.700000,0.000000,36,37,40,40,41,41,41,41,41,41,41,331,0,39,48.29621636234871,31.463888997677714,173.24102099519223,7929.012084592145
1750615636,1,GET,/product/9SIQT8TOJO,2.500000,0.000000,38,39,40,40,42,43,46,46,46,46,46,341,0,39,48.24277276601342,30.659020005259663,222.74189302697778,7980.117302052786
1750615636,1,GET,/product/L9ECAV7KIM,2.400000,0.000000,38,39,39,41,43,43,47,47,47,47,47,349,0,39,47.98113889885495,31.058341031894088,178.531433979515,7947.942693409742
1750615636,1,GET,/product/LS4PSXUNUM,2.300000,0.000000,35,36,36,38,41,42,49,49,49,49,49,347,0,38,46.23182018113695,30.718712019734085,219.1432780236937,7947.178674351585
1750615636,1,GET,/product/OLJCESPC7Z,2.200000,0.000000,37,38,38,39,41,44,46,46,46,46,46,319,0,38,45.77916561841941,30.94358800444752,187.29651300236583,7980.28526645768
1750615636,1,,Aggregated,20.300000,0.000000,37,39,40,40,42,43,46,47,49,49,49,3006,0,39,47.92486257848103,28.33826298592612,495.779535965994,7960.437125748503
1750615637,1,GET,/,0.000000,0.000000,0,0,0,0,0,0,0,0,0,0,0,1,0,158.03705103462562,158.03705103462562,158.03705103462562,158.03705103462562,10499.0
1750615637,1,GET,/product/0PUK6V6EV0,2.300000,0.000000,37,39,41,41,44,46,46,46,46,46,46,332,0,39,47.80082150147835,32.50183002091944,227.66945703187957,7955.379518072289
1750615637,1,GET,/product/1YMWWN1N4O,1.000000,0.000000,38,39,40,42,45,46,46,46,46,46,46,325,0,40,50.3002441713873,31.392459000926465,173.2590430183336,7979.587692307692
1750615637,1,GET,/product/2ZYFJ3GM2N,3.200000,0.000000,37,39,40,41,41,43,43,43,43,43,43,370,0,39,46.18596681755514,28.33826298592612,293.10180502943695,7974.356756756757
1750615637,1,GET,/product/66VCHSJNUP,2.400000,0.000000,36,37,38,38,38,40,40,40,40,40,40,299,0,40,50.37331158263347,30.157680972479284,495.779535965994,7940.57525083612
1750615637,1,GET,/product/6E92ZMYYFZ,1.600000,0.000000,36,37,40,40,41,41,41,41,41,41,41,332,0,39,48.2437832709486,30.88843001751229,173.24102099519223,7929.066265060241
1750615637,1,GET,/product/9SIQT8TOJO,2.800000,0.000000,38,39,40,40,42,43,46,46,46,46,46,344,0,39,48.154065335036776,30.659020005259663,222.74189302697778,7980.110465116279
1750615637,1,GET,/product/L9ECAV7KIM,2.400000,0.000000,37,39,39,41,43,47,47,47,47,47,47,351,0,39,47.92621856033961,31.058341031894088,178.531433979515,7947.817663817664
1750615637,1,GET,/product/LS4PSXUNUM,2.000000,0.000000,36,37,38,40,42,44,49,49,49,49,49,351,0,38,46.13403538709634,30.718712019734085,219.1432780236937,7947.188034188034
1750615637,1,GET,/product/OLJCESPC7Z,2.600000,0.000000,37,38,38,39,41,44,46,46,46,46,46,322,0,38,45.69421491715103,30.94358800444752,187.29651300236583,7980.273291925466
1750615637,1,,Aggregated,20.300000,0.000000,37,38,39,40,42,44,46,47,49,49,49,3027,0,39,47.84821205517323,28.33826298592612,495.779535965994,7960.422200198216
1750615638,1,GET,/,0.000000,0.000000,0,0,0,0,0,0,0,0,0,0,0,1,0,158.03705103462562,158.03705103462562,158.03705103462562,158.03705103462562,10499.0
1750615638,1,GET,/product/0PUK6V6EV0,2.000000,0.000000,37,39,40,41,44,46,46,46,46,46,46,333,0,39,47.77303402551223,32.50183002091944,227.66945703187957,7955.351351351352
1750615638,1,GET,/product/1YMWWN1N4O,1.300000,0.000000,38,39,39,40,45,46,46,46,46,46,46,329,0,40,50.1304336097785,31.392459000926465,173.2590430183336,7979.598784194529
1750615638,1,GET,/product/2ZYFJ3GM2N,3.600000,0.000000,36,39,40,41,41,43,43,43,43,43,43,372,0,39,46.13086971909969,28.33826298592612,293.10180502943695,7974.397849462365
1750615638,1,GET,/product/66VCHSJNUP,2.400000,0.000000,35,36,37,38,38,38,40,40,40,40,40,301,0,39,50.269167658724385,30.157680972479284,495.779535965994,7940.4784053156145
1750615638,1,GET,/product/6E92ZMYYFZ,1.700000,0.000000,36,40,40,40,41,41,41,41,41,41,41,333,0,39,48.21767699090182,30.88843001751229,173.24102099519223,7928.993993993994
1750615638,1,GET,/product/9SIQT8TOJO,3.100000,0.000000,36,38,39,40,42,42,46,46,46,46,46,346,0,39,48.07814704695033,30.659020005259663,222.74189302697778,7980.294797687861
1750615638,1,GET,/product/L9ECAV7KIM,2.100000,0.000000,37,38,39,39,42,43,47,47,47,47,47,355,0,39,47.79154766682194,31.058341031894088,178.531433979515,7947.887323943662
1750615638,1,GET,/product/LS4PSXUNUM,2.100000,0.000000,36,36,38,38,41,41,44,44,44,44,44,355,0,38,46.047057098099096,30.718712019734085,219.1432780236937,7947.2084507042255
1750615638,1,GET,/product/OLJCESPC7Z,2.500000,0.000000,37,38,39,39,44,46,48,48,48,48,48,323,0,38,45.70214006593508,30.94358800444752,187.29651300236583,7980.250773993808
1750615638,1,,Aggregated,20.800000,0.000000,36,38,39,40,41,44,46,47,48,48,48,3048,0,39,47.774637233919805,28.33826298592612,495.779535965994,7960.431758530183
1750615639,1,GET,/,0.000000,0.000000,0,0,0,0,0,0,0,0,0,0,0,1,0,158.03705103462562,158.03705103462562,158.03705103462562,158.03705103462562,10499.0
1750615639,1,GET,/product/0PUK6V6EV0,1.800000,0.000000,38,40,40,41,42,46,46,46,46,46,46,337,0,39,47.68943892724851,32.50183002091944,227.66945703187957,7955.293768545994
1750615639,1,GET,/product/1YMWWN1N4O,1.700000,0.000000,38,39,40,41,45,46,46,46,46,46,46,332,0,40,50.024474004784274,31.392459000926465,173.2590430183336,7979.560240963855
1750615639,1,GET,/product/2ZYFJ3GM2N,3.200000,0.000000,37,39,40,41,41,43,43,43,43,43,43,374,0,39,46.093795578964155,28.33826298592612,293.10180502943695,7974.438502673796
1750615639,1,GET,/product/66VCHSJNUP,2.200000,0.000000,35,37,38,38,38,40,41,41,41,41,41,304,0,39,50.149285813332476,30.157680972479284,495.779535965994,7940.394736842105
1750615639,1,GET,/product/6E92ZMYYFZ,1.400000,0.000000,37,40,40,41,41,41,41,41,41,41,41,336,0,39,48.12865765745214,30.88843001751229,173.24102099519223,7928.910714285715
1750615639,1,GET,/product/9SIQT8TOJO,3.200000,0.000000,37,38,39,40,42,42,46,46,46,46,46,348,0,39,48.029256118501635,30.659020005259663,222.74189302697778,7980.436781609195
1750615639,1,GET,/product/L9ECAV7KIM,2.200000,0.000000,37,38,39,39,42,43,47,47,47,47,47,355,0,39,47.79154766682194,31.058341031894088,178.531433979515,7947.887323943662
1750615639,1,GET,/product/LS4PSXUNUM,2.400000,0.000000,36,37,38,38,41,41,44,44,44,44,44,356,0,38,46.013303420877904,30.718712019734085,219.1432780236937,7947.185393258427
1750615639,1,GET,/product/OLJCESPC7Z,2.800000,0.000000,37,38,39,39,44,46,48,48,48,48,48,325,0,38,45.67178515771117,30.94358800444752,187.29651300236583,7980.15076923077
1750615639,1,,Aggregated,20.900000,0.000000,37,38,39,40,41,43,46,47,48,48,48,3068,0,39,47.717549377719806,28.33826298592612,495.779535965994,7960.404172099087
1750615640,1,GET,/,0.000000,0.000000,0,0,0,0,0,0,0,0,0,0,0,1,0,158.03705103462562,158.03705103462562,158.03705103462562,158.03705103462562,10499.0
1750615640,1,GET,/product/0PUK6V6EV0,2.100000,0.000000,38,40,40,41,42,43,45,45,45,45,45,342,0,39,47.56124958032415,32.50183002091944,227.66945703187957,7955.163742690059
1750615640,1,GET,/product/1YMWWN1N4O,1.700000,0.000000,37,39,40,41,42,45,46,46,46,46,46,336,0,40,49.87158808234242,31.392459000926465,173.2590430183336,7979.392857142857
1750615640,1,GET,/product/2ZYFJ3GM2N,3.200000,0.000000,37,39,40,41,41,43,43,43,43,43,43,375,0,39,46.07567813728625,28.33826298592612,293.10180502943695,7974.448
1750615640,1,GET,/product/66VCHSJNUP,2.400000,0.000000,36,38,38,39,40,41,41,41,41,41,41,307,0,39,50.02885670112962,30.157680972479284,495.779535965994,7940.469055374593
1750615640,1,GET,/product/6E92ZMYYFZ,1.200000,0.000000,39,40,40,41,41,41,41,41,41,41,41,338,0,39,48.06761895240968,30.88843001751229,173.24102099519223,7928.869822485207
1750615640,1,GET,/product/9SIQT8TOJO,3.200000,0.000000,37,39,39,40,42,42,46,46,46,46,46,349,0,39,48.009667774384845,30.659020005259663,222.74189302697778,7980.5272206303725
1750615640,1,GET,/product/L9ECAV7KIM,2.200000,0.000000,37,38,39,39,41,42,47,47,47,47,47,358,0,39,47.69642689598948,31.058341031894088,178.531433979515,7947.916201117318
1750615640,1,GET,/product/LS4PSXUNUM,2.500000,0.000000,36,37,38,39,41,44,44,44,44,44,44,356,0,38,46.013303420877904,30.718712019734085,219.1432780236937,7947.185393258427
1750615640,1,GET,/product/OLJCESPC7Z,2.400000,0.000000,37,38,39,39,44,46,48,48,48,48,48,327,0,38,45.60099901604418,30.94358800444752,187.29651300236583,7980.180428134557
1750615640,1,,Aggregated,20.900000,0.000000,37,39,39,40,41,43,46,47,48,48,48,3089,0,39,47.64904146841038,28.33826298592612,495.779535965994,7960.38070573001
1750615641,1,GET,/,0.000000,0.000000,0,0,0,0,0,0,0,0,0,0,0,1,0,158.03705103462562,158.03705103462562,158.03705103462562,158.03705103462562,10499.0
1750615641,1,GET,/product/0PUK6V6EV0,1.900000,0.000000,38,40,41,41,42,43,45,45,45,45,45,343,0,39,47.54456396638239,32.50183002091944,227.66945703187957,7955.078717201166
1750615641,1,GET,/product/1YMWWN1N4O,2.100000,0.000000,37,39,40,42,43,45,46,46,46,46,46,340,0,40,49.73621141381206,31.392459000926465,173.2590430183336,7979.264705882353
1750615641,1,GET,/product/2ZYFJ3GM2N,3.100000,0.000000,37,39,40,41,41,43,43,43,43,43,43,377,0,39,46.039072361920496,28.33826298592612,293.10180502943695,7974.5570291777185
1750615641,1,GET,/product/66VCHSJNUP,2.400000,0.000000,36,38,39,39,40,40,41,41,41,41,41,311,0,39,49.87192701681598,30.157680972479284,495.779535965994,7940.469453376206
1750615641,1,GET,/product/6E92ZMYYFZ,1.400000,0.000000,37,39,40,41,41,41,41,41,41,41,41,340,0,39,48.00626287640839,30.88843001751229,173.24102099519223,7929.011764705882
1750615641,1,GET,/product/9SIQT8TOJO,3.100000,0.000000,36,39,39,39,41,42,42,42,42,42,42,352,0,39,47.90772894408622,30.659020005259663,222.74189302697778,7980.568181818182
1750615641,1,GET,/product/L9ECAV7KIM,2.200000,0.000000,38,38,39,39,41,42,42,42,42,42,42,361,0,39,47.62260301875136,31.058341031894088,178.531433979515,7947.86703601108
1750615641,1,GET,/product/LS4PSXUNUM,2.500000,0.000000,36,37,38,38,41,44,44,44,44,44,44,357,0,38,45.99027573610382,30.718712019734085,219.1432780236937,7947.190476190476
1750615641,1,GET,/product/OLJCESPC7Z,2.400000,0.000000,37,38,39,39,44,46,48,48,48,48,48,327,0,38,45.60099901604418,30.94358800444752,187.29651300236583,7980.180428134557
1750615641,1,,Aggregated,21.100000,0.000000,37,39,39,40,41,43,45,46,48,48,48,3109,0,39,47.58780917561133,28.33826298592612,495.779535965994,7960.374718559022
1750615642,1,GET,/,0.000000,0.000000,0,0,0,0,0,0,0,0,0,0,0,1,0,158.03705103462562,158.03705103462562,158.03705103462562,158.03705103462562,10499.0
1750615642,1,GET,/product/0PUK6V6EV0,2.200000,0.000000,39,40,41,41,42,43,45,45,45,45,45,345,0,39,47.48732735490616,32.50183002091944,227.66945703187957,7955.04347826087
1750615642,1,GET,/product/1YMWWN1N4O,2.000000,0.000000,37,38,39,40,42,43,46,46,46,46,46,342,0,40,49.653430648382255,31.392459000926465,173.2590430183336,7979.315789473684
1750615642,1,GET,/product/2ZYFJ3GM2N,2.700000,0.000000,39,40,40,41,41,43,43,43,43,43,43,379,0,39,45.99256080585731,28.33826298592612,293.10180502943695,7974.554089709763
1750615642,1,GET,/product/66VCHSJNUP,2.500000,0.000000,37,38,39,39,40,40,41,41,41,41,41,312,0,39,49.83082964183548,30.157680972479284,495.779535965994,7940.525641025641
1750615642,1,GET,/product/6E92ZMYYFZ,1.700000,0.000000,38,39,40,41,41,41,41,41,41,41,41,342,0,39,47.938636488285276,30.88843001751229,173.24102099519223,7929.105263157895
1750615642,1,GET,/product/9SIQT8TOJO,3.000000,0.000000,38,39,40,41,41,42,42,42,42,42,42,356,0,39,47.80098958496198,30.659020005259663,222.74189302697778,7980.471910112359
1750615642,1,GET,/product/L9ECAV7KIM,2.200000,0.000000,37,38,38,39,39,41,41,41,41,41,41,366,0,39,47.45256400726293,31.058341031894088,178.531433979515,7947.972677595629
1750615642,1,GET,/product/LS4PSXUNUM,2.200000,0.000000,36,38,38,38,41,44,44,44,44,44,44,360,0,38,45.89558200208962,30.718712019734085,219.1432780236937,7947.133333333333
1750615642,1,GET,/product/OLJCESPC7Z,2.500000,0.000000,37,38,39,39,44,48,48,48,48,48,48,328,0,38,45.57617401907209,30.94358800444752,187.29651300236583,7980.09756097561
1750615642,1,,Aggregated,21.000000,0.000000,37,39,39,40,41,42,44,46,48,48,48,3131,0,39,47.509497496264046,28.33826298592612,495.779535965994,7960.368891727882
1750615643,1,GET,/,0.000000,0.000000,0,0,0,0,0,0,0,0,0,0,0,1,0,158.03705103462562,158.03705103462562,158.03705103462562,158.03705103462562,10499.0
1750615643,1,GET,/product/0PUK6V6EV0,2.200000,0.000000,40,41,41,42,43,45,45,45,45,45,45,347,0,39,47.42865753729133,32.50183002091944,227.66945703187957,7954.974063400577
1750615643,1,GET,/product/1YMWWN1N4O,2.400000,0.000000,37,38,39,40,42,43,46,46,46,46,46,346,0,39,49.49908859195387,31.392459000926465,173.2590430183336,7979.341040462427
1750615643,1,GET,/product/2ZYFJ3GM2N,2.600000,0.000000,39,40,40,41,41,43,43,43,43,43,43,379,0,39,45.99256080585731,28.33826298592612,293.10180502943695,7974.554089709763
1750615643,1,GET,/product/66VCHSJNUP,2.300000,0.000000,37,38,39,39,40,40,41,41,41,41,41,314,0,39,49.74326392106273,30.157680972479284,495.779535965994,7940.535031847134
1750615643,1,GET,/product/6E92ZMYYFZ,1.500000,0.000000,37,39,40,40,41,41,41,41,41,41,41,346,0,39,47.79571363287897,30.88843001751229,173.24102099519223,7929.2658959537575
1750615643,1,GET,/product/9SIQT8TOJO,3.100000,0.000000,38,39,40,41,41,42,42,42,42,42,42,360,0,39,47.67533062565943,30.659020005259663,222.74189302697778,7980.516666666666
1750615643,1,GET,/product/L9ECAV7KIM,2.500000,0.000000,37,38,38,38,39,41,41,41,41,41,41,366,0,39,47.45256400726293,31.058341031894088,178.531433979515,7947.972677595629
1750615643,1,GET,/product/LS4PSXUNUM,2.000000,0.000000,36,37,38,38,41,44,44,44,44,44,44,361,0,38,45.866971849844404,30.718712019734085,219.1432780236937,7947.16620498615
1750615643,1,GET,/product/OLJCESPC7Z,2.300000,0.000000,37,38,38,39,41,44,48,48,48,48,48,332,0,38,45.485843220551736,30.94358800444752,187.29651300236583,7980.066265060241
1750615643,1,,Aggregated,20.900000,0.000000,37,38,39,40,41,42,44,46,48,48,48,3152,0,39,47.436669556412795,28.33826298592612,495.779535965994,7960.402918781726
1750615644,1,GET,/,0.000000,0.000000,0,0,0,0,0,0,0,0,0,0,0,1,0,158.03705103462562,158.03705103462562,158.03705103462562,158.03705103462562,10499.0
1750615644,1,GET,/product/0PUK6V6EV0,2.300000,0.000000,39,41,41,42,43,45,45,45,45,45,45,349,0,39,47.37374474351857,32.50183002091944,227.66945703187957,7955.0888252149
1750615644,1,GET,/product/1YMWWN1N4O,2.600000,0.000000,37,38,39,41,42,45,46,46,46,46,46,349,0,39,49.41954278172979,31.392459000926465,173.2590430183336,7979.449856733524
1750615644,1,GET,/product/2ZYFJ3GM2N,2.400000,0.000000,39,40,40,41,41,43,43,43,43,43,43,379,0,39,45.99256080585731,28.33826298592612,293.10180502943695,7974.554089709763
1750615644,1,GET,/product/66VCHSJNUP,2.400000,0.000000,37,38,39,39,40,40,41,41,41,41,41,316,0,39,49.66337473796315,30.157680972479284,495.779535965994,7940.5759493670885
1750615644,1,GET,/product/6E92ZMYYFZ,1.600000,0.000000,37,39,39,40,41,41,41,41,41,41,41,347,0,39,47.76578987022642,30.88843001751229,173.24102099519223,7929.230547550433
1750615644,1,GET,/product/9SIQT8TOJO,3.000000,0.000000,38,39,40,41,41,42,42,42,42,42,42,361,0,39,47.65277844950443,30.659020005259663,222.74189302697778,7980.448753462604
1750615644,1,GET,/product/L9ECAV7KIM,2.400000,0.000000,37,38,38,39,39,41,41,41,41,41,41,369,0,39,47.36403082838146,31.058341031894088,178.531433979515,7947.788617886179
1750615644,1,GET,/product/LS4PSXUNUM,2.000000,0.000000,37,38,39,39,42,42,44,44,44,44,44,367,0,38,45.741543067366706,30.718712019734085,219.1432780236937,7947.114441416894
1750615644,1,GET,/product/OLJCESPC7Z,2.200000,0.000000,37,38,39,39,44,48,48,48,48,48,48,335,0,38,45.415589069502786,30.94358800444752,187.29651300236583,7980.074626865671
1750615644,1,,Aggregated,20.900000,0.000000,37,39,39,40,41,42,45,46,48,48,48,3173,0,39,47.37465473838072,28.33826298592612,495.779535965994,7960.373778758273
1750615645,1,GET,/,0.000000,0.000000,0,0,0,0,0,0,0,0,0,0,0,1,0,158.03705103462562,158.03705103462562,158.03705103462562,158.03705103462562,10499.0
1750615645,1,GET,/product/0PUK6V6EV0,2.300000,0.000000,39,41,41,42,42,43,45,45,45,45,45,350,0,39,47.35722716432065,32.50183002091944,227.66945703187957,7955.005714285714
1750615645,1,GET,/product/1YMWWN1N4O,2.800000,0.000000,37,38,41,41,43,46,46,46,46,46,46,352,0,39,49.35156527509125,31.392459000926465,173.2590430183336,7979.426136363636
1750615645,1,GET,/product/2ZYFJ3GM2N,2.200000,0.000000,37,39,40,40,41,43,43,43,43,43,43,382,0,39,45.907460482844705,28.33826298592612,293.10180502943695,7974.565445026178
1750615645,1,GET,/product/66VCHSJNUP,2.400000,0.000000,37,38,39,39,40,40,41,41,41,41,41,316,0,39,49.66337473796315,30.157680972479284,495.779535965994,7940.5759493670885
1750615645,1,GET,/product/6E92ZMYYFZ,1.700000,0.000000,37,39,40,40,41,41,41,41,41,41,41,349,0,39,47.70609713743246,30.88843001751229,173.24102099519223,7929.143266475645
1750615645,1,GET,/product/9SIQT8TOJO,2.900000,0.000000,38,39,40,41,41,41,42,42,42,42,42,361,0,39,47.65277844950443,30.659020005259663,222.74189302697778,7980.448753462604
1750615645,1,GET,/product/L9ECAV7KIM,2.400000,0.000000,37,38,38,38,39,39,41,41,41,41,41,373,0,39,47.244911696156365,31.058341031894088,178.531433979515,7947.780160857908
1750615645,1,GET,/product/LS4PSXUNUM,1.800000,0.000000,37,37,39,39,42,42,44,44,44,44,44,374,0,38,45.57354568630173,30.718712019734085,219.1432780236937,7947.165775401069
1750615645,1,GET,/product/OLJCESPC7Z,2.400000,0.000000,37,38,39,39,44,48,48,48,48,48,48,336,0,38,45.38977423899702,30.94358800444752,187.29651300236583,7980.089285714285
1750615645,1,,Aggregated,20.900000,0.000000,37,38,39,40,41,42,45,46,48,48,48,3194,0,39,47.30901598995091,28.33826298592612,495.779535965994,7960.331872260488
1750615646,1,GET,/,0.000000,0.000000,0,0,0,0,0,0,0,0,0,0,0,1,0,158.03705103462562,158.03705103462562,158.03705103462562,158.03705103462562,10499.0
1750615646,1,GET,/product/0PUK6V6EV0,2.000000,0.000000,39,41,42,42,43,45,45,45,45,45,45,353,0,39,47.280949279078925,32.50183002091944,227.66945703187957,7955.1388101983
1750615646,1,GET,/product/1YMWWN1N4O,3.100000,0.000000,37,38,40,41,43,45,46,46,46,46,46,355,0,39,49.25652260508414,31.392459000926465,173.2590430183336,7979.425352112676
1750615646,1,GET,/product/2ZYFJ3GM2N,1.800000,0.000000,37,39,39,40,40,41,41,41,41,41,41,384,0,39,45.84412716000467,28.33826298592612,293.10180502943695,7974.692708333333
1750615646,1,GET,/product/66VCHSJNUP,2.500000,0.000000,37,38,39,39,40,41,41,41,41,41,41,317,0,39,49.63529721502514,30.157680972479284,495.779535965994,7940.618296529969
1750615646,1,GET,/product/6E92ZMYYFZ,1.800000,0.000000,37,39,40,40,41,41,41,41,41,41,41,349,0,39,47.70609713743246,30.88843001751229,173.24102099519223,7929.143266475645
1750615646,1,GET,/product/9SIQT8TOJO,2.900000,0.000000,38,39,40,41,41,41,42,42,42,42,42,365,0,39,47.53114975963349,30.659020005259663,222.74189302697778,7980.427397260274
1750615646,1,GET,/product/L9ECAV7KIM,2.400000,0.000000,37,38,38,39,39,41,42,42,42,42,42,375,0,39,47.186582583002746,31.020343012642115,178.531433979515,7947.685333333333
1750615646,1,GET,/product/LS4PSXUNUM,1.800000,0.000000,36,37,38,39,41,42,42,42,42,42,42,377,0,38,45.489832227160306,30.718712019734085,219.1432780236937,7947.14323607427
1750615646,1,GET,/product/OLJCESPC7Z,2.500000,0.000000,38,38,39,41,44,48,48,48,48,48,48,339,0,38,45.33522652004019,30.94358800444752,187.29651300236583,7980.0560471976405
1750615646,1,,Aggregated,20.800000,0.000000,37,39,39,40,41,42,45,46,48,48,48,3215,0,39,47.24242186306326,28.33826298592612,495.779535965994,7960.385069984448
1750615647,1,GET,/,0.000000,0.000000,0,0,0,0,0,0,0,0,0,0,0,1,0,158.03705103462562,158.03705103462562,158.03705103462562,158.03705103462562,10499.0
1750615647,1,GET,/product/0PUK6V6EV0,2.100000,0.000000,39,41,42,42,43,45,45,45,45,45,45,355,0,39,47.2216544917155,32.50183002091944,227.66945703187957,7955.138028169014
1750615647,1,GET,/product/1YMWWN1N4O,3.300000,0.000000,37,38,40,41,42,45,46,46,46,46,46,358,0,39,49.14220011378144,31.392459000926465,173.2590430183336,7979.290502793296
1750615647,1,GET,/product/2ZYFJ3GM2N,1.600000,0.000000,37,39,39,40,40,41,41,41,41,41,41,385,0,39,45.82501595171604,28.33826298592612,293.10180502943695,7974.706493506494
1750615647,1,GET,/product/66VCHSJNUP,2.400000,0.000000,38,38,39,39,41,41,41,41,41,41,41,320,0,39,49.509633103480155,30.157680972479284,495.779535965994,7940.55
1750615647,1,GET,/product/6E92ZMYYFZ,2.000000,0.000000,37,39,39,40,41,41,41,41,41,41,41,352,0,39,47.61446282662457,30.88843001751229,173.24102099519223,7928.977272727273
1750615647,1,GET,/product/9SIQT8TOJO,2.600000,0.000000,37,39,40,40,41,41,41,41,41,41,41,366,0,39,47.496368377781195,30.659020005259663,222.74189302697778,7980.366120218579
1750615647,1,GET,/product/L9ECAV7KIM,2.500000,0.000000,36,38,38,39,39,41,42,42,42,42,42,378,0,39,47.103390877415976,31.020343012642115,178.531433979515,7947.730158730159
1750615647,1,GET,/product/LS4PSXUNUM,2.400000,0.000000,36,37,38,39,41,42,42,42,42,42,42,379,0,38,45.43967867724101,30.718712019734085,219.1432780236937,7947.094986807388
1750615647,1,GET,/product/OLJCESPC7Z,2.000000,0.000000,37,38,39,41,44,48,48,48,48,48,48,342,0,38,45.242998053589346,30.94358800444752,187.29651300236583,7980.040935672515
1750615647,1,,Aggregated,20.900000,0.000000,37,38,39,40,41,42,45,45,46,46,46,3236,0,39,47.17062200765037,28.33826298592612,495.779535965994,7960.313967861557
1750615648,1,GET,/,0.000000,0.000000,0,0,0,0,0,0,0,0,0,0,0,1,0,158.03705103462562,158.03705103462562,158.03705103462562,158.03705103462562,10499.0
1750615648,1,GET,/product/0PUK6V6EV0,2.000000,0.000000,38,40,41,42,43,45,45,45,45,45,45,356,0,39,47.18741056070469,32.50183002091944,227.66945703187957,7955.078651685393
1750615648,1,GET,/product/1YMWWN1N4O,3.300000,0.000000,37,38,40,41,43,45,46,46,46,46,46,361,0,39,49.04691624010776,31.392459000926465,173.2590430183336,7979.307479224377
1750615648,1,GET,/product/2ZYFJ3GM2N,1.300000,0.000000,37,38,39,39,40,40,40,40,40,40,40,385,0,39,45.82501595171604,28.33826298592612,293.10180502943695,7974.706493506494
1750615648,1,GET,/product/66VCHSJNUP,2.300000,0.000000,38,38,39,39,40,41,41,41,41,41,41,322,0,39,49.42998014316715,30.157680972479284,495.779535965994,7940.552795031056
1750615648,1,GET,/product/6E92ZMYYFZ,1.900000,0.000000,37,38,39,39,41,41,41,41,41,41,41,354,0,39,47.543338951812586,30.88843001751229,173.24102099519223,7928.988700564972
1750615648,1,GET,/product/9SIQT8TOJO,2.200000,0.000000,36,39,39,40,41,41,41,41,41,41,41,370,0,39,47.369105632989545,30.659020005259663,222.74189302697778,7980.318918918919
1750615648,1,GET,/product/L9ECAV7KIM,2.700000,0.000000,36,38,38,38,39,41,42,42,42,42,42,381,0,39,47.00078815130121,31.020343012642115,178.531433979515,7947.695538057743
1750615648,1,GET,/product/LS4PSXUNUM,3.000000,0.000000,36,37,38,39,41,42,42,42,42,42,42,383,0,38,45.34226634379175,30.718712019734085,219.1432780236937,7947.062663185378
1750615648,1,GET,/product/OLJCESPC7Z,2.100000,0.000000,37,38,38,38,41,43,44,44,44,44,44,345,0,38,45.13659301547982,30.94358800444752,187.29651300236583,7979.846376811594
1750615648,1,,Aggregated,20.800000,0.000000,37,38,39,39,41,42,45,45,46,46,46,3258,0,39,47.091528753726585,28.33826298592612,495.779535965994,7960.276550030694
1750615649,1,GET,/,0.000000,0.000000,0,0,0,0,0,0,0,0,0,0,0,1,0,158.03705103462562,158.03705103462562,158.03705103462562,158.03705103462562,10499.0
1750615649,1,GET,/product/0PUK6V6EV0,2.500000,0.000000,36,37,39,41,42,45,45,45,45,45,45,359,0,39,47.08438834436834,32.50183002091944,227.66945703187957,7954.947075208914
1750615649,1,GET,/product/1YMWWN1N4O,3.300000,0.000000,37,38,40,41,43,45,46,46,46,46,46,363,0,39,48.97133310930932,31.392459000926465,173.2590430183336,7979.134986225895
1750615649,1,GET,/product/2ZYFJ3GM2N,1.400000,0.000000,38,39,39,39,40,40,40,40,40,40,40,388,0,39,45.75507980249294,28.33826298592612,293.10180502943695,7974.603092783505
1750615649,1,GET,/product/66VCHSJNUP,2.400000,0.000000,37,38,39,40,41,43,43,43,43,43,43,325,0,39,49.337855415920224,30.157680972479284,495.779535965994,7940.615384615385
1750615649,1,GET,/product/6E92ZMYYFZ,1.800000,0.000000,36,37,38,39,40,41,41,41,41,41,41,356,0,39,47.48472617399549,30.88843001751229,173.24102099519223,7928.932584269663
1750615649,1,GET,/product/9SIQT8TOJO,2.200000,0.000000,37,38,39,40,41,41,41,41,41,41,41,372,0,39,47.322207508685054,30.659020005259663,222.74189302697778,7980.311827956989
1750615649,1,GET,/product/L9ECAV7KIM,2.700000,0.000000,36,37,38,38,39,41,42,42,42,42,42,383,0,39,46.94533078230956,31.020343012642115,178.531433979515,7947.80678851175
1750615649,1,GET,/product/LS4PSXUNUM,2.800000,0.000000,36,37,37,38,39,42,42,42,42,42,42,385,0,38,45.29868645892878,30.718712019734085,219.1432780236937,7947.036363636364
1750615649,1,GET,/product/OLJCESPC7Z,1.800000,0.000000,37,38,38,38,40,41,43,43,43,43,43,347,0,38,45.101787548569924,30.94358800444752,187.29651300236583,7979.78386167147
1750615649,1,,Aggregated,20.900000,0.000000,37,38,39,39,41,42,43,45,46,46,46,3279,0,39,47.0279049483753,28.33826298592612,495.779535965994,7960.224763647453
1750615650,1,GET,/,0.000000,0.000000,0,0,0,0,0,0,0,0,0,0,0,1,0,158.03705103462562,158.03705103462562,158.03705103462562,158.03705103462562,10499.0
1750615650,1,GET,/product/0PUK6V6EV0,2.300000,0.000000,36,38,39,39,42,45,45,45,45,45,45,360,0,39,47.05873051829662,32.50183002091944,227.66945703187957,7954.961111111111
1750615650,1,GET,/product/1YMWWN1N4O,3.300000,0.000000,37,39,41,41,42,45,46,46,46,46,46,366,0,39,48.90198589800704,31.392459000926465,173.2590430183336,7979.103825136612
1750615650,1,GET,/product/2ZYFJ3GM2N,1.400000,0.000000,36,38,39,39,40,40,40,40,40,40,40,390,0,39,45.69981854203014,28.33826298592612,293.10180502943695,7974.548717948718
1750615650,1,GET,/product/66VCHSJNUP,1.900000,0.000000,37,38,38,39,41,43,43,43,43,43,43,327,0,39,49.26090333069638,30.157680972479284,495.779535965994,7940.434250764526
1750615650,1,GET,/product/6E92ZMYYFZ,2.200000,0.000000,36,38,39,39,40,41,41,41,41,41,41,359,0,39,47.38622421429889,30.88843001751229,173.24102099519223,7928.810584958217
1750615650,1,GET,/product/9SIQT8TOJO,2.200000,0.000000,37,38,39,39,40,41,41,41,41,41,41,375,0,39,47.24099202205738,30.659020005259663,222.74189302697778,7980.352
1750615650,1,GET,/product/L9ECAV7KIM,2.700000,0.000000,36,37,38,39,39,41,42,42,42,42,42,385,0,39,46.89706405352607,31.020343012642115,178.531433979515,7947.792207792208
1750615650,1,GET,/product/LS4PSXUNUM,2.700000,0.000000,37,37,37,39,42,42,44,44,44,44,44,387,0,38,45.28212067096564,30.718712019734085,219.1432780236937,7946.974160206718
1750615650,1,GET,/product/OLJCESPC7Z,2.200000,0.000000,37,38,39,40,43,44,47,47,47,47,47,350,0,38,45.07823548096764,30.94358800444752,187.29651300236583,7979.794285714286
1750615650,1,,Aggregated,20.900000,0.000000,37,38,39,39,41,42,45,46,47,47,47,3300,0,39,46.97348811413218,28.33826298592612,495.779535965994,7960.186363636363
1750615651,1,GET,/,0.000000,0.000000,0,0,0,0,0,0,0,0,0,0,0,1,0,158.03705103462562,158.03705103462562,158.03705103462562,158.03705103462562,10499.0
1750615651,1,GET,/product/0PUK6V6EV0,2.200000,0.000000,36,37,39,39,42,45,45,45,45,45,45,361,0,39,47.026307359008875,32.50183002091944,227.66945703187957,7954.925207756232
1750615651,1,GET,/product/1YMWWN1N4O,3.100000,0.000000,37,39,41,41,42,45,46,46,46,46,46,369,0,39,48.77834008321378,31.392459000926465,173.2590430183336,7979.138211382114
1750615651,1,GET,/product/2ZYFJ3GM2N,1.300000,0.000000,37,38,38,39,40,41,41,41,41,41,41,392,0,39,45.66622662330664,28.33826298592612,293.10180502943695,7974.586734693878
1750615651,1,GET,/product/66VCHSJNUP,2.000000,0.000000,37,38,39,39,41,43,43,43,43,43,43,329,0,39,49.177971562564565,30.157680972479284,495.779535965994,7940.370820668693
1750615651,1,GET,/product/6E92ZMYYFZ,2.200000,0.000000,36,37,39,39,39,41,41,41,41,41,41,360,0,39,47.36254261935957,30.88843001751229,173.24102099519223,7928.883333333333
1750615651,1,GET,/product/9SIQT8TOJO,2.400000,0.000000,37,38,39,39,40,40,41,41,41,41,41,379,0,39,47.12964208534916,30.659020005259663,222.74189302697778,7980.437994722955
1750615651,1,GET,/product/L9ECAV7KIM,2.600000,0.000000,36,37,39,39,39,42,42,42,42,42,42,388,0,39,46.821019063480485,31.020343012642115,178.531433979515,7947.68556701031
1750615651,1,GET,/product/LS4PSXUNUM,2.800000,0.000000,37,37,38,39,42,42,44,44,44,44,44,389,0,38,45.240110145662705,30.718712019734085,219.1432780236937,7947.010282776349
1750615651,1,GET,/product/OLJCESPC7Z,2.400000,0.000000,37,38,40,40,43,44,47,47,47,47,47,353,0,38,45.01889933810224,30.94358800444752,187.29651300236583,7979.917847025496
1750615651,1,,Aggregated,21.000000,0.000000,37,38,39,39,41,42,45,46,47,47,47,3321,0,39,46.908682439543135,28.33826298592612,495.779535965994,7960.232761216501
1750615652,1,GET,/,0.000000,0.000000,0,0,0,0,0,0,0,0,0,0,0,1,0,158.03705103462562,158.03705103462562,158.03705103462562,158.03705103462562,10499.0
1750615652,1,GET,/product/0PUK6V6EV0,1.900000,0.000000,37,38,39,40,45,48,48,48,48,48,48,364,0,39,46.97264843843596,32.50183002091944,227.66945703187957,7955.016483516483
1750615652,1,GET,/product/1YMWWN1N4O,3.200000,0.000000,37,39,41,41,42,45,46,46,46,46,46,372,0,39,48.666209002026676,31.392459000926465,173.2590430183336,7979.123655913979
1750615652,1,GET,/product/2ZYFJ3GM2N,1.600000,0.000000,37,38,38,39,40,41,41,41,41,41,41,392,0,39,45.66622662330664,28.33826298592612,293.10180502943695,7974.586734693878
1750615652,1,GET,/product/66VCHSJNUP,2.000000,0.000000,37,38,39,39,41,43,43,43,43,43,43,330,0,39,49.13612531840265,30.157680972479284,495.779535965994,7940.448484848484
1750615652,1,GET,/product/6E92ZMYYFZ,2.000000,0.000000,37,38,39,39,39,40,41,41,41,41,41,366,0,39,47.19323287667106,30.88843001751229,173.24102099519223,7929.021857923497
1750615652,1,GET,/product/9SIQT8TOJO,2.500000,0.000000,37,38,38,39,39,40,40,40,40,40,40,382,0,39,47.03758673938064,30.659020005259663,222.74189302697778,7980.476439790576
1750615652,1,GET,/product/L9ECAV7KIM,2.700000,0.000000,37,38,39,39,40,42,42,42,42,42,42,392,0,39,46.73714000150818,31.020343012642115,178.531433979515,7947.6122448979595
1750615652,1,GET,/product/LS4PSXUNUM,3.000000,0.000000,37,37,39,39,42,42,44,44,44,44,44,389,0,38,45.240110145662705,30.718712019734085,219.1432780236937,7947.010282776349
1750615652,1,GET,/product/OLJCESPC7Z,2.200000,0.000000,37,38,40,40,43,44,47,47,47,47,47,354,0,38,44.98178052921821,30.94358800444752,187.29651300236583,7979.954802259887
1750615652,1,,Aggregated,21.100000,0.000000,37,38,39,39,41,42,45,47,48,48,48,3342,0,39,46.84619581827965,28.33826298592612,495.779535965994,7960.222621184919
1750615653,1,GET,/,0.000000,0.000000,0,0,0,0,0,0,0,0,0,0,0,1,0,158.03705103462562,158.03705103462562,158.03705103462562,158.03705103462562,10499.0
1750615653,1,GET,/product/0PUK6V6EV0,1.700000,0.000000,36,38,40,40,45,48,48,48,48,48,48,364,0,39,46.97264843843596,32.50183002091944,227.66945703187957,7955.016483516483
1750615653,1,GET,/product/1YMWWN1N4O,2.700000,0.000000,36,38,39,40,41,42,46,46,46,46,46,375,0,39,48.54425358073786,31.392459000926465,173.2590430183336,7979.12
1750615653,1,GET,/product/2ZYFJ3GM2N,1.600000,0.000000,37,38,38,39,39,41,41,41,41,41,41,396,0,39,45.58870726590741,28.33826298592612,293.10180502943695,7974.737373737374
1750615653,1,GET,/product/66VCHSJNUP,1.800000,0.000000,37,39,39,39,41,43,43,43,43,43,43,332,0,39,49.06392647921253,30.157680972479284,495.779535965994,7940.307228915663
1750615653,1,GET,/product/6E92ZMYYFZ,2.100000,0.000000,37,39,39,40,43,43,45,45,45,45,45,370,0,39,47.140414788658305,30.88843001751229,173.24102099519223,7929.081081081081
1750615653,1,GET,/product/9SIQT8TOJO,2.800000,0.000000,37,38,38,39,39,40,40,40,40,40,40,384,0,39,46.98103338402385,30.659020005259663,222.74189302697778,7980.416666666667
1750615653,1,GET,/product/L9ECAV7KIM,2.800000,0.000000,36,37,39,39,40,42,42,42,42,42,42,395,0,39,46.652434543335126,31.020343012642115,178.531433979515,7947.706329113924
1750615653,1,GET,/product/LS4PSXUNUM,3.100000,0.000000,37,37,38,39,42,42,44,44,44,44,44,390,0,38,45.21430316843833,30.718712019734085,219.1432780236937,7947.035897435898
1750615653,1,GET,/product/OLJCESPC7Z,2.400000,0.000000,37,38,40,40,44,45,47,47,47,47,47,356,0,38,44.96029533806853,30.94358800444752,187.29651300236583,7979.938202247191
1750615653,1,,Aggregated,21.000000,0.000000,37,38,39,39,41,43,45,47,48,48,48,3363,0,39,46.78928134276817,28.33826298592612,495.779535965994,7960.2316384180795
1750615654,1,GET,/,0.000000,0.000000,0,0,0,0,0,0,0,0,0,0,0,1,0,158.03705103462562,158.03705103462562,158.03705103462562,158.03705103462562,10499.0
1750615654,1,GET,/product/0PUK6V6EV0,1.900000,0.000000,36,37,39,40,45,48,48,48,48,48,48,366,0,39,46.91412086236606,32.50183002091944,227.66945703187957,7955.11475409836
1750615654,1,GET,/product/1YMWWN1N4O,3.000000,0.000000,36,38,39,40,41,42,46,46,46,46,46,377,0,39,48.48656195693894,31.392459000926465,173.2590430183336,7979.114058355438
1750615654,1,GET,/product/2ZYFJ3GM2N,1.400000,0.000000,37,38,38,39,39,41,41,41,41,41,41,398,0,39,45.528709762097904,28.33826298592612,293.10180502943695,7974.788944723618
1750615654,1,GET,/product/66VCHSJNUP,1.700000,0.000000,37,38,39,39,41,43,43,43,43,43,43,333,0,39,49.02329248992877,30.157680972479284,495.779535965994,7940.348348348349
1750615654,1,GET,/product/6E92ZMYYFZ,2.300000,0.000000,36,38,39,39,43,43,45,45,45,45,45,375,0,39,46.97165523950631,30.88843001751229,173.24102099519223,7929.213333333333
1750615654,1,GET,/product/9SIQT8TOJO,2.700000,0.000000,36,37,38,38,39,39,40,40,40,40,40,387,0,39,46.8857113372123,30.659020005259663,222.74189302697778,7980.372093023256
1750615654,1,GET,/product/L9ECAV7KIM,2.400000,0.000000,36,37,38,39,40,42,42,42,42,42,42,398,0,39,46.56828357691844,31.020343012642115,178.531433979515,7947.773869346734
1750615654,1,GET,/product/LS4PSXUNUM,3.000000,0.000000,37,37,37,38,39,40,44,44,44,44,44,392,0,38,45.16910900684354,30.718712019734085,219.1432780236937,7947.076530612245
1750615654,1,GET,/product/OLJCESPC7Z,2.600000,0.000000,37,40,40,42,44,45,47,47,47,47,47,358,0,38,44.92239890325497,30.94358800444752,187.29651300236583,7979.938547486034
1750615654,1,,Aggregated,21.000000,0.000000,36,37,39,39,41,43,45,47,48,48,48,3385,0,39,46.716410467611624,28.33826298592612,495.779535965994,7960.249335302807
1750615655,1,GET,/,0.000000,0.000000,0,0,0,0,0,0,0,0,0,0,0,1,0,158.03705103462562,158.03705103462562,158.03705103462562,158.03705103462562,10499.0
1750615655,1,GET,/product/0PUK6V6EV0,1.800000,0.000000,36,37,40,40,45,48,48,48,48,48,48,370,0,39,46.810424501844054,32.19210100360215,227.66945703187957,7955.037837837838
1750615655,1,GET,/product/1YMWWN1N4O,2.900000,0.000000,36,37,38,39,41,41,42,42,42,42,42,380,0,39,48.36995424947848,31.392459000926465,173.2590430183336,7979.184210526316
1750615655,1,GET,/product/2ZYFJ3GM2N,1.500000,0.000000,37,38,38,39,39,41,41,41,41,41,41,400,0,39,45.4739236558089,28.33826298592612,293.10180502943695,7974.745
1750615655,1,GET,/product/66VCHSJNUP,1.800000,0.000000,36,39,39,39,41,43,43,43,43,43,43,333,0,39,49.02329248992877,30.157680972479284,495.779535965994,7940.348348348349
1750615655,1,GET,/product/6E92ZMYYFZ,2.400000,0.000000,36,38,39,39,40,43,45,45,45,45,45,380,0,39,46.82421239941552,30.88843001751229,173.24102099519223,7929.1578947368425
1750615655,1,GET,/product/9SIQT8TOJO,2.700000,0.000000,36,37,37,38,39,39,39,39,39,39,39,390,0,39,46.79111810908533,30.659020005259663,222.74189302697778,7980.4
1750615655,1,GET,/product/L9ECAV7KIM,2.700000,0.000000,36,36,37,39,39,40,42,42,42,42,42,399,0,39,46.532639938804614,31.020343012642115,178.531433979515,7947.704260651629
1750615655,1,GET,/product/LS4PSXUNUM,2.900000,0.000000,37,37,38,39,40,44,44,44,44,44,44,395,0,38,45.108431143556494,30.718712019734085,219.1432780236937,7947.035443037975
1750615655,1,GET,/product/OLJCESPC7Z,2.300000,0.000000,37,40,40,42,45,47,47,47,47,47,47,359,0,38,44.89951155522662,30.94358800444752,187.29651300236583,7979.857938718663
1750615655,1,,Aggregated,21.000000,0.000000,36,37,38,39,40,42,45,45,48,48,48,3407,0,39,46.64450180596536,28.33826298592612,495.779535965994,7960.201056648078
1750615656,1,GET,/,0.000000,0.000000,0,0,0,0,0,0,0,0,0,0,0,1,0,158.03705103462562,158.03705103462562,158.03705103462562,158.03705103462562,10499.0
1750615656,1,GET,/product/0PUK6V6EV0,1.600000,0.000000,36,37,38,40,42,48,48,48,48,48,48,372,0,39,46.75349805823913,32.19210100360215,227.66945703187957,7955.075268817204
1750615656,1,GET,/product/1YMWWN1N4O,2.800000,0.000000,36,37,39,41,41,41,42,42,42,42,42,381,0,39,48.349554490376256,31.392459000926465,173.2590430183336,7979.123359580052
1750615656,1,GET,/product/2ZYFJ3GM2N,1.900000,0.000000,37,38,39,39,41,41,41,41,41,41,41,404,0,39,45.39636863204812,28.33826298592612,293.10180502943695,7974.633663366337
1750615656,1,GET,/product/66VCHSJNUP,1.800000,0.000000,36,38,39,39,40,43,43,43,43,43,43,335,0,39,48.938148856899744,30.157680972479284,495.779535965994,7940.388059701492
1750615656,1,GET,/product/6E92ZMYYFZ,2.500000,0.000000,36,38,39,39,40,43,45,45,45,45,45,382,0,39,46.74367657533471,30.15046496875584,173.24102099519223,7929.2303664921465
1750615656,1,GET,/product/9SIQT8TOJO,2.600000,0.000000,36,37,38,38,39,39,41,41,41,41,41,392,0,39,46.737347100801976,30.659020005259663,222.74189302697778,7980.413265306122
1750615656,1,GET,/product/L9ECAV7KIM,2.800000,0.000000,36,36,38,39,40,42,43,43,43,43,43,401,0,39,46.49633262741921,31.020343012642115,178.531433979515,7947.6957605985035
1750615656,1,GET,/product/LS4PSXUNUM,2.700000,0.000000,37,38,39,39,40,40,44,44,44,44,44,399,0,38,45.03200417979711,30.718712019734085,219.1432780236937,7947.0
1750615656,1,GET,/product/OLJCESPC7Z,2.400000,0.000000,37,38,40,40,44,45,47,47,47,47,47,361,0,38,44.85780882637514,30.94358800444752,187.29651300236583,7979.7313019390585
1750615656,1,,Aggregated,21.100000,0.000000,36,37,39,39,41,42,44,45,48,48,48,3428,0,39,46.58387512744738,28.33826298592612,495.779535965994,7960.17065344224
1750615657,1,GET,/,0.000000,0.000000,0,0,0,0,0,0,0,0,0,0,0,1,0,158.03705103462562,158.03705103462562,158.03705103462562,158.03705103462562,10499.0
1750615657,1,GET,/product/0PUK6V6EV0,1.700000,0.000000,36,37,38,40,42,48,48,48,48,48,48,376,0,39,46.62859331561931,32.19210100360215,227.66945703187957,7954.984042553191
1750615657,1,GET,/product/1YMWWN1N4O,2.900000,0.000000,36,37,39,41,41,42,47,47,47,47,47,385,0,39,48.25764506202578,31.392459000926465,173.2590430183336,7979.044155844156
1750615657,1,GET,/product/2ZYFJ3GM2N,1.700000,0.000000,37,38,39,39,41,41,41,41,41,41,41,405,0,39,45.365325709442715,28.33826298592612,293.10180502943695,7974.607407407408
1750615657,1,GET,/product/66VCHSJNUP,1.700000,0.000000,36,39,39,39,40,43,43,43,43,43,43,337,0,39,48.870909922806,30.157680972479284,495.779535965994,7940.468842729971
1750615657,1,GET,/product/6E92ZMYYFZ,2.800000,0.000000,36,38,39,39,43,43,45,45,45,45,45,383,0,39,46.72151033881463,30.15046496875584,173.24102099519223,7929.140992167102
1750615657,1,GET,/product/9SIQT8TOJO,2.700000,0.000000,37,37,38,38,39,39,41,41,41,41,41,393,0,39,46.712480395683976,30.659020005259663,222.74189302697778,7980.488549618321
1750615657,1,GET,/product/L9ECAV7KIM,2.700000,0.000000,36,37,39,40,41,42,43,43,43,43,43,404,0,39,46.43913457316513,31.020343012642115,178.531433979515,7947.653465346535
1750615657,1,GET,/product/LS4PSXUNUM,2.500000,0.000000,37,38,39,40,40,44,44,44,44,44,44,399,0,38,45.03200417979711,30.718712019734085,219.1432780236937,7947.0
1750615657,1,GET,/product/OLJCESPC7Z,2.400000,0.000000,39,40,42,42,44,45,47,47,47,47,47,366,0,38,44.79610580121437,30.94358800444752,187.29651300236583,7979.863387978142
1750615657,1,,Aggregated,21.100000,0.000000,36,38,39,39,41,43,45,47,48,48,48,3449,0,39,46.53201886248459,28.33826298592612,495.779535965994,7960.187590605973
1750615658,1,GET,/,0.000000,0.000000,0,0,0,0,0,0,0,0,0,0,0,1,0,158.03705103462562,158.03705103462562,158.03705103462562,158.03705103462562,10499.0
1750615658,1,GET,/product/0PUK6V6EV0,2.100000,0.000000,36,38,39,40,40,42,48,48,48,48,48,380,0,39,46.53890954903449,32.19210100360215,227.66945703187957,7955.0
1750615658,1,GET,/product/1YMWWN1N4O,2.600000,0.000000,36,39,41,41,42,47,47,47,47,47,47,389,0,39,48.19445764247309,31.392459000926465,173.2590430183336,7979.167095115681
1750615658,1,GET,/product/2ZYFJ3GM2N,2.000000,0.000000,37,38,38,39,41,41,41,41,41,41,41,406,0,39,45.34835708221499,28.33826298592612,293.10180502943695,7974.571428571428
1750615658,1,GET,/product/66VCHSJNUP,1.800000,0.000000,36,37,39,39,40,43,43,43,43,43,43,338,0,39,48.837601094570054,30.157680972479284,495.779535965994,7940.5207100591715
1750615658,1,GET,/product/6E92ZMYYFZ,3.200000,0.000000,36,38,39,40,43,43,45,45,45,45,45,385,0,39,46.67897850332491,30.15046496875584,173.24102099519223,7929.187012987013
1750615658,1,GET,/product/9SIQT8TOJO,2.900000,0.000000,37,37,38,38,39,41,41,41,41,41,41,394,0,39,46.6972379657135,30.659020005259663,222.74189302697778,7980.426395939086
1750615658,1,GET,/product/L9ECAV7KIM,2.700000,0.000000,36,38,39,40,41,42,43,43,43,43,43,405,0,39,46.421754142171764,31.020343012642115,178.531433979515,7947.674074074074
1750615658,1,GET,/product/LS4PSXUNUM,2.000000,0.000000,38,39,40,40,44,44,44,44,44,44,44,404,0,38,44.96226413305134,30.718712019734085,219.1432780236937,7947.004950495049
1750615658,1,GET,/product/OLJCESPC7Z,2.000000,0.000000,40,42,43,43,45,47,47,47,47,47,47,367,0,38,44.79222883450055,30.94358800444752,187.29651300236583,7979.7847411444145
1750615658,1,,Aggregated,21.300000,0.000000,37,38,39,40,42,43,47,47,48,48,48,3469,0,39,46.4927761458054,28.33826298592612,495.779535965994,7960.181896800231
1750615659,1,GET,/,0.000000,0.000000,0,0,0,0,0,0,0,0,0,0,0,1,0,158.03705103462562,158.03705103462562,158.03705103462562,158.03705103462562,10499.0
1750615659,1,GET,/product/0PUK6V6EV0,1.900000,0.000000,36,38,39,40,40,42,48,48,48,48,48,380,0,39,46.53890954903449,32.19210100360215,227.66945703187957,7955.0
1750615659,1,GET,/product/1YMWWN1N4O,2.500000,0.000000,36,39,41,41,42,47,47,47,47,47,47,391,0,39,48.133535048468254,31.392459000926465,173.2590430183336,7979.048593350383
1750615659,1,GET,/product/2ZYFJ3GM2N,2.100000,0.000000,37,38,39,39,41,41,41,41,41,41,41,410,0,39,45.26799750321249,28.33826298592612,293.10180502943695,7974.648780487805
1750615659,1,GET,/product/66VCHSJNUP,1.700000,0.000000,37,38,38,39,39,40,40,40,40,40,40,340,0,39,48.7705533791621,30.157680972479284,495.779535965994,7940.358823529412
1750615659,1,GET,/product/6E92ZMYYFZ,3.300000,0.000000,37,38,39,40,43,43,45,45,45,45,45,388,0,39,46.60307422109889,30.15046496875584,173.24102099519223,7929.1752577319585
1750615659,1,GET,/product/9SIQT8TOJO,2.800000,0.000000,36,37,38,38,39,41,41,41,41,41,41,396,0,39,46.637681781460124,30.659020005259663,222.74189302697778,7980.530303030303
1750615659,1,GET,/product/L9ECAV7KIM,2.600000,0.000000,36,38,39,40,41,42,43,43,43,43,43,406,0,39,46.39831632163531,31.020343012642115,178.531433979515,7947.7290640394085
1750615659,1,GET,/product/LS4PSXUNUM,2.100000,0.000000,38,39,40,40,43,44,44,44,44,44,44,407,0,38,44.92252603638345,30.718712019734085,219.1432780236937,7946.95085995086
1750615659,1,GET,/product/OLJCESPC7Z,2.200000,0.000000,38,40,42,43,44,45,47,47,47,47,47,371,0,38,44.6790571949279,30.94358800444752,187.29651300236583,7979.830188679245
1750615659,1,,Aggregated,21.200000,0.000000,37,38,39,40,42,43,47,47,48,48,48,3490,0,39,46.43339012458622,28.33826298592612,495.779535965994,7960.185959885387
1750615660,1,GET,/,0.000000,0.000000,0,0,0,0,0,0,0,0,0,0,0,1,0,158.03705103462562,158.03705103462562,158.03705103462562,158.03705103462562,10499.0
1750615660,1,GET,/product/0PUK6V6EV0,2.100000,0.000000,36,37,39,40,40,42,48,48,48,48,48,382,0,39,46.480674938882665,32.19210100360215,227.66945703187957,7954.863874345549
1750615660,1,GET,/product/1YMWWN1N4O,2.700000,0.000000,36,37,40,41,42,47,47,47,47,47,47,396,0,39,47.98226683833307,31.392459000926465,173.2590430183336,7979.181818181818
1750615660,1,GET,/product/2ZYFJ3GM2N,2.100000,0.000000,37,38,38,39,41,41,41,41,41,41,41,411,0,39,45.242059407098594,28.33826298592612,293.10180502943695,7974.652068126521
1750615660,1,GET,/product/66VCHSJNUP,1.700000,0.000000,37,38,38,39,39,40,40,40,40,40,40,341,0,39,48.736319504063744,30.157680972479284,495.779535965994,7940.398826979472
1750615660,1,GET,/product/6E92ZMYYFZ,3.100000,0.000000,37,39,40,40,43,43,45,45,45,45,45,392,0,39,46.530933777311084,30.15046496875584,173.24102099519223,7929.219387755102
1750615660,1,GET,/product/9SIQT8TOJO,2.700000,0.000000,35,37,37,37,38,41,41,41,41,41,41,399,0,39,46.5452280664352,30.659020005259663,222.74189302697778,7980.466165413533
1750615660,1,GET,/product/L9ECAV7KIM,2.500000,0.000000,36,38,39,40,41,43,43,43,43,43,43,408,0,39,46.33150944017175,31.020343012642115,178.531433979515,7947.75
1750615660,1,GET,/product/LS4PSXUNUM,2.100000,0.000000,36,39,40,40,43,44,44,44,44,44,44,411,0,38,44.850531298584485,30.718712019734085,219.1432780236937,7946.961070559611
1750615660,1,GET,/product/OLJCESPC7Z,2.100000,0.000000,37,40,42,42,43,45,45,45,45,45,45,371,0,38,44.6790571949279,30.94358800444752,187.29651300236583,7979.830188679245
1750615660,1,,Aggregated,21.100000,0.000000,36,38,39,40,42,43,45,47,48,48,48,3512,0,39,46.37033894838015,28.33826298592612,495.779535965994,7960.173974943053
1750615661,1,GET,/,0.000000,0.000000,0,0,0,0,0,0,0,0,0,0,0,1,0,158.03705103462562,158.03705103462562,158.03705103462562,158.03705103462562,10499.0
1750615661,1,GET,/product/0PUK6V6EV0,2.300000,0.000000,37,38,40,40,42,43,48,48,48,48,48,386,0,39,46.40343484883148,32.19210100360215,227.66945703187957,7954.777202072539
1750615661,1,GET,/product/1YMWWN1N4O,2.600000,0.000000,36,39,41,41,42,47,47,47,47,47,47,397,0,39,47.943049647390225,31.392459000926465,173.2590430183336,7979.098236775819
1750615661,1,GET,/product/2ZYFJ3GM2N,2.000000,0.000000,37,38,38,39,41,41,41,41,41,41,41,412,0,39,45.22125664629377,28.33826298592612,293.10180502943695,7974.592233009709
1750615661,1,GET,/product/66VCHSJNUP,1.600000,0.000000,38,38,39,39,40,44,44,44,44,44,44,345,0,39,48.63262770704223,30.157680972479284,495.779535965994,7940.388405797102
1750615661,1,GET,/product/6E92ZMYYFZ,3.000000,0.000000,38,40,40,40,43,43,45,45,45,45,45,392,0,39,46.530933777311084,30.15046496875584,173.24102099519223,7929.219387755102
1750615661,1,GET,/product/9SIQT8TOJO,2.400000,0.000000,36,37,37,37,40,41,41,41,41,41,41,402,0,39,46.48207215055365,30.659020005259663,222.74189302697778,7980.442786069651
1750615661,1,GET,/product/L9ECAV7KIM,2.500000,0.000000,36,38,39,40,41,43,43,43,43,43,43,409,0,39,46.30967047339314,31.020343012642115,178.531433979515,7947.7261613691935
1750615661,1,GET,/product/LS4PSXUNUM,2.200000,0.000000,37,39,40,42,44,44,46,46,46,46,46,414,0,38,44.8089423228071,30.718712019734085,219.1432780236937,7946.95652173913
1750615661,1,GET,/product/OLJCESPC7Z,2.300000,0.000000,37,39,40,42,43,43,45,45,45,45,45,374,0,38,44.62142768244379,30.94358800444752,187.29651300236583,7979.689839572193
1750615661,1,,Aggregated,20.900000,0.000000,37,38,40,40,42,43,45,47,47,47,47,3532,0,39,46.32459180453639,28.33826298592612,495.779535965994,7960.126557191393
1750615662,1,GET,/,0.000000,0.000000,0,0,0,0,0,0,0,0,0,0,0,1,0,158.03705103462562,158.03705103462562,158.03705103462562,158.03705103462562,10499.0
1750615662,1,GET,/product/0PUK6V6EV0,2.100000,0.000000,37,37,39,40,40,42,43,43,43,43,43,386,0,39,46.40343484883148,32.19210100360215,227.66945703187957,7954.777202072539
1750615662,1,GET,/product/1YMWWN1N4O,3.000000,0.000000,37,39,41,41,42,47,47,47,47,47,47,401,0,39,47.83571612230964,31.392459000926465,173.2590430183336,7979.107231920199
1750615662,1,GET,/product/2ZYFJ3GM2N,2.000000,0.000000,36,37,38,38,41,41,41,41,41,41,41,413,0,39,45.1992104075495,28.33826298592612,293.10180502943695,7974.532687651332
1750615662,1,GET,/product/66VCHSJNUP,1.400000,0.000000,38,38,39,40,41,44,44,44,44,44,44,349,0,39,48.483616833569734,30.157680972479284,495.779535965994,7940.469914040114
1750615662,1,GET,/product/6E92ZMYYFZ,3.200000,0.000000,37,40,40,40,43,43,45,45,45,45,45,394,0,39,46.48971897644478,30.15046496875584,173.24102099519223,7929.172588832487
1750615662,1,GET,/product/9SIQT8TOJO,2.400000,0.000000,36,37,38,38,41,41,41,41,41,41,41,404,0,39,46.43946550388839,30.659020005259663,222.74189302697778,7980.504950495049
1750615662,1,GET,/product/L9ECAV7KIM,2.300000,0.000000,36,37,39,40,42,43,43,43,43,43,43,410,0,39,46.2987035112569,31.020343012642115,178.531433979515,7947.707317073171
1750615662,1,GET,/product/LS4PSXUNUM,2.300000,0.000000,37,39,40,40,44,44,46,46,46,46,46,416,0,38,44.78116647022454,30.718712019734085,219.1432780236937,7946.9182692307695
1750615662,1,GET,/product/OLJCESPC7Z,2.300000,0.000000,38,39,40,40,42,43,43,43,43,43,43,379,0,38,44.52955494278496,30.94358800444752,187.29651300236583,7979.749340369393
1750615662,1,,Aggregated,21.000000,0.000000,37,38,40,40,42,43,45,47,47,47,47,3553,0,39,46.27260613447732,28.33826298592612,495.779535965994,7960.144103574444
1750615663,1,GET,/,0.000000,0.000000,0,0,0,0,0,0,0,0,0,0,0,1,0,158.03705103462562,158.03705103462562,158.03705103462562,158.03705103462562,10499.0
1750615663,1,GET,/product/0PUK6V6EV0,2.500000,0.000000,37,38,40,40,42,43,47,47,47,47,47,387,0,39,46.404771458956795,32.19210100360215,227.66945703187957,7954.842377260982
1750615663,1,GET,/product/1YMWWN1N4O,3.000000,0.000000,37,39,41,41,42,47,47,47,47,47,47,403,0,39,47.772625439266484,31.392459000926465,173.2590430183336,7979.037220843672
1750615663,1,GET,/product/2ZYFJ3GM2N,2.000000,0.000000,37,37,38,38,41,41,41,41,41,41,41,414,0,39,45.179573073167724,28.33826298592612,293.10180502943695,7974.497584541063
1750615663,1,GET,/product/66VCHSJNUP,1.400000,0.000000,37,38,39,40,41,44,44,44,44,44,44,350,0,39,48.438914185556186,30.157680972479284,495.779535965994,7940.5314285714285
1750615663,1,GET,/product/6E92ZMYYFZ,3.200000,0.000000,38,38,40,40,40,42,43,43,43,43,43,398,0,39,46.40086100936338,30.15046496875584,173.24102099519223,7929.261306532663
1750615663,1,GET,/product/9SIQT8TOJO,2.300000,0.000000,36,37,38,38,41,41,41,41,41,41,41,406,0,39,46.390439348703644,30.659020005259663,222.74189302697778,7980.482758620689
1750615663,1,GET,/product/L9ECAV7KIM,2.000000,0.000000,36,37,40,40,42,43,43,43,43,43,43,412,0,39,46.24906577818656,31.020343012642115,178.531433979515,7947.703883495145
1750615663,1,GET,/product/LS4PSXUNUM,2.400000,0.000000,38,40,40,40,44,44,46,46,46,46,46,416,0,38,44.78116647022454,30.718712019734085,219.1432780236937,7946.9182692307695
1750615663,1,GET,/product/OLJCESPC7Z,2.300000,0.000000,38,38,39,40,42,43,43,43,43,43,43,385,0,38,44.407492525597384,30.94358800444752,187.29651300236583,7979.810389610389
1750615663,1,,Aggregated,21.100000,0.000000,37,38,40,40,42,43,46,47,47,47,47,3572,0,39,46.223275729785264,28.33826298592612,495.779535965994,7960.169092945129
1750615664,1,GET,/,0.000000,0.000000,0,0,0,0,0,0,0,0,0,0,0,1,0,158.03705103462562,158.03705103462562,158.03705103462562,158.03705103462562,10499.0
1750615664,1,GET,/product/0PUK6V6EV0,2.200000,0.000000,37,38,40,40,42,43,47,47,47,47,47,389,0,39,46.345302112074926,32.19210100360215,227.66945703187957,7954.93059125964
1750615664,1,GET,/product/1YMWWN1N4O,2.900000,0.000000,37,39,41,41,43,47,47,47,47,47,47,406,0,39,47.69059811808224,31.392459000926465,173.2590430183336,7979.064039408867
1750615664,1,GET,/product/2ZYFJ3GM2N,2.100000,0.000000,37,37,38,38,41,41,41,41,41,41,41,415,0,39,45.16149847305391,28.33826298592612,293.10180502943695,7974.530120481928
1750615664,1,GET,/product/66VCHSJNUP,1.800000,0.000000,38,38,40,41,41,42,44,44,44,44,44,354,0,39,48.33901743486781,30.157680972479284,495.779535965994,7940.468926553673
1750615664,1,GET,/product/6E92ZMYYFZ,2.900000,0.000000,38,38,40,40,40,42,43,43,43,43,43,399,0,39,46.37025213213334,30.15046496875584,173.24102099519223,7929.300751879699
1750615664,1,GET,/product/9SIQT8TOJO,2.200000,0.000000,36,37,38,38,40,41,41,41,41,41,41,409,0,39,46.2994103534557,30.659020005259663,222.74189302697778,7980.484107579462
1750615664,1,GET,/product/L9ECAV7KIM,2.000000,0.000000,37,40,41,42,43,170,170,170,170,170,170,413,0,39,46.54765411290807,31.020343012642115,178.531433979515,7947.72397094431
1750615664,1,GET,/product/LS4PSXUNUM,2.600000,0.000000,39,40,40,42,44,45,46,46,46,46,46,420,0,38,44.719631320497555,30.718712019734085,219.1432780236937,7947.009523809524
1750615664,1,GET,/product/OLJCESPC7Z,2.400000,0.000000,38,38,39,40,42,43,43,43,43,43,43,387,0,38,44.35983226960645,30.94358800444752,187.29651300236583,7979.795865633075
1750615664,1,,Aggregated,21.100000,0.000000,37,38,40,40,42,43,47,47,170,170,170,3593,0,39,46.205022898328984,28.33826298592612,495.779535965994,7960.191205121068
1750615665,1,GET,/,0.000000,0.000000,0,0,0,0,0,0,0,0,0,0,0,1,0,158.03705103462562,158.03705103462562,158.03705103462562,158.03705103462562,10499.0
1750615665,1,GET,/product/0PUK6V6EV0,2.300000,0.000000,36,37,38,39,40,43,47,47,47,47,47,392,0,39,46.253163501595346,32.19210100360215,227.66945703187957,7954.867346938776
1750615665,1,GET,/product/1YMWWN1N4O,3.000000,0.000000,37,39,41,41,43,47,47,47,47,47,47,409,0,39,47.58859998765709,31.392459000926465,173.2590430183336,7979.085574572127
1750615665,1,GET,/product/2ZYFJ3GM2N,1.900000,0.000000,37,37,38,38,38,41,41,41,41,41,41,417,0,38,45.12121825022802,28.33826298592612,293.10180502943695,7974.517985611511
1750615665,1,GET,/product/66VCHSJNUP,1.900000,0.000000,38,38,40,41,41,42,44,44,44,44,44,355,0,39,48.298400526695794,30.157680972479284,495.779535965994,7940.422535211268
1750615665,1,GET,/product/6E92ZMYYFZ,2.600000,0.000000,38,38,40,40,40,42,43,43,43,43,43,402,0,39,46.28719596944597,30.15046496875584,173.24102099519223,7929.358208955224
1750615665,1,GET,/product/9SIQT8TOJO,2.200000,0.000000,36,37,38,38,41,41,41,41,41,41,41,410,0,39,46.27074154758281,30.659020005259663,222.74189302697778,7980.419512195122
1750615665,1,GET,/product/L9ECAV7KIM,1.700000,0.000000,37,39,40,40,42,170,170,170,170,170,170,417,0,39,46.45849697024403,31.020343012642115,178.531433979515,7947.587529976019
1750615665,1,GET,/product/LS4PSXUNUM,2.600000,0.000000,38,40,40,42,44,45,46,46,46,46,46,423,0,38,44.65536802047181,30.718712019734085,219.1432780236937,7947.018912529551
1750615665,1,GET,/product/OLJCESPC7Z,2.800000,0.000000,38,38,39,40,42,43,43,43,43,43,43,389,0,38,44.31599515261593,30.94358800444752,187.29651300236583,7979.853470437018
1750615665,1,,Aggregated,21.000000,0.000000,37,38,39,40,42,43,47,47,170,170,170,3615,0,39,46.13949863728327,28.33826298592612,495.779535965994,7960.151313969572
1750615666,1,GET,/,0.000000,0.000000,0,0,0,0,0,0,0,0,0,0,0,1,0,158.03705103462562,158.03705103462562,158.03705103462562,158.03705103462562,10499.0
1750615666,1,GET,/product/0PUK6V6EV0,2.300000,0.000000,37,37,39,39,40,43,47,47,47,47,47,395,0,39,46.17619582443038,32.19210100360215,227.66945703187957,7954.784810126583
1750615666,1,GET,/product/1YMWWN1N4O,2.700000,0.000000,37,39,41,42,47,47,51,51,51,51,51,411,0,39,47.56294633304347,31.392459000926465,173.2590430183336,7979.0705596107055
1750615666,1,GET,/product/2ZYFJ3GM2N,1.700000,0.000000,37,37,38,38,38,41,41,41,41,41,41,420,0,38,45.0642781174143,28.33826298592612,293.10180502943695,7974.495238095238
1750615666,1,GET,/product/66VCHSJNUP,2.000000,0.000000,38,38,41,41,42,44,44,44,44,44,44,356,0,39,48.26217870508567,30.157680972479284,495.779535965994,7940.359550561798
1750615666,1,GET,/product/6E92ZMYYFZ,2.600000,0.000000,38,39,40,40,42,43,44,44,44,44,44,404,0,39,46.26010052887446,30.15046496875584,173.24102099519223,7929.39603960396
1750615666,1,GET,/product/9SIQT8TOJO,2.000000,0.000000,36,37,38,38,40,41,41,41,41,41,41,411,0,39,46.25128909130864,30.659020005259663,222.74189302697778,7980.36496350365
1750615666,1,GET,/product/L9ECAV7KIM,1.700000,0.000000,36,37,39,39,42,170,170,170,170,170,170,419,0,39,46.40825799897509,31.020343012642115,178.531433979515,7947.661097852028
1750615666,1,GET,/product/LS4PSXUNUM,2.900000,0.000000,37,40,42,43,44,45,46,46,46,46,46,423,0,38,44.65536802047181,30.718712019734085,219.1432780236937,7947.018912529551
1750615666,1,GET,/product/OLJCESPC7Z,2.700000,0.000000,37,38,39,40,40,43,43,43,43,43,43,396,0,38,44.17937456376173,30.94358800444752,187.29651300236583,7979.858585858586
1750615666,1,,Aggregated,20.600000,0.000000,37,38,39,40,42,44,47,51,170,170,170,3636,0,38,46.0896620749623,28.33826298592612,495.779535965994,7960.17106710671
1750615667,1,GET,/,0.000000,0.000000,0,0,0,0,0,0,0,0,0,0,0,1,0,158.03705103462562,158.03705103462562,158.03705103462562,158.03705103462562,10499.0
1750615667,1,GET,/product/0PUK6V6EV0,2.300000,0.000000,37,38,40,40,47,51,51,51,51,51,51,397,0,39,46.155965790095074,32.19210100360215,227.66945703187957,7954.861460957179
1750615667,1,GET,/product/1YMWWN1N4O,2.800000,0.000000,37,38,40,41,43,47,51,51,51,51,51,415,0,39,47.49005867437605,31.392459000926465,173.2590430183336,7979.1325301204815
1750615667,1,GET,/product/2ZYFJ3GM2N,1.900000,0.000000,37,38,38,38,40,41,41,41,41,41,41,422,0,38,45.03018657899775,28.33826298592612,293.10180502943695,7974.521327014218
1750615667,1,GET,/product/66VCHSJNUP,2.200000,0.000000,37,38,40,41,41,42,44,44,44,44,44,361,0,39,48.09428336307757,30.157680972479284,495.779535965994,7940.432132963989
1750615667,1,GET,/product/6E92ZMYYFZ,2.500000,0.000000,38,38,40,40,42,43,44,44,44,44,44,406,0,39,46.216734405578315,30.15046496875584,173.24102099519223,7929.3497536945815
1750615667,1,GET,/product/9SIQT8TOJO,2.100000,0.000000,36,37,38,38,38,40,40,40,40,40,40,411,0,39,46.25128909130864,30.659020005259663,222.74189302697778,7980.36496350365
1750615667,1,GET,/product/L9ECAV7KIM,1.400000,0.000000,37,39,40,40,44,170,170,170,170,170,170,421,0,39,46.38682673544227,31.020343012642115,178.531433979515,7947.710213776722
1750615667,1,GET,/product/LS4PSXUNUM,2.700000,0.000000,37,40,40,42,44,45,46,46,46,46,46,423,0,38,44.65536802047181,30.718712019734085,219.1432780236937,7947.018912529551
1750615667,1,GET,/product/OLJCESPC7Z,2.800000,0.000000,37,38,38,39,40,43,47,47,47,47,47,399,0,38,44.14239331638151,30.94358800444752,187.29651300236583,7979.887218045113
1750615667,1,,Aggregated,20.700000,0.000000,37,38,39,40,42,44,47,51,170,170,170,3656,0,38,46.050128144607804,28.33826298592612,495.779535965994,7960.191192560175
1750615668,1,GET,/,0.000000,0.000000,0,0,0,0,0,0,0,0,0,0,0,1,0,158.03705103462562,158.03705103462562,158.03705103462562,158.03705103462562,10499.0
1750615668,1,GET,/product/0PUK6V6EV0,2.200000,0.000000,37,37,39,40,47,51,51,51,51,51,51,400,0,39,46.08551065917709,32.19210100360215,227.66945703187957,7954.87
1750615668,1,GET,/product/1YMWWN1N4O,2.900000,0.000000,37,38,40,41,43,43,51,51,51,51,51,417,0,39,47.441478627979556,31.392459000926465,173.2590430183336,7979.059952038369
1750615668,1,GET,/product/2ZYFJ3GM2N,1.400000,0.000000,37,37,38,38,40,41,41,41,41,41,41,423,0,38,45.008888632035976,28.33826298592612,293.10180502943695,7974.486997635934
1750615668,1,GET,/product/66VCHSJNUP,2.200000,0.000000,36,37,38,40,41,42,44,44,44,44,44,366,0,39,47.90668277600475,30.157680972479284,495.779535965994,7940.595628415301
1750615668,1,GET,/product/6E92ZMYYFZ,2.200000,0.000000,38,38,40,40,41,43,44,44,44,44,44,408,0,39,46.179871986918016,30.15046496875584,173.24102099519223,7929.455882352941
1750615668,1,GET,/product/9SIQT8TOJO,2.000000,0.000000,37,38,38,38,40,40,40,40,40,40,40,413,0,39,46.21363822164997,30.659020005259663,222.74189302697778,7980.430992736077
1750615668,1,GET,/product/L9ECAV7KIM,1.800000,0.000000,36,39,40,40,44,170,170,170,170,170,170,422,0,39,46.36239190668671,31.020343012642115,178.531433979515,7947.701421800948
1750615668,1,GET,/product/LS4PSXUNUM,2.600000,0.000000,37,38,40,40,45,46,46,46,46,46,46,426,0,38,44.599734625900425,30.718712019734085,219.1432780236937,7946.981220657277
1750615668,1,GET,/product/OLJCESPC7Z,3.300000,0.000000,37,38,38,39,40,40,47,47,47,47,47,401,0,38,44.11362004544739,30.94358800444752,187.29651300236583,7979.942643391521
1750615668,1,,Aggregated,20.600000,0.000000,37,38,39,40,41,44,47,51,170,170,170,3677,0,38,45.9966119172221,28.33826298592612,495.779535965994,7960.189828664672
1750615669,1,GET,/,0.000000,0.000000,0,0,0,0,0,0,0,0,0,0,0,1,0,158.03705103462562,158.03705103462562,158.03705103462562,158.03705103462562,10499.0
1750615669,1,GET,/product/0PUK6V6EV0,2.200000,0.000000,37,38,39,39,43,47,51,51,51,51,51,404,0,39,46.002167308447184,32.19210100360215,227.66945703187957,7954.876237623763
1750615669,1,GET,/product/1YMWWN1N4O,2.900000,0.000000,37,39,41,41,43,43,51,51,51,51,51,418,0,39,47.41492192316622,31.392459000926465,173.2590430183336,7979.11004784689
1750615669,1,GET,/product/2ZYFJ3GM2N,1.600000,0.000000,37,37,37,38,38,40,40,40,40,40,40,424,0,38,44.98608357161569,28.33826298592612,293.10180502943695,7974.481132075472
1750615669,1,GET,/product/66VCHSJNUP,2.200000,0.000000,37,38,40,40,41,42,44,44,44,44,44,369,0,39,47.83996052568057,30.157680972479284,495.779535965994,7940.639566395664
1750615669,1,GET,/product/6E92ZMYYFZ,2.200000,0.000000,37,38,38,39,40,41,44,44,44,44,44,412,0,39,46.08040417160825,30.15046496875584,173.24102099519223,7929.635922330097
1750615669,1,GET,/product/9SIQT8TOJO,1.800000,0.000000,37,37,38,38,40,40,40,40,40,40,40,415,0,39,46.157543656853846,30.659020005259663,222.74189302697778,7980.414457831325
1750615669,1,GET,/product/L9ECAV7KIM,1.700000,0.000000,37,39,40,40,44,170,170,170,170,170,170,423,0,39,46.339366138482305,31.020343012642115,178.531433979515,7947.725768321513
1750615669,1,GET,/product/LS4PSXUNUM,2.400000,0.000000,37,37,38,40,45,46,46,46,46,46,46,427,0,38,44.578583109104216,30.718712019734085,219.1432780236937,7946.971896955503
1750615669,1,GET,/product/OLJCESPC7Z,3.600000,0.000000,37,38,39,39,40,40,47,47,47,47,47,406,0,38,44.032374308318396,30.94358800444752,187.29651300236583,7979.92118226601
1750615669,1,,Aggregated,20.600000,0.000000,37,38,39,39,41,44,47,51,170,170,170,3699,0,38,45.943134048529785,28.33826298592612,495.779535965994,7960.202216815355
1750615670,1,GET,/,0.000000,0.000000,0,0,0,0,0,0,0,0,0,0,0,1,0,158.03705103462562,158.03705103462562,158.03705103462562,158.03705103462562,10499.0
1750615670,1,GET,/product/0PUK6V6EV0,2.100000,0.000000,37,38,39,39,47,51,180,180,180,180,180,406,0,39,46.31571692263758,32.19210100360215,227.66945703187957,7954.87684729064
1750615670,1,GET,/product/1YMWWN1N4O,2.800000,0.000000,37,39,40,41,43,43,51,51,51,51,51,421,0,39,47.350775548494745,31.392459000926465,173.2590430183336,7979.130641330166
1750615670,1,GET,/product/2ZYFJ3GM2N,1.700000,0.000000,37,37,38,38,40,40,40,40,40,40,40,427,0,38,44.94277423490886,28.33826298592612,293.10180502943695,7974.487119437939
1750615670,1,GET,/product/66VCHSJNUP,2.800000,0.000000,37,39,40,40,41,42,43,43,43,43,43,371,0,39,47.80377349044345,30.157680972479284,495.779535965994,7940.781671159029
1750615670,1,GET,/product/6E92ZMYYFZ,2.200000,0.000000,37,38,38,38,40,41,44,44,44,44,44,413,0,39,46.055282469073276,30.15046496875584,173.24102099519223,7929.692493946731
1750615670,1,GET,/product/9SIQT8TOJO,1.700000,0.000000,37,37,38,38,40,41,41,41,41,41,41,416,0,39,46.14415981632192,30.659020005259663,222.74189302697778,7980.389423076923
1750615670,1,GET,/product/L9ECAV7KIM,1.700000,0.000000,37,39,39,40,44,170,170,170,170,170,170,425,0,39,46.291591582463724,31.020343012642115,178.531433979515,7947.755294117647
1750615670,1,GET,/product/LS4PSXUNUM,2.400000,0.000000,37,38,40,40,45,46,46,46,46,46,46,427,0,38,44.578583109104216,30.718712019734085,219.1432780236937,7946.971896955503
1750615670,1,GET,/product/OLJCESPC7Z,3.300000,0.000000,37,38,39,39,40,40,47,47,47,47,47,409,0,38,43.97757269950438,30.94358800444752,187.29651300236583,7979.8459657701715
1750615670,1,,Aggregated,20.700000,0.000000,37,38,39,40,41,44,51,170,180,180,180,3716,0,38,45.94598223314086,28.33826298592612,495.779535965994,7960.237890204521
1750615671,1,GET,/,0.000000,0.000000,0,0,0,0,0,0,0,0,0,0,0,1,0,158.03705103462562,158.03705103462562,158.03705103462562,158.03705103462562,10499.0
1750615671,1,GET,/product/0PUK6V6EV0,2.200000,0.000000,37,37,39,39,47,51,180,180,180,180,180,413,0,38,46.117836376511185,30.267167021520436,227.66945703187957,7954.769975786925
1750615671,1,GET,/product/1YMWWN1N4O,2.800000,0.000000,38,40,41,41,43,51,53,53,53,53,53,422,0,39,47.363221769908584,31.392459000926465,173.2590430183336,7979.052132701422
1750615671,1,GET,/product/2ZYFJ3GM2N,1.700000,0.000000,37,38,38,38,40,40,40,40,40,40,40,428,0,38,44.92745422510644,28.33826298592612,293.10180502943695,7974.415887850468
1750615671,1,GET,/product/66VCHSJNUP,2.800000,0.000000,36,39,40,40,41,42,43,43,43,43,43,374,0,39,47.70864628879154,30.157680972479284,495.779535965994,7940.850267379679
1750615671,1,GET,/product/6E92ZMYYFZ,2.300000,0.000000,37,38,38,38,41,41,44,44,44,44,44,414,0,39,46.04373628918671,30.15046496875584,173.24102099519223,7929.724637681159
1750615671,1,GET,/product/9SIQT8TOJO,1.800000,0.000000,37,38,38,38,41,45,45,45,45,45,45,418,0,39,46.113860197549094,30.659020005259663,222.74189302697778,7980.454545454545
1750615671,1,GET,/product/L9ECAV7KIM,1.700000,0.000000,37,39,40,40,44,170,170,170,170,170,170,425,0,39,46.291591582463724,31.020343012642115,178.531433979515,7947.755294117647
1750615671,1,GET,/product/LS4PSXUNUM,2.100000,0.000000,37,38,38,40,41,45,45,45,45,45,45,430,0,38,44.53092401056702,30.718712019734085,219.1432780236937,7946.990697674419
1750615671,1,GET,/product/OLJCESPC7Z,3.400000,0.000000,37,38,39,39,40,41,47,47,47,47,47,412,0,38,43.93247798344039,30.94358800444752,187.29651300236583,7979.873786407767
1750615671,1,,Aggregated,20.800000,0.000000,37,38,39,39,41,44,51,170,180,180,180,3737,0,38,45.8988686765737,28.33826298592612,495.779535965994,7960.222906074391
1750615672,1,GET,/,0.000000,0.000000,0,0,0,0,0,0,0,0,0,0,0,1,0,158.03705103462562,158.03705103462562,158.03705103462562,158.03705103462562,10499.0
1750615672,1,GET,/product/0PUK6V6EV0,2.400000,0.000000,37,37,39,39,47,51,180,180,180,180,180,414,0,38,46.09244470897914,30.267167021520436,227.66945703187957,7954.719806763285
1750615672,1,GET,/product/1YMWWN1N4O,2.400000,0.000000,38,40,41,41,43,51,53,53,53,53,53,423,0,39,47.34691056471327,31.392459000926465,173.2590430183336,7979.044917257684
1750615672,1,GET,/product/2ZYFJ3GM2N,1.500000,0.000000,37,38,39,40,41,47,47,47,47,47,47,430,0,38,44.923195268195336,28.33826298592612,293.10180502943695,7974.427906976744
1750615672,1,GET,/product/66VCHSJNUP,3.000000,0.000000,37,39,40,40,41,42,43,43,43,43,43,379,0,39,47.575434023731866,30.157680972479284,495.779535965994,7940.865435356201
1750615672,1,GET,/product/6E92ZMYYFZ,2.200000,0.000000,37,38,38,38,41,41,44,44,44,44,44,416,0,39,46.00372819634056,30.15046496875584,173.24102099519223,7929.783653846154
1750615672,1,GET,/product/9SIQT8TOJO,1.800000,0.000000,37,38,39,40,41,45,45,45,45,45,45,421,0,39,46.06106832433788,30.659020005259663,222.74189302697778,7980.418052256532
1750615672,1,GET,/product/L9ECAV7KIM,1.600000,0.000000,36,38,39,39,44,170,170,170,170,170,170,426,0,39,46.26740160916862,31.020343012642115,178.531433979515,7947.6760563380285
1750615672,1,GET,/product/LS4PSXUNUM,1.800000,0.000000,36,37,38,40,41,45,45,45,45,45,45,431,0,38,44.50285026810095,30.718712019734085,219.1432780236937,7947.013921113689
1750615672,1,GET,/product/OLJCESPC7Z,3.700000,0.000000,37,38,39,39,41,47,50,50,50,50,50,416,0,38,43.916316858695396,30.94358800444752,187.29651300236583,7979.951923076923
1750615672,1,,Aggregated,20.400000,0.000000,37,38,39,40,41,45,51,170,180,180,180,3757,0,38,45.86244499553969,28.33826298592612,495.779535965994,7960.223582645728
1750615673,1,GET,/,0.000000,0.000000,0,0,0,0,0,0,0,0,0,0,0,1,0,158.03705103462562,158.03705103462562,158.03705103462562,158.03705103462562,10499.0
1750615673,1,GET,/product/0PUK6V6EV0,2.400000,0.000000,37,37,38,39,39,51,180,180,180,180,180,415,0,38,46.069222873536845,30.267167021520436,227.66945703187957,7954.70843373494
1750615673,1,GET,/product/1YMWWN1N4O,2.500000,0.000000,39,40,42,42,43,51,53,53,53,53,53,427,0,39,47.27738598796192,31.392459000926465,173.2590430183336,7979.058548009368
1750615673,1,GET,/product/2ZYFJ3GM2N,1.700000,0.000000,37,38,40,40,41,47,47,47,47,47,47,430,0,38,44.923195268195336,28.33826298592612,293.10180502943695,7974.427906976744
1750615673,1,GET,/product/66VCHSJNUP,3.000000,0.000000,36,38,39,39,40,40,43,43,43,43,43,381,0,39,47.51738603944888,30.157680972479284,495.779535965994,7940.845144356956
1750615673,1,GET,/product/6E92ZMYYFZ,2.100000,0.000000,37,37,38,39,41,41,44,44,44,44,44,419,0,39,45.93897841705191,30.15046496875584,173.24102099519223,7929.758949880668
1750615673,1,GET,/product/9SIQT8TOJO,1.700000,0.000000,38,39,39,40,41,45,45,45,45,45,45,425,0,39,45.99281581543276,30.659020005259663,222.74189302697778,7980.385882352941
1750615673,1,GET,/product/L9ECAV7KIM,1.700000,0.000000,36,38,39,39,44,170,170,170,170,170,170,426,0,39,46.26740160916862,31.020343012642115,178.531433979515,7947.6760563380285
1750615673,1,GET,/product/LS4PSXUNUM,1.600000,0.000000,37,38,38,38,42,50,50,50,50,50,50,436,0,38,44.45522339598579,30.718712019734085,219.1432780236937,7946.972477064221
1750615673,1,GET,/product/OLJCESPC7Z,3.700000,0.000000,37,38,39,39,41,47,50,50,50,50,50,418,0,38,43.888395230239034,30.94358800444752,187.29651300236583,7979.9617224880385
1750615673,1,,Aggregated,20.400000,0.000000,37,38,39,40,41,45,51,53,180,180,180,3778,0,38,45.82276992521583,28.33826298592612,495.779535965994,7960.2101641079935
1750615674,1,GET,/,0.000000,0.000000,0,0,0,0,0,0,0,0,0,0,0,1,0,158.03705103462562,158.03705103462562,158.03705103462562,158.03705103462562,10499.0
1750615674,1,GET,/product/0PUK6V6EV0,2.800000,0.000000,37,37,39,39,39,51,180,180,180,180,180,417,0,38,46.028809495185385,30.267167021520436,227.66945703187957,7954.791366906475
1750615674,1,GET,/product/1YMWWN1N4O,2.200000,0.000000,40,40,41,42,43,51,53,53,53,53,53,429,0,39,47.23807793674504,31.392459000926465,173.2590430183336,7979.020979020979
1750615674,1,GET,/product/2ZYFJ3GM2N,1.500000,0.000000,37,38,40,40,41,47,47,47,47,47,47,431,0,38,44.89507176629711,28.33826298592612,293.10180502943695,7974.505800464037
1750615674,1,GET,/product/66VCHSJNUP,3.100000,0.000000,37,39,39,39,40,40,43,43,43,43,43,381,0,39,47.51738603944888,30.157680972479284,495.779535965994,7940.845144356956
1750615674,1,GET,/product/6E92ZMYYFZ,2.100000,0.000000,37,38,40,41,44,44,44,44,44,44,44,423,0,39,45.89400019336505,30.15046496875584,173.24102099519223,7929.879432624113
1750615674,1,GET,/product/9SIQT8TOJO,1.600000,0.000000,38,39,40,41,41,45,45,45,45,45,45,429,0,39,45.92128170750241,30.659020005259663,222.74189302697778,7980.428904428904
1750615674,1,GET,/product/L9ECAV7KIM,1.700000,0.000000,37,38,39,40,40,44,44,44,44,44,44,428,0,39,46.233412674078764,31.020343012642115,178.531433979515,7947.658878504673
1750615674,1,GET,/product/LS4PSXUNUM,1.600000,0.000000,38,38,41,42,44,50,50,50,50,50,50,440,0,38,44.42327210602922,30.718712019734085,219.1432780236937,7947.0
1750615674,1,GET,/product/OLJCESPC7Z,3.700000,0.000000,38,38,39,39,41,47,50,50,50,50,50,419,0,38,43.87707785266476,30.94358800444752,187.29651300236583,7979.954653937947
1750615674,1,,Aggregated,20.300000,0.000000,37,39,39,40,42,45,51,53,180,180,180,3798,0,38,45.78807634634852,28.33826298592612,495.779535965994,7960.227224855187
1750615675,1,GET,/,0.000000,0.000000,0,0,0,0,0,0,0,0,0,0,0,1,0,158.03705103462562,158.03705103462562,158.03705103462562,158.03705103462562,10499.0
1750615675,1,GET,/product/0PUK6V6EV0,2.800000,0.000000,37,38,39,39,39,51,180,180,180,180,180,418,0,38,46.01185567580658,30.267167021520436,227.66945703187957,7954.7655502392345
1750615675,1,GET,/product/1YMWWN1N4O,2.100000,0.000000,39,40,41,42,44,51,53,53,53,53,53,435,0,39,47.096201967469405,31.392459000926465,173.2590430183336,7978.970114942529
1750615675,1,GET,/product/2ZYFJ3GM2N,1.700000,0.000000,38,39,40,40,41,47,47,47,47,47,47,433,0,38,44.868614880435864,28.33826298592612,293.10180502943695,7974.503464203233
1750615675,1,GET,/product/66VCHSJNUP,3.000000,0.000000,37,38,39,39,40,40,43,43,43,43,43,384,0,39,47.42498921101893,30.157680972479284,495.779535965994,7940.890625
1750615675,1,GET,/product/6E92ZMYYFZ,2.300000,0.000000,37,38,40,41,44,44,44,44,44,44,44,426,0,39,45.82179043381344,30.15046496875584,173.24102099519223,7929.854460093897
1750615675,1,GET,/product/9SIQT8TOJO,1.800000,0.000000,38,39,40,40,41,41,45,45,45,45,45,432,0,39,45.86339564694855,30.659020005259663,222.74189302697778,7980.4537037037035
1750615675,1,GET,/product/L9ECAV7KIM,1.600000,0.000000,38,38,40,40,44,44,44,44,44,44,44,429,0,39,46.204244159623364,31.020343012642115,178.531433979515,7947.72027972028
1750615675,1,GET,/product/LS4PSXUNUM,1.700000,0.000000,38,38,39,41,43,44,50,50,50,50,50,442,0,38,44.3936791463241,30.718712019734085,219.1432780236937,7946.954751131222
1750615675,1,GET,/product/OLJCESPC7Z,3.300000,0.000000,38,39,39,40,45,47,50,50,50,50,50,419,0,38,43.87707785266476,30.94358800444752,187.29651300236583,7979.954653937947
1750615675,1,,Aggregated,20.300000,0.000000,38,39,40,40,42,45,51,53,180,180,180,3819,0,38,45.73928747612921,28.33826298592612,495.779535965994,7960.226760932182
1750615676,1,GET,/,0.000000,0.000000,0,0,0,0,0,0,0,0,0,0,0,1,0,158.03705103462562,158.03705103462562,158.03705103462562,158.03705103462562,10499.0
1750615676,1,GET,/product/0PUK6V6EV0,2.800000,0.000000,37,38,39,39,39,39,180,180,180,180,180,420,0,38,45.96860342994443,30.267167021520436,227.66945703187957,7954.814285714286
1750615676,1,GET,/product/1YMWWN1N4O,2.400000,0.000000,39,40,41,42,43,44,53,53,53,53,53,437,0,39,47.068181496302145,31.392459000926465,173.2590430183336,7978.906178489702
1750615676,1,GET,/product/2ZYFJ3GM2N,1.600000,0.000000,38,40,40,41,41,47,47,47,47,47,47,435,0,38,44.819518956810704,28.33826298592612,293.10180502943695,7974.533333333334
1750615676,1,GET,/product/66VCHSJNUP,2.800000,0.000000,36,39,39,39,40,43,46,46,46,46,46,389,0,39,47.30737511820344,30.157680972479284,495.779535965994,7940.79177377892
1750615676,1,GET,/product/6E92ZMYYFZ,2.300000,0.000000,37,38,39,40,41,44,44,44,44,44,44,427,0,39,45.79927248905349,30.15046496875584,173.24102099519223,7929.810304449648
1750615676,1,GET,/product/9SIQT8TOJO,1.800000,0.000000,39,40,41,41,41,42,45,45,45,45,45,434,0,39,45.84276974539183,30.659020005259663,222.74189302697778,7980.557603686636
1750615676,1,GET,/product/L9ECAV7KIM,1.400000,0.000000,37,38,38,40,44,44,44,44,44,44,44,430,0,39,46.177252105756686,31.020343012642115,178.531433979515,7947.655813953488
1750615676,1,GET,/product/LS4PSXUNUM,2.000000,0.000000,38,38,40,41,43,44,50,50,50,50,50,445,0,38,44.34385311402632,30.718712019734085,219.1432780236937,7946.923595505618
1750615676,1,GET,/product/OLJCESPC7Z,3.400000,0.000000,38,39,40,41,47,48,50,50,50,50,50,422,0,38,43.84073168323464,30.94358800444752,187.29651300236583,7979.947867298578
1750615676,1,,Aggregated,20.500000,0.000000,38,39,40,40,42,45,50,53,180,180,180,3840,0,38,45.69655695483258,28.33826298592612,495.779535965994,7960.20703125
1750615677,1,GET,/,0.000000,0.000000,0,0,0,0,0,0,0,0,0,0,0,1,0,158.03705103462562,158.03705103462562,158.03705103462562,158.03705103462562,10499.0
1750615677,1,GET,/product/0PUK6V6EV0,2.700000,0.000000,37,38,39,39,39,42,180,180,180,180,180,422,0,38,45.925971698120755,30.267167021520436,227.66945703187957,7954.824644549763
1750615677,1,GET,/product/1YMWWN1N4O,2.300000,0.000000,40,40,42,42,44,53,98,98,98,98,98,439,0,39,47.16715222059649,31.392459000926465,173.2590430183336,7978.9066059225515
1750615677,1,GET,/product/2ZYFJ3GM2N,1.500000,0.000000,38,40,41,41,59,110,110,110,110,110,110,438,0,38,44.96861050943589,28.33826298592612,293.10180502943695,7974.479452054795
1750615677,1,GET,/product/66VCHSJNUP,2.700000,0.000000,37,39,39,40,40,43,46,46,46,46,46,390,0,39,47.27898348967592,30.157680972479284,495.779535965994,7940.733333333334
1750615677,1,GET,/product/6E92ZMYYFZ,2.100000,0.000000,37,38,38,39,41,44,44,44,44,44,44,429,0,39,45.757266309650696,30.15046496875584,173.24102099519223,7929.815850815851
1750615677,1,GET,/product/9SIQT8TOJO,2.300000,0.000000,39,40,41,41,42,43,45,45,45,45,45,437,0,39,45.80388595315455,30.659020005259663,222.74189302697778,7980.576659038901
1750615677,1,GET,/product/L9ECAV7KIM,1.600000,0.000000,38,38,40,40,43,43,43,43,43,43,43,432,0,39,46.155181306622346,31.020343012642115,178.531433979515,7947.666666666667
1750615677,1,GET,/product/LS4PSXUNUM,2.000000,0.000000,38,39,41,42,44,50,50,50,50,50,50,445,0,38,44.34385311402632,30.718712019734085,219.1432780236937,7946.923595505618
1750615677,1,GET,/product/OLJCESPC7Z,3.200000,0.000000,38,39,39,40,45,48,50,50,50,50,50,424,0,38,43.815449255662486,30.94358800444752,187.29651300236583,7980.042452830188
1750615677,1,,Aggregated,20.400000,0.000000,38,39,40,40,43,46,59,110,180,180,180,3857,0,38,45.702929932476565,28.33826298592612,495.779535965994,7960.2273787918075
1750615678,1,GET,/,0.000000,0.000000,0,0,0,0,0,0,0,0,0,0,0,1,0,158.03705103462562,158.03705103462562,158.03705103462562,158.03705103462562,10499.0
1750615678,1,GET,/product/0PUK6V6EV0,2.700000,0.000000,37,38,39,39,42,42,180,180,180,180,180,424,0,38,45.89647950617188,30.267167021520436,227.66945703187957,7954.91037735849
1750615678,1,GET,/product/1YMWWN1N4O,2.700000,0.000000,40,40,42,42,44,53,98,98,98,98,98,440,0,39,47.14071673145306,31.392459000926465,173.2590430183336,7978.945454545455
1750615678,1,GET,/product/2ZYFJ3GM2N,1.700000,0.000000,39,40,41,41,59,110,110,110,110,110,110,439,0,38,44.95767317115645,28.33826298592612,293.10180502943695,7974.441913439636
1750615678,1,GET,/product/66VCHSJNUP,2.900000,0.000000,37,39,39,40,42,43,46,46,46,46,46,392,0,39,47.23728097956248,30.157680972479284,495.779535965994,7940.780612244898
1750615678,1,GET,/product/6E92ZMYYFZ,2.400000,0.000000,37,38,39,40,41,44,44,44,44,44,44,432,0,39,45.70929171488927,30.15046496875584,173.24102099519223,7929.865740740741
1750615678,1,GET,/product/9SIQT8TOJO,2.200000,0.000000,39,41,41,41,43,45,46,46,46,46,46,443,0,39,45.70436889279957,30.659020005259663,222.74189302697778,7980.510158013544
1750615678,1,GET,/product/L9ECAV7KIM,1.000000,0.000000,38,38,40,40,40,43,43,43,43,43,43,433,0,39,46.136351398248266,31.020343012642115,178.531433979515,7947.699769053118
1750615678,1,GET,/product/LS4PSXUNUM,2.000000,0.000000,38,39,40,41,43,44,50,50,50,50,50,448,0,38,44.293793716081254,30.718712019734085,219.1432780236937,7946.821428571428
1750615678,1,GET,/product/OLJCESPC7Z,2.800000,0.000000,38,39,40,40,45,48,50,50,50,50,50,426,0,38,43.78879516294768,30.94358800444752,187.29651300236583,7980.079812206573
1750615678,1,,Aggregated,20.400000,0.000000,38,39,40,41,43,46,59,110,180,180,180,3878,0,38,45.66313262238809,28.33826298592612,495.779535965994,7960.235946364105
1750615679,1,GET,/,0.000000,0.000000,0,0,0,0,0,0,0,0,0,0,0,1,0,158.03705103462562,158.03705103462562,158.03705103462562,158.03705103462562,10499.0
1750615679,1,GET,/product/0PUK6V6EV0,2.500000,0.000000,36,38,39,39,42,42,48,48,48,48,48,428,0,38,45.818536020119055,30.267167021520436,227.66945703187957,7954.845794392523
1750615679,1,GET,/product/1YMWWN1N4O,2.500000,0.000000,40,41,42,42,44,53,98,98,98,98,98,442,0,39,47.09950359461816,31.392459000926465,173.2590430183336,7978.846153846154
1750615679,1,GET,/product/2ZYFJ3GM2N,1.500000,0.000000,39,41,41,43,59,110,110,110,110,110,110,442,0,38,44.91782823116076,28.33826298592612,293.10180502943695,7974.533936651584
1750615679,1,GET,/product/66VCHSJNUP,3.200000,0.000000,37,39,39,40,41,42,46,46,46,46,46,394,0,39,47.19840375122113,30.157680972479284,495.779535965994,7940.903553299492
1750615679,1,GET,/product/6E92ZMYYFZ,2.300000,0.000000,37,39,40,40,44,44,45,45,45,45,45,435,0,39,45.67378399045282,30.15046496875584,173.24102099519223,7929.859770114943
1750615679,1,GET,/product/9SIQT8TOJO,2.400000,0.000000,39,41,41,41,43,45,46,46,46,46,46,445,0,39,45.67414012690483,30.659020005259663,222.74189302697778,7980.539325842697
1750615679,1,GET,/product/L9ECAV7KIM,1.100000,0.000000,38,38,40,40,40,43,43,43,43,43,43,435,0,39,46.09577589060833,31.020343012642115,178.531433979515,7947.687356321839
1750615679,1,GET,/product/LS4PSXUNUM,2.200000,0.000000,38,39,40,41,43,44,50,50,50,50,50,448,0,38,44.293793716081254,30.718712019734085,219.1432780236937,7946.821428571428
1750615679,1,GET,/product/OLJCESPC7Z,2.600000,0.000000,38,39,41,45,50,53,53,53,53,53,53,428,0,38,43.7883464331199,30.94358800444752,187.29651300236583,7980.084112149532
1750615679,1,,Aggregated,20.300000,0.000000,38,39,40,41,43,47,53,98,110,110,110,3898,0,38,45.63006284646869,28.33826298592612,495.779535965994,7960.238070805542
1750615680,1,GET,/,0.000000,0.000000,0,0,0,0,0,0,0,0,0,0,0,1,0,158.03705103462562,158.03705103462562,158.03705103462562,158.03705103462562,10499.0
1750615680,1,GET,/product/0PUK6V6EV0,2.500000,0.000000,37,38,39,39,42,42,48,48,48,48,48,435,0,38,45.695745943906324,30.267167021520436,227.66945703187957,7954.781609195402
1750615680,1,GET,/product/1YMWWN1N4O,2.500000,0.000000,38,40,42,42,44,53,98,98,98,98,98,444,0,39,47.046346654947676,31.392459000926465,173.2590430183336,7978.7972972972975
1750615680,1,GET,/product/2ZYFJ3GM2N,1.600000,0.000000,39,41,41,43,59,110,110,110,110,110,110,442,0,38,44.91782823116076,28.33826298592612,293.10180502943695,7974.533936651584
1750615680,1,GET,/product/66VCHSJNUP,2.700000,0.000000,37,39,39,40,41,42,46,46,46,46,46,397,0,39,47.132627984863106,30.157680972479284,495.779535965994,7940.982367758186
1750615680,1,GET,/product/6E92ZMYYFZ,2.200000,0.000000,37,39,40,40,44,44,45,45,45,45,45,436,0,39,45.65224676113149,30.15046496875584,173.24102099519223,7929.876146788991
1750615680,1,GET,/product/9SIQT8TOJO,2.700000,0.000000,39,41,41,41,42,45,46,46,46,46,46,447,0,39,45.64840594953514,30.659020005259663,222.74189302697778,7980.5503355704695
1750615680,1,GET,/product/L9ECAV7KIM,1.100000,0.000000,37,38,38,40,40,43,43,43,43,43,43,439,0,38,45.9927688596732,31.020343012642115,178.531433979515,7947.571753986333
1750615680,1,GET,/product/LS4PSXUNUM,2.200000,0.000000,38,39,39,40,43,44,50,50,50,50,50,450,0,38,44.264453788443156,30.718712019734085,219.1432780236937,7946.822222222222
1750615680,1,GET,/product/OLJCESPC7Z,2.500000,0.000000,38,40,41,45,50,53,53,53,53,53,53,428,0,38,43.7883464331199,30.94358800444752,187.29651300236583,7980.084112149532
1750615680,1,,Aggregated,20.000000,0.000000,38,39,40,41,43,47,53,98,110,110,110,3919,0,38,45.58562309121234,28.33826298592612,495.779535965994,7960.191630517989
1750615681,1,GET,/,0.000000,0.000000,0,0,0,0,0,0,0,0,0,0,0,1,0,158.03705103462562,158.03705103462562,158.03705103462562,158.03705103462562,10499.0
1750615681,1,GET,/product/0PUK6V6EV0,2.600000,0.000000,38,39,39,39,42,42,48,48,48,48,48,437,0,38,45.66087487334326,30.267167021520436,227.66945703187957,7954.819221967963
1750615681,1,GET,/product/1YMWWN1N4O,2.400000,0.000000,40,41,42,42,44,47,98,98,98,98,98,450,0,39,46.963465088435136,31.392459000926465,173.2590430183336,7978.568888888889
1750615681,1,GET,/product/2ZYFJ3GM2N,1.700000,0.000000,40,41,43,47,59,110,110,110,110,110,110,442,0,38,44.91782823116076,28.33826298592612,293.10180502943695,7974.533936651584
1750615681,1,GET,/product/66VCHSJNUP,2.500000,0.000000,37,39,39,41,44,46,46,46,46,46,46,398,0,39,47.12544189694094,30.157680972479284,495.779535965994,7940.974874371859
1750615681,1,GET,/product/6E92ZMYYFZ,2.400000,0.000000,38,39,40,43,44,45,48,48,48,48,48,438,0,39,45.6531228785739,30.15046496875584,173.24102099519223,7929.817351598173
1750615681,1,GET,/product/9SIQT8TOJO,2.900000,0.000000,38,39,41,41,42,43,46,46,46,46,46,452,0,39,45.55340356513368,30.659020005259663,222.74189302697778,7980.597345132744
1750615681,1,GET,/product/L9ECAV7KIM,1.100000,0.000000,37,38,38,39,40,43,43,43,43,43,43,442,0,38,45.93674258705085,31.020343012642115,178.531433979515,7947.5158371040725
1750615681,1,GET,/product/LS4PSXUNUM,2.100000,0.000000,38,39,40,42,44,50,50,50,50,50,50,450,0,38,44.264453788443156,30.718712019734085,219.1432780236937,7946.822222222222
1750615681,1,GET,/product/OLJCESPC7Z,2.300000,0.000000,38,39,45,48,50,53,53,53,53,53,53,429,0,38,43.79205435290846,30.94358800444752,187.29651300236583,7980.1095571095575
1750615681,1,,Aggregated,20.000000,0.000000,38,39,40,41,44,47,53,98,110,110,110,3939,0,38,45.55751373230932,28.33826298592612,495.779535965994,7960.190911398832
1750615682,1,GET,/,0.000000,0.000000,0,0,0,0,0,0,0,0,0,0,0,1,0,158.03705103462562,158.03705103462562,158.03705103462562,158.03705103462562,10499.0
1750615682,1,GET,/product/0PUK6V6EV0,2.600000,0.000000,37,38,39,39,42,42,48,48,48,48,48,439,0,38,45.614293142665254,30.267167021520436,227.66945703187957,7954.7699316628705
1750615682,1,GET,/product/1YMWWN1N4O,2.500000,0.000000,38,40,42,42,44,47,98,98,98,98,98,452,0,39,46.91640440883543,31.392459000926465,173.2590430183336,7978.579646017699
1750615682,1,GET,/product/2ZYFJ3GM2N,1.700000,0.000000,38,40,41,43,59,110,110,110,110,110,110,445,0,38,44.87001883412785,28.33826298592612,293.10180502943695,7974.507865168539
1750615682,1,GET,/product/66VCHSJNUP,2.400000,0.000000,37,39,39,41,44,46,46,46,46,46,46,400,0,39,47.070895702490816,30.157680972479284,495.779535965994,7940.945
1750615682,1,GET,/product/6E92ZMYYFZ,2.300000,0.000000,37,40,40,43,44,45,48,48,48,48,48,442,0,39,45.56936339769677,30.15046496875584,173.24102099519223,7929.7692307692305
1750615682,1,GET,/product/9SIQT8TOJO,3.100000,0.000000,38,40,41,42,42,43,46,46,46,46,46,454,0,39,45.532454351129395,30.659020005259663,222.74189302697778,7980.550660792952
1750615682,1,GET,/product/L9ECAV7KIM,1.300000,0.000000,37,38,38,39,40,43,43,43,43,43,43,445,0,38,45.86396703700629,31.020343012642115,178.531433979515,7947.591011235955
1750615682,1,GET,/product/LS4PSXUNUM,2.300000,0.000000,38,39,40,42,44,50,50,50,50,50,50,451,0,38,44.2485885428494,30.718712019734085,219.1432780236937,7946.8137472283815
1750615682,1,GET,/product/OLJCESPC7Z,2.000000,0.000000,38,39,40,45,48,53,53,53,53,53,53,431,0,38,43.7686156436667,30.94358800444752,187.29651300236583,7980.141531322506
1750615682,1,,Aggregated,20.200000,0.000000,38,39,40,41,43,46,53,98,110,110,110,3960,0,38,45.5120424746337,28.33826298592612,495.779535965994,7960.165404040404
1750615683,1,GET,/,0.000000,0.000000,0,0,0,0,0,0,0,0,0,0,0,1,0,158.03705103462562,158.03705103462562,158.03705103462562,158.03705103462562,10499.0
1750615683,1,GET,/product/0PUK6V6EV0,2.700000,0.000000,38,39,39,41,42,42,48,48,48,48,48,444,0,38,45.53521203303496,30.267167021520436,227.66945703187957,7954.756756756757
1750615683,1,GET,/product/1YMWWN1N4O,2.500000,0.000000,38,40,41,42,44,47,98,98,98,98,98,453,0,39,46.90033735933037,31.392459000926465,173.2590430183336,7978.503311258278
1750615683,1,GET,/product/2ZYFJ3GM2N,1.400000,0.000000,39,40,43,44,59,110,110,110,110,110,110,449,0,38,44.824585741964526,28.33826298592612,293.10180502943695,7974.45434298441
1750615683,1,GET,/product/66VCHSJNUP,2.600000,0.000000,37,39,39,41,44,46,46,46,46,46,46,401,0,39,47.04209420443315,30.157680972479284,495.779535965994,7940.937655860349
1750615683,1,GET,/product/6E92ZMYYFZ,2.300000,0.000000,38,40,40,43,44,45,48,48,48,48,48,443,0,39,45.55177287530768,30.15046496875584,173.24102099519223,7929.785553047404
1750615683,1,GET,/product/9SIQT8TOJO,3.100000,0.000000,38,41,41,42,43,46,85,85,85,85,85,460,0,39,45.545685511720166,30.659020005259663,222.74189302697778,7980.569565217392
1750615683,1,GET,/product/L9ECAV7KIM,1.600000,0.000000,37,38,39,40,43,43,43,43,43,43,43,446,0,38,45.85852808850993,31.020343012642115,178.531433979515,7947.654708520179
1750615683,1,GET,/product/LS4PSXUNUM,2.200000,0.000000,37,39,39,39,40,43,43,43,43,43,43,452,0,38,44.22581576511977,30.718712019734085,219.1432780236937,7946.849557522124
1750615683,1,GET,/product/OLJCESPC7Z,1.700000,0.000000,38,39,40,45,48,53,53,53,53,53,53,431,0,38,43.7686156436667,30.94358800444752,187.29651300236583,7980.141531322506
1750615683,1,,Aggregated,20.100000,0.000000,38,39,40,41,43,47,59,98,110,110,110,3980,0,38,45.489783695095745,28.33826298592612,495.779535965994,7960.187688442211
1750615684,1,GET,/,0.000000,0.000000,0,0,0,0,0,0,0,0,0,0,0,1,0,158.03705103462562,158.03705103462562,158.03705103462562,158.03705103462562,10499.0
1750615684,1,GET,/product/0PUK6V6EV0,2.400000,0.000000,38,39,40,41,42,42,48,48,48,48,48,445,0,38,45.5223591386058,30.267167021520436,227.66945703187957,7954.78202247191
1750615684,1,GET,/product/1YMWWN1N4O,3.000000,0.000000,38,41,42,42,44,47,98,98,98,98,98,454,0,39,46.877729539151225,31.392459000926465,173.2590430183336,7978.550660792952
1750615684,1,GET,/product/2ZYFJ3GM2N,1.500000,0.000000,39,40,43,44,59,110,110,110,110,110,110,452,0,38,44.78974698023331,28.33826298592612,293.10180502943695,7974.376106194691
1750615684,1,GET,/product/66VCHSJNUP,2.000000,0.000000,38,39,39,40,42,44,46,46,46,46,46,404,0,39,46.97942302466052,30.157680972479284,495.779535965994,7940.970297029703
1750615684,1,GET,/product/6E92ZMYYFZ,2.500000,0.000000,37,39,40,40,45,48,48,48,48,48,48,443,0,39,45.55177287530768,30.15046496875584,173.24102099519223,7929.785553047404
1750615684,1,GET,/product/9SIQT8TOJO,3.500000,0.000000,39,41,42,42,43,46,85,85,85,85,85,464,0,39,45.49268952453939,30.659020005259663,222.74189302697778,7980.577586206897
1750615684,1,GET,/product/L9ECAV7KIM,1.600000,0.000000,37,38,39,40,43,43,43,43,43,43,43,447,0,38,45.83563144845884,31.020343012642115,178.531433979515,7947.731543624161
1750615684,1,GET,/product/LS4PSXUNUM,1.900000,0.000000,37,38,39,39,40,44,44,44,44,44,44,457,0,38,44.16919273058873,30.718712019734085,219.1432780236937,7946.81181619256
1750615684,1,GET,/product/OLJCESPC7Z,1.700000,0.000000,39,39,40,45,48,53,53,53,53,53,53,433,0,38,43.73432177924992,30.94358800444752,187.29651300236583,7980.062355658199
1750615684,1,,Aggregated,20.100000,0.000000,38,39,40,41,43,47,59,98,110,110,110,4000,0,38,45.45537040110503,28.33826298592612,495.779535965994,7960.197
1750615685,1,GET,/,0.000000,0.000000,0,0,0,0,0,0,0,0,0,0,0,1,0,158.03705103462562,158.03705103462562,158.03705103462562,158.03705103462562,10499.0
1750615685,1,GET,/product/0PUK6V6EV0,2.400000,0.000000,38,39,41,41,42,47,48,48,48,48,48,451,0,38,45.426918691237915,30.267167021520436,227.66945703187957,7954.953436807095
1750615685,1,GET,/product/1YMWWN1N4O,2.900000,0.000000,37,40,41,42,43,47,98,98,98,98,98,459,0,39,46.74178629559171,31.392459000926465,173.2590430183336,7978.535947712418
1750615685,1,GET,/product/2ZYFJ3GM2N,1.500000,0.000000,39,40,43,44,59,110,110,110,110,110,110,454,0,38,44.752254925456946,28.33826298592612,293.10180502943695,7974.290748898678
1750615685,1,GET,/product/66VCHSJNUP,2.100000,0.000000,37,39,39,40,42,44,46,46,46,46,46,406,0,39,46.92360673147355,30.157680972479284,495.779535965994,7941.029556650246
1750615685,1,GET,/product/6E92ZMYYFZ,2.500000,0.000000,38,39,40,40,45,48,48,48,48,48,48,445,0,39,45.49949089839552,30.15046496875584,173.24102099519223,7929.81797752809
1750615685,1,GET,/product/9SIQT8TOJO,3.400000,0.000000,39,41,42,42,43,46,85,85,85,85,85,464,0,39,45.49268952453939,30.659020005259663,222.74189302697778,7980.577586206897
1750615685,1,GET,/product/L9ECAV7KIM,1.900000,0.000000,37,38,38,39,40,43,43,43,43,43,43,450,0,38,45.777861674238615,31.020343012642115,178.531433979515,7947.693333333334
1750615685,1,GET,/product/LS4PSXUNUM,1.900000,0.000000,37,38,39,40,40,44,44,44,44,44,44,458,0,38,44.150714471470565,30.718712019734085,219.1432780236937,7946.8340611353715
1750615685,1,GET,/product/OLJCESPC7Z,1.500000,0.000000,39,39,40,45,48,53,53,53,53,53,53,434,0,38,43.71571867372133,30.94358800444752,187.29651300236583,7980.096774193548
1750615685,1,,Aggregated,20.100000,0.000000,38,39,40,41,43,47,59,98,110,110,110,4022,0,38,45.40480697028927,28.33826298592612,495.779535965994,7960.205867727499
1750615686,1,GET,/,0.000000,0.000000,0,0,0,0,0,0,0,0,0,0,0,1,0,158.03705103462562,158.03705103462562,158.03705103462562,158.03705103462562,10499.0
1750615686,1,GET,/product/0PUK6V6EV0,3.000000,0.000000,38,39,41,41,42,48,60,60,60,60,60,452,0,38,45.460027070129826,30.267167021520436,227.66945703187957,7954.977876106194
1750615686,1,GET,/product/1YMWWN1N4O,2.600000,0.000000,38,40,42,43,47,77,98,98,98,98,98,461,0,39,46.799433480876495,31.392459000926465,173.2590430183336,7978.48590021692
1750615686,1,GET,/product/2ZYFJ3GM2N,1.900000,0.000000,39,42,44,44,59,110,110,110,110,110,110,456,0,38,44.72044350034578,28.33826298592612,293.10180502943695,7974.337719298245
1750615686,1,GET,/product/66VCHSJNUP,2.100000,0.000000,39,39,41,42,44,270,270,270,270,270,270,408,0,39,47.47375739936936,30.157680972479284,495.779535965994,7940.985294117647
1750615686,1,GET,/product/6E92ZMYYFZ,2.200000,0.000000,37,39,40,40,45,48,48,48,48,48,48,447,0,38,45.44852462819084,30.15046496875584,173.24102099519223,7929.796420581655
1750615686,1,GET,/product/9SIQT8TOJO,3.600000,0.000000,38,41,41,42,43,46,85,85,85,85,85,464,0,39,45.49268952453939,30.659020005259663,222.74189302697778,7980.577586206897
1750615686,1,GET,/product/L9ECAV7KIM,2.000000,0.000000,37,38,39,40,41,43,43,43,43,43,43,451,0,38,45.7661749898072,31.020343012642115,178.531433979515,7947.702882483371
1750615686,1,GET,/product/LS4PSXUNUM,1.400000,0.000000,37,38,39,40,44,140,140,140,140,140,140,460,0,38,44.3437806932944,30.718712019734085,219.1432780236937,7946.891304347826
1750615686,1,GET,/product/OLJCESPC7Z,1.300000,0.000000,39,39,40,45,48,53,53,53,53,53,53,434,0,38,43.71571867372133,30.94358800444752,187.29651300236583,7980.096774193548
1750615686,1,,Aggregated,20.100000,0.000000,38,39,41,42,44,48,98,140,270,270,270,4034,0,38,45.48282790491295,28.33826298592612,495.779535965994,7960.189390183441
1750615687,1,GET,/,0.000000,0.000000,0,0,0,0,0,0,0,0,0,0,0,1,0,158.03705103462562,158.03705103462562,158.03705103462562,158.03705103462562,10499.0
1750615687,1,GET,/product/0PUK6V6EV0,3.200000,0.000000,38,39,41,42,48,60,130,130,130,130,130,453,0,38,45.65278654026328,30.267167021520436,227.66945703187957,7954.922737306843
1750615687,1,GET,/product/1YMWWN1N4O,2.400000,0.000000,37,40,41,42,43,47,77,77,77,77,77,461,0,39,46.799433480876495,31.392459000926465,173.2590430183336,7978.48590021692
1750615687,1,GET,/product/2ZYFJ3GM2N,2.000000,0.000000,39,40,43,44,47,130,130,130,130,130,130,457,0,38,44.90372877266397,28.33826298592612,293.10180502943695,7974.36761487965
1750615687,1,GET,/product/66VCHSJNUP,2.300000,0.000000,39,39,41,42,44,270,270,270,270,270,270,408,0,39,47.47375739936936,30.157680972479284,495.779535965994,7940.985294117647
1750615687,1,GET,/product/6E92ZMYYFZ,2.100000,0.000000,37,39,40,40,45,48,48,48,48,48,48,448,0,38,45.42962234998932,30.15046496875584,173.24102099519223,7929.794642857143
1750615687,1,GET,/product/9SIQT8TOJO,3.200000,0.000000,38,41,41,42,43,70,85,85,85,85,85,465,0,39,45.54504537717089,30.659020005259663,222.74189302697778,7980.572043010753
1750615687,1,GET,/product/L9ECAV7KIM,1.900000,0.000000,37,38,38,39,41,43,43,43,43,43,43,452,0,38,45.74889665125948,31.020343012642115,178.531433979515,7947.787610619469
1750615687,1,GET,/product/LS4PSXUNUM,1.600000,0.000000,37,38,39,40,44,140,140,140,140,140,140,460,0,38,44.3437806932944,30.718712019734085,219.1432780236937,7946.891304347826
1750615687,1,GET,/product/OLJCESPC7Z,1.400000,0.000000,39,39,45,53,180,270,270,270,270,270,270,437,0,38,44.530349460859874,30.94358800444752,270.5894109676592,7980.212814645309
1750615687,1,,Aggregated,20.100000,0.000000,38,39,41,42,45,70,140,270,270,270,270,4042,0,38,45.61378161538056,28.33826298592612,495.779535965994,7960.219198416626
1750615688,1,GET,/,0.000000,0.000000,0,0,0,0,0,0,0,0,0,0,0,1,0,158.03705103462562,158.03705103462562,158.03705103462562,158.03705103462562,10499.0
1750615688,1,GET,/product/0PUK6V6EV0,3.200000,0.000000,38,40,42,42,130,160,260,260,260,260,260,455,0,38,46.37317163242887,30.267167021520436,260.68762701470405,7954.9098901098905
1750615688,1,GET,/product/1YMWWN1N4O,2.400000,0.000000,38,41,43,43,47,77,120,120,120,120,120,463,0,39,46.952420811432354,31.392459000926465,173.2590430183336,7978.470842332614
1750615688,1,GET,/product/2ZYFJ3GM2N,2.100000,0.000000,39,42,43,44,47,130,130,130,130,130,130,457,0,38,44.90372877266397,28.33826298592612,293.10180502943695,7974.36761487965
1750615688,1,GET,/product/66VCHSJNUP,2.200000,0.000000,39,40,41,44,130,270,270,270,270,270,270,409,0,39,47.68261321265852,30.157680972479284,495.779535965994,7941.051344743276
1750615688,1,GET,/product/6E92ZMYYFZ,2.000000,0.000000,37,40,43,43,48,140,140,140,140,140,140,449,0,38,45.64107641386374,30.15046496875584,173.24102099519223,7929.819599109132
1750615688,1,GET,/product/9SIQT8TOJO,3.100000,0.000000,39,41,42,42,43,70,85,85,85,85,85,466,0,39,45.530376833455854,30.659020005259663,222.74189302697778,7980.515021459228
1750615688,1,GET,/product/L9ECAV7KIM,2.100000,0.000000,37,38,38,39,41,43,43,43,43,43,43,452,0,38,45.74889665125948,31.020343012642115,178.531433979515,7947.787610619469
1750615688,1,GET,/product/LS4PSXUNUM,1.600000,0.000000,37,38,39,40,44,140,140,140,140,140,140,461,0,38,44.32437130994489,30.718712019734085,219.1432780236937,7946.852494577007
1750615688,1,GET,/product/OLJCESPC7Z,1.400000,0.000000,39,45,53,180,270,270,270,270,270,270,270,437,0,38,44.530349460859874,30.94358800444752,270.5894109676592,7980.212814645309
1750615688,1,,Aggregated,20.100000,0.000000,38,40,42,43,48,130,180,270,270,270,270,4050,0,38,45.75352886948953,28.33826298592612,495.779535965994,7960.210370370371
1750615689,1,GET,/,0.000000,0.000000,0,0,0,0,0,0,0,0,0,0,0,1,0,158.03705103462562,158.03705103462562,158.03705103462562,158.03705103462562,10499.0
1750615689,1,GET,/product/0PUK6V6EV0,3.100000,0.000000,38,40,42,42,130,160,260,260,260,260,260,458,0,38,46.30881806062311,30.267167021520436,260.68762701470405,7954.951965065502
1750615689,1,GET,/product/1YMWWN1N4O,2.400000,0.000000,38,41,43,43,47,77,120,120,120,120,120,466,0,39,46.8866122762129,31.392459000926465,173.2590430183336,7978.394849785408
1750615689,1,GET,/product/2ZYFJ3GM2N,2.100000,0.000000,39,42,44,44,130,140,140,140,140,140,140,458,0,38,45.11816390191701,28.33826298592612,293.10180502943695,7974.318777292577
1750615689,1,GET,/product/66VCHSJNUP,1.800000,0.000000,39,39,44,44,130,270,270,270,270,270,270,409,0,39,47.68261321265852,30.157680972479284,495.779535965994,7941.051344743276
1750615689,1,GET,/product/6E92ZMYYFZ,1.900000,0.000000,36,37,38,40,48,140,140,140,140,140,140,453,0,38,45.555991566895194,30.15046496875584,173.24102099519223,7930.0154525386315
1750615689,1,GET,/product/9SIQT8TOJO,2.900000,0.000000,39,41,42,42,70,85,85,85,85,85,85,466,0,39,45.530376833455854,30.659020005259663,222.74189302697778,7980.515021459228
1750615689,1,GET,/product/L9ECAV7KIM,2.000000,0.000000,36,38,39,40,43,43,43,43,43,43,43,456,0,38,45.66671986698598,31.020343012642115,178.531433979515,7947.890350877193
1750615689,1,GET,/product/LS4PSXUNUM,1.500000,0.000000,37,38,39,40,44,140,140,140,140,140,140,462,0,38,44.30880644991167,30.718712019734085,219.1432780236937,7946.852813852814
1750615689,1,GET,/product/OLJCESPC7Z,1.000000,0.000000,39,45,46,53,180,270,270,270,270,270,270,440,0,38,44.49434471673819,30.94358800444752,270.5894109676592,7980.240909090909
1750615689,1,,Aggregated,18.700000,0.000000,38,39,42,43,48,130,180,270,270,270,270,4069,0,38,45.73830651593367,28.33826298592612,495.779535965994,7960.219710002458
1750615690,1,GET,/,0.000000,0.000000,0,0,0,0,0,0,0,0,0,0,0,1,0,158.03705103462562,158.03705103462562,158.03705103462562,158.03705103462562,10499.0
1750615690,1,GET,/product/0PUK6V6EV0,3.100000,0.000000,38,41,42,47,130,160,260,260,260,260,260,458,0,38,46.30881806062311,30.267167021520436,260.68762701470405,7954.951965065502
1750615690,1,GET,/product/1YMWWN1N4O,2.200000,0.000000,37,40,41,43,43,77,120,120,120,120,120,467,0,39,46.857963087175804,31.392459000926465,173.2590430183336,7978.44539614561
1750615690,1,GET,/product/2ZYFJ3GM2N,1.800000,0.000000,38,41,43,44,47,130,140,140,140,140,140,463,0,38,45.03826737380235,28.33826298592612,293.10180502943695,7974.578833693305
1750615690,1,GET,/product/66VCHSJNUP,1.600000,0.000000,39,39,44,44,130,270,270,270,270,270,270,409,0,39,47.68261321265852,30.157680972479284,495.779535965994,7941.051344743276
1750615690,1,GET,/product/6E92ZMYYFZ,1.900000,0.000000,36,37,40,43,140,180,180,180,180,180,180,455,0,38,45.827250768671036,30.15046496875584,179.285533959046,7930.059340659341
1750615690,1,GET,/product/9SIQT8TOJO,2.800000,0.000000,39,41,42,43,70,85,85,85,85,85,85,468,0,39,45.53295152424039,30.659020005259663,222.74189302697778,7980.440170940171
1750615690,1,GET,/product/L9ECAV7KIM,1.900000,0.000000,37,40,41,43,46,60,60,60,60,60,60,458,0,38,45.69865287625735,31.020343012642115,178.531433979515,7947.82096069869
1750615690,1,GET,/product/LS4PSXUNUM,1.300000,0.000000,37,40,41,44,53,140,140,140,140,140,140,464,0,38,44.31899580570111,30.718712019734085,219.1432780236937,7946.857758620689
1750615690,1,GET,/product/OLJCESPC7Z,1.300000,0.000000,39,42,46,46,180,270,270,270,270,270,270,443,0,38,44.47242390597239,30.94358800444752,270.5894109676592,7980.255079006772
1750615690,1,,Aggregated,17.900000,0.000000,38,40,42,43,70,140,180,270,270,270,270,4086,0,38,45.756522848058175,28.33826298592612,495.779535965994,7960.264561918747
1750615691,1,GET,/,0.000000,0.000000,0,0,0,0,0,0,0,0,0,0,0,1,0,158.03705103462562,158.03705103462562,158.03705103462562,158.03705103462562,10499.0
1750615691,1,GET,/product/0PUK6V6EV0,2.700000,0.000000,38,41,42,47,130,160,260,260,260,260,260,460,0,38,46.269157816752106,30.267167021520436,260.68762701470405,7955.021739130435
1750615691,1,GET,/product/1YMWWN1N4O,2.300000,0.000000,37,38,43,43,77,120,120,120,120,120,120,470,0,39,46.788627878103924,31.392459000926465,173.2590430183336,7978.523404255319
1750615691,1,GET,/product/2ZYFJ3GM2N,1.800000,0.000000,38,42,44,47,52,130,140,140,140,140,140,468,0,38,45.01469962810799,28.33826298592612,293.10180502943695,7974.705128205128
1750615691,1,GET,/product/66VCHSJNUP,1.700000,0.000000,38,39,44,44,130,270,270,270,270,270,270,410,0,39,47.657953424339475,30.157680972479284,495.779535965994,7941.0048780487805
1750615691,1,GET,/product/6E92ZMYYFZ,1.800000,0.000000,36,36,37,37,140,180,180,180,180,180,180,456,0,38,45.800928111323934,30.15046496875584,179.285533959046,7930.048245614035
1750615691,1,GET,/product/9SIQT8TOJO,2.300000,0.000000,40,41,43,43,70,85,85,85,85,85,85,469,0,39,45.508789437845834,30.659020005259663,222.74189302697778,7980.388059701492
1750615691,1,GET,/product/L9ECAV7KIM,2.000000,0.000000,37,38,41,43,46,60,60,60,60,60,60,460,0,38,45.65664336804058,31.020343012642115,178.531433979515,7947.686956521739
1750615691,1,GET,/product/LS4PSXUNUM,1.300000,0.000000,37,38,40,41,53,140,140,140,140,140,140,467,0,38,44.27101018594785,30.718712019734085,219.1432780236937,7946.815845824412
1750615691,1,GET,/product/OLJCESPC7Z,1.000000,0.000000,39,42,45,46,180,270,270,270,270,270,270,445,0,38,44.44300353336096,30.94358800444752,270.5894109676592,7980.23595505618
1750615691,1,,Aggregated,16.900000,0.000000,37,40,42,43,70,140,180,270,270,270,270,4106,0,38,45.718885733798956,28.33826298592612,495.779535965994,7960.276911836337
1750615692,1,GET,/,0.000000,0.000000,0,0,0,0,0,0,0,0,0,0,0,1,0,158.03705103462562,158.03705103462562,158.03705103462562,158.03705103462562,10499.0
1750615692,1,GET,/product/0PUK6V6EV0,2.700000,0.000000,39,40,42,47,130,160,260,260,260,260,260,463,0,38,46.221367222031674,30.267167021520436,260.68762701470405,7954.911447084233
1750615692,1,GET,/product/1YMWWN1N4O,2.300000,0.000000,37,41,42,43,43,77,120,120,120,120,120,473,0,39,46.75417755748663,31.392459000926465,173.2590430183336,7978.587737843552
1750615692,1,GET,/product/2ZYFJ3GM2N,1.900000,0.000000,40,43,44,47,52,130,140,140,140,140,140,469,0,38,45.010212106508085,28.33826298592612,293.10180502943695,7974.780383795309
1750615692,1,GET,/product/66VCHSJNUP,1.500000,0.000000,39,40,44,130,270,270,270,270,270,270,270,410,0,39,47.657953424339475,30.157680972479284,495.779535965994,7941.0048780487805
1750615692,1,GET,/product/6E92ZMYYFZ,1.900000,0.000000,36,37,37,38,140,180,180,180,180,180,180,456,0,38,45.800928111323934,30.15046496875584,179.285533959046,7930.048245614035
1750615692,1,GET,/product/9SIQT8TOJO,2.100000,0.000000,39,40,42,42,56,70,70,70,70,70,70,474,0,39,45.423926228563055,30.659020005259663,222.74189302697778,7980.476793248945
1750615692,1,GET,/product/L9ECAV7KIM,2.100000,0.000000,38,40,43,43,46,60,60,60,60,60,60,461,0,38,45.643546098187656,31.020343012642115,178.531433979515,7947.770065075922
1750615692,1,GET,/product/LS4PSXUNUM,1.300000,0.000000,38,40,42,44,53,140,140,140,140,140,140,471,0,38,44.24312418438455,30.718712019734085,219.1432780236937,7946.740976645436
1750615692,1,GET,/product/OLJCESPC7Z,1.200000,0.000000,39,42,45,46,180,270,270,270,270,270,270,448,0,38,44.41644451643307,30.94358800444752,270.5894109676592,7980.196428571428
1750615692,1,,Aggregated,17.000000,0.000000,38,41,43,44,60,140,180,270,270,270,270,4126,0,38,45.690190033454236,28.33826298592612,495.779535965994,7960.32283082889
1750615693,1,GET,/,0.000000,0.000000,0,0,0,0,0,0,0,0,0,0,0,1,0,158.03705103462562,158.03705103462562,158.03705103462562,158.03705103462562,10499.0
1750615693,1,GET,/product/0PUK6V6EV0,2.400000,0.000000,38,40,47,53,130,160,260,260,260,260,260,466,0,38,46.19330763474582,30.267167021520436,260.68762701470405,7954.98712446352
1750615693,1,GET,/product/1YMWWN1N4O,2.200000,0.000000,37,41,43,43,77,120,120,120,120,120,120,473,0,39,46.75417755748663,31.392459000926465,173.2590430183336,7978.587737843552
1750615693,1,GET,/product/2ZYFJ3GM2N,2.200000,0.000000,40,43,44,51,130,140,140,140,140,140,140,470,0,38,44.993149155275304,28.33826298592612,293.10180502943695,7974.7148936170215
1750615693,1,GET,/product/66VCHSJNUP,1.100000,0.000000,43,44,67,67,130,270,270,270,270,270,270,414,0,39,47.70022495632883,30.157680972479284,495.779535965994,7940.922705314009
1750615693,1,GET,/product/6E92ZMYYFZ,1.900000,0.000000,36,37,42,42,140,180,180,180,180,180,180,459,0,38,45.78449800159084,30.15046496875584,179.285533959046,7930.023965141612
1750615693,1,GET,/product/9SIQT8TOJO,1.900000,0.000000,37,39,40,41,56,70,70,70,70,70,70,478,0,39,45.345331649354435,30.659020005259663,222.74189302697778,7980.401673640167
1750615693,1,GET,/product/L9ECAV7KIM,1.700000,0.000000,37,40,41,43,46,60,60,60,60,60,60,462,0,38,45.620108299331285,31.020343012642115,178.531433979515,7947.8441558441555
1750615693,1,GET,/product/LS4PSXUNUM,1.600000,0.000000,38,40,42,44,53,140,140,140,140,140,140,471,0,38,44.24312418438455,30.718712019734085,219.1432780236937,7946.740976645436
1750615693,1,GET,/product/OLJCESPC7Z,1.600000,0.000000,39,42,45,46,180,270,270,270,270,270,270,451,0,38,44.38471535136593,30.94358800444752,270.5894109676592,7980.286031042128
1750615693,1,,Aggregated,16.600000,0.000000,38,41,43,44,67,140,180,270,270,270,270,4145,0,38,45.67338453272394,28.33826298592612,495.779535965994,7960.312183353438
1750615694,1,GET,/,0.000000,0.000000,0,0,0,0,0,0,0,0,0,0,0,1,0,158.03705103462562,158.03705103462562,158.03705103462562,158.03705103462562,10499.0
1750615694,1,GET,/product/0PUK6V6EV0,2.200000,0.000000,38,39,53,60,160,260,260,260,260,260,260,468,0,38,46.15731552105425,30.267167021520436,260.68762701470405,7955.136752136752
1750615694,1,GET,/product/1YMWWN1N4O,2.000000,0.000000,37,41,43,43,46,77,120,120,120,120,120,476,0,39,46.70666825569708,31.392459000926465,173.2590430183336,7978.638655462185
1750615694,1,GET,/product/2ZYFJ3GM2N,2.500000,0.000000,38,43,44,51,130,140,140,140,140,140,140,472,0,38,44.96386451476502,28.33826298592612,293.10180502943695,7974.724576271186
1750615694,1,GET,/product/66VCHSJNUP,1.200000,0.000000,59,59,67,130,270,270,270,270,270,270,270,415,0,39,47.72840204805764,30.157680972479284,495.779535965994,7940.997590361446
1750615694,1,GET,/product/6E92ZMYYFZ,1.700000,0.000000,37,40,42,48,140,180,180,180,180,180,180,461,0,38,45.78341916860071,30.15046496875584,179.285533959046,7930.006507592191
1750615694,1,GET,/product/9SIQT8TOJO,1.800000,0.000000,37,39,40,41,56,70,70,70,70,70,70,478,0,39,45.345331649354435,30.659020005259663,222.74189302697778,7980.401673640167
1750615694,1,GET,/product/L9ECAV7KIM,1.800000,0.000000,38,41,42,43,50,60,60,60,60,60,60,465,0,38,45.60073317687017,31.020343012642115,178.531433979515,7947.879569892473
1750615694,1,GET,/product/LS4PSXUNUM,1.900000,0.000000,40,42,44,44,53,140,140,140,140,140,140,473,0,38,44.24274677753323,30.718712019734085,219.1432780236937,7946.6828752642705
1750615694,1,GET,/product/OLJCESPC7Z,1.500000,0.000000,41,43,45,46,51,180,270,270,270,270,270,455,0,38,44.36404610648854,30.94358800444752,270.5894109676592,7980.204395604395
1750615694,1,,Aggregated,16.600000,0.000000,38,42,44,46,67,140,180,270,270,270,270,4164,0,38,45.65809116284806,28.33826298592612,495.779535965994,7960.331892411143
1750615695,1,GET,/,0.000000,0.000000,0,0,0,0,0,0,0,0,0,0,0,1,0,158.03705103462562,158.03705103462562,158.03705103462562,158.03705103462562,10499.0
1750615695,1,GET,/product/0PUK6V6EV0,2.600000,0.000000,38,39,40,53,130,160,260,260,260,260,260,471,0,38,46.11121933087173,30.267167021520436,260.68762701470405,7955.244161358811
1750615695,1,GET,/product/1YMWWN1N4O,2.000000,0.000000,41,42,43,43,77,120,120,120,120,120,120,476,0,39,46.70666825569708,31.392459000926465,173.2590430183336,7978.638655462185
1750615695,1,GET,/product/2ZYFJ3GM2N,2.400000,0.000000,40,43,44,51,130,140,140,140,140,140,140,472,0,38,44.96386451476502,28.33826298592612,293.10180502943695,7974.724576271186
1750615695,1,GET,/product/66VCHSJNUP,1.100000,0.000000,58,59,67,67,130,270,270,270,270,270,270,418,0,39,47.71707226069974,30.157680972479284,495.779535965994,7941.033492822967
1750615695,1,GET,/product/6E92ZMYYFZ,1.400000,0.000000,39,47,51,61,140,180,180,180,180,180,180,464,0,39,45.92104012446161,30.15046496875584,179.285533959046,7930.086206896552
1750615695,1,GET,/product/9SIQT8TOJO,1.800000,0.000000,38,40,41,42,56,70,70,70,70,70,70,483,0,39,45.30499565514387,30.659020005259663,222.74189302697778,7980.339544513457
1750615695,1,GET,/product/L9ECAV7KIM,1.600000,0.000000,40,41,43,43,50,60,60,60,60,60,60,466,0,38,45.5877889768878,31.020343012642115,178.531433979515,7947.931330472103
1750615695,1,GET,/product/LS4PSXUNUM,1.900000,0.000000,40,42,44,44,53,140,140,140,140,140,140,475,0,38,44.20496722266666,30.718712019734085,219.1432780236937,7946.658947368421
1750615695,1,GET,/product/OLJCESPC7Z,1.800000,0.000000,40,43,45,46,51,180,270,270,270,270,270,456,0,38,44.35428688476238,30.94358800444752,270.5894109676592,7980.1973684210525
1750615695,1,,Aggregated,16.600000,0.000000,39,42,45,50,70,140,180,270,270,270,270,4182,0,38,45.65613943906296,28.33826298592612,495.779535965994,7960.331420373027
1750615696,1,GET,/,0.000000,0.000000,0,0,0,0,0,0,0,0,0,0,0,1,0,158.03705103462562,158.03705103462562,158.03705103462562,158.03705103462562,10499.0
1750615696,1,GET,/product/0PUK6V6EV0,2.100000,0.000000,38,39,40,53,160,260,260,260,260,260,260,471,0,38,46.11121933087173,30.267167021520436,260.68762701470405,7955.244161358811
1750615696,1,GET,/product/1YMWWN1N4O,2.000000,0.000000,39,41,43,43,46,120,120,120,120,120,120,479,0,39,46.663951617471156,31.392459000926465,173.2590430183336,7978.693110647182
1750615696,1,GET,/product/2ZYFJ3GM2N,2.100000,0.000000,41,43,48,51,130,140,140,140,140,140,140,473,0,38,44.97059874200158,28.33826298592612,293.10180502943695,7974.693446088795
1750615696,1,GET,/product/66VCHSJNUP,1.300000,0.000000,58,59,67,67,130,270,270,270,270,270,270,419,0,39,47.68704473505548,30.157680972479284,495.779535965994,7940.954653937947
1750615696,1,GET,/product/6E92ZMYYFZ,1.700000,0.000000,42,44,48,51,93,140,180,180,180,180,180,468,0,39,45.895162674809335,30.15046496875584,179.285533959046,7930.025641025641
1750615696,1,GET,/product/9SIQT8TOJO,1.700000,0.000000,38,40,41,41,51,56,70,70,70,70,70,486,0,39,45.25456923958865,30.659020005259663,222.74189302697778,7980.333333333333
1750615696,1,GET,/product/L9ECAV7KIM,1.600000,0.000000,38,40,43,46,55,60,60,60,60,60,60,470,0,38,45.546743989689276,31.020343012642115,178.531433979515,7948.034042553191
1750615696,1,GET,/product/LS4PSXUNUM,2.000000,0.000000,40,42,44,44,53,140,140,140,140,140,140,477,0,38,44.19342227830733,30.718712019734085,219.1432780236937,7946.6939203354295
1750615696,1,GET,/product/OLJCESPC7Z,2.000000,0.000000,40,42,45,46,51,180,270,270,270,270,270,458,0,38,44.32359709484222,30.94358800444752,270.5894109676592,7980.275109170306
1750615696,1,,Aggregated,16.500000,0.000000,39,42,44,46,59,130,180,260,270,270,270,4202,0,38,45.63077474611947,28.33826298592612,495.779535965994,7960.331270823417
1750615697,1,GET,/,0.000000,0.000000,0,0,0,0,0,0,0,0,0,0,0,1,0,158.03705103462562,158.03705103462562,158.03705103462562,158.03705103462562,10499.0
1750615697,1,GET,/product/0PUK6V6EV0,1.900000,0.000000,38,39,39,40,53,260,260,260,260,260,260,472,0,38,46.097127800502506,30.267167021520436,260.68762701470405,7955.283898305085
1750615697,1,GET,/product/1YMWWN1N4O,2.100000,0.000000,37,41,42,43,46,120,120,120,120,120,120,482,0,39,46.59195998294716,31.392459000926465,173.2590430183336,7978.726141078838
1750615697,1,GET,/product/2ZYFJ3GM2N,2.000000,0.000000,38,41,43,43,51,52,140,140,140,140,140,479,0,38,44.878919241903255,28.33826298592612,293.10180502943695,7974.563674321503
1750615697,1,GET,/product/66VCHSJNUP,1.100000,0.000000,43,58,59,59,67,130,130,130,130,130,130,421,0,39,47.63946967238711,30.157680972479284,495.779535965994,7940.855106888361
1750615697,1,GET,/product/6E92ZMYYFZ,1.900000,0.000000,43,47,49,51,93,140,180,180,180,180,180,469,0,39,45.901471647798324,30.15046496875584,179.285533959046,7930.061833688699
1750615697,1,GET,/product/9SIQT8TOJO,1.600000,0.000000,38,39,41,41,51,56,70,70,70,70,70,488,0,39,45.21595004189294,30.659020005259663,222.74189302697778,7980.36475409836
1750615697,1,GET,/product/L9ECAV7KIM,1.700000,0.000000,38,40,43,46,55,60,60,60,60,60,60,471,0,38,45.53063370726386,31.020343012642115,178.531433979515,7947.974522292993
1750615697,1,GET,/product/LS4PSXUNUM,1.700000,0.000000,39,41,43,44,46,53,53,53,53,53,53,479,0,38,44.1569403084413,30.718712019734085,219.1432780236937,7946.732776617954
1750615697,1,GET,/product/OLJCESPC7Z,2.300000,0.000000,40,42,44,45,51,180,270,270,270,270,270,461,0,38,44.26931757785465,30.54888203041628,270.5894109676592,7980.29284164859
1750615697,1,,Aggregated,16.300000,0.000000,39,41,43,44,52,61,140,180,260,260,260,4223,0,38,45.58935762351783,28.33826298592612,495.779535965994,7960.352356144921
1750615698,1,GET,/,0.000000,0.000000,0,0,0,0,0,0,0,0,0,0,0,1,0,158.03705103462562,158.03705103462562,158.03705103462562,158.03705103462562,10499.0
1750615698,1,GET,/product/0PUK6V6EV0,1.900000,0.000000,38,38,39,39,40,53,53,53,53,53,53,474,0,38,46.06048319793801,30.267167021520436,260.68762701470405,7955.291139240507
1750615698,1,GET,/product/1YMWWN1N4O,1.700000,0.000000,37,39,41,42,43,46,51,51,51,51,51,485,0,39,46.57445326555501,31.392459000926465,173.2590430183336,7978.573195876289
1750615698,1,GET,/product/2ZYFJ3GM2N,1.800000,0.000000,38,41,43,44,48,51,52,52,52,52,52,483,0,38,44.84526179675456,28.33826298592612,293.10180502943695,7974.438923395445
1750615698,1,GET,/product/66VCHSJNUP,1.100000,0.000000,41,43,59,59,67,130,130,130,130,130,130,423,0,39,47.605030014329365,30.157680972479284,495.779535965994,7940.789598108747
1750615698,1,GET,/product/6E92ZMYYFZ,1.900000,0.000000,43,47,49,51,93,180,180,180,180,180,180,471,0,39,45.86966898052057,30.15046496875584,179.285533959046,7930.065817409766
1750615698,1,GET,/product/9SIQT8TOJO,1.900000,0.000000,37,39,41,41,43,51,56,56,56,56,56,490,0,39,45.190722539626556,30.659020005259663,222.74189302697778,7980.424489795919
1750615698,1,GET,/product/L9ECAV7KIM,1.700000,0.000000,40,41,43,46,55,60,60,60,60,60,60,473,0,38,45.50984541242686,31.020343012642115,178.531433979515,7947.902748414376
1750615698,1,GET,/product/LS4PSXUNUM,1.700000,0.000000,39,42,44,44,45,46,53,53,53,53,53,482,0,38,44.1446982131386,30.718712019734085,219.1432780236937,7946.721991701244
1750615698,1,GET,/product/OLJCESPC7Z,2.300000,0.000000,40,41,43,44,46,46,51,51,51,51,51,461,0,38,44.26931757785465,30.54888203041628,270.5894109676592,7980.29284164859
1750615698,1,,Aggregated,16.000000,0.000000,39,41,43,44,50,55,61,93,180,180,180,4243,0,38,45.56602168771838,28.33826298592612,495.779535965994,7960.3075654018385
1750615699,1,GET,/,0.000000,0.000000,0,0,0,0,0,0,0,0,0,0,0,1,0,158.03705103462562,158.03705103462562,158.03705103462562,158.03705103462562,10499.0
1750615699,1,GET,/product/0PUK6V6EV0,1.900000,0.000000,38,39,39,40,40,53,53,53,53,53,53,475,0,38,46.04752769019749,30.267167021520436,260.68762701470405,7955.3347368421055
1750615699,1,GET,/product/1YMWWN1N4O,1.800000,0.000000,38,41,42,43,46,51,51,51,51,51,51,490,0,39,46.52300924442861,31.392459000926465,173.2590430183336,7978.575510204081
1750615699,1,GET,/product/2ZYFJ3GM2N,1.800000,0.000000,38,41,43,44,48,51,52,52,52,52,52,484,0,38,44.82998072892747,28.33826298592612,293.10180502943695,7974.388429752066
1750615699,1,GET,/product/66VCHSJNUP,1.200000,0.000000,41,43,58,58,59,67,67,67,67,67,67,425,0,39,47.576641369446676,30.157680972479284,495.779535965994,7940.898823529412
1750615699,1,GET,/product/6E92ZMYYFZ,2.100000,0.000000,42,44,48,49,61,93,180,180,180,180,180,475,0,39,45.80802592792009,30.15046496875584,179.285533959046,7930.082105263158
1750615699,1,GET,/product/9SIQT8TOJO,2.200000,0.000000,38,40,41,41,43,51,56,56,56,56,56,493,0,39,45.16358456681114,30.659020005259663,222.74189302697778,7980.584178498986
1750615699,1,GET,/product/L9ECAV7KIM,2.000000,0.000000,39,40,41,42,55,60,60,60,60,60,60,474,0,38,45.494726460052746,31.020343012642115,178.531433979515,7947.945147679325
1750615699,1,GET,/product/LS4PSXUNUM,1.800000,0.000000,40,43,44,44,46,53,53,53,53,53,53,483,0,38,44.13749124998454,30.718712019734085,219.1432780236937,7946.7184265010355
1750615699,1,GET,/product/OLJCESPC7Z,2.600000,0.000000,40,42,43,44,46,50,51,51,51,51,51,463,0,38,44.269360080673145,30.54888203041628,270.5894109676592,7980.317494600432
1750615699,1,,Aggregated,17.400000,0.000000,39,41,43,44,51,55,61,93,180,180,180,4263,0,38,45.54275212967941,28.33826298592612,495.779535965994,7960.348580811635
1750615700,1,GET,/,0.000000,0.000000,0,0,0,0,0,0,0,0,0,0,0,1,0,158.03705103462562,158.03705103462562,158.03705103462562,158.03705103462562,10499.0
1750615700,1,GET,/product/0PUK6V6EV0,1.900000,0.000000,38,39,39,40,40,41,53,53,53,53,53,479,0,38,45.97382907284665,30.267167021520436,260.68762701470405,7955.260960334029
1750615700,1,GET,/product/1YMWWN1N4O,2.100000,0.000000,40,41,41,43,46,51,51,51,51,51,51,493,0,39,46.483606583572,31.392459000926465,173.2590430183336,7978.612576064908
1750615700,1,GET,/product/2ZYFJ3GM2N,2.300000,0.000000,38,41,43,44,48,51,52,52,52,52,52,486,0,38,44.790935991384636,28.33826298592612,293.10180502943695,7974.415637860082
1750615700,1,GET,/product/66VCHSJNUP,1.400000,0.000000,41,46,47,58,59,67,67,67,67,67,67,426,0,39,47.57185810094725,30.157680972479284,495.779535965994,7940.859154929577
1750615700,1,GET,/product/6E92ZMYYFZ,2.200000,0.000000,42,44,48,49,61,93,93,93,93,93,93,475,0,39,45.80802592792009,30.15046496875584,179.285533959046,7930.082105263158
1750615700,1,GET,/product/9SIQT8TOJO,2.200000,0.000000,38,40,40,41,43,43,51,51,51,51,51,495,0,39,45.13921270386852,30.659020005259663,222.74189302697778,7980.666666666667
1750615700,1,GET,/product/L9ECAV7KIM,2.000000,0.000000,38,40,41,42,50,55,55,55,55,55,55,477,0,38,45.46280718245983,31.020343012642115,178.531433979515,7947.970649895178
1750615700,1,GET,/product/LS4PSXUNUM,2.000000,0.000000,39,42,44,44,45,46,47,47,47,47,47,487,0,38,44.09785420685008,30.718712019734085,219.1432780236937,7946.64681724846
1750615700,1,GET,/product/OLJCESPC7Z,2.400000,0.000000,40,42,43,44,50,51,51,51,51,51,51,464,0,38,44.26561393609455,30.54888203041628,270.5894109676592,7980.301724137931
1750615700,1,,Aggregated,18.500000,0.000000,39,41,43,43,48,51,59,67,93,93,93,4283,0,38,45.51326340432869,28.33826298592612,495.779535965994,7960.349054401121
1750615701,1,GET,/,0.000000,0.000000,0,0,0,0,0,0,0,0,0,0,0,1,0,158.03705103462562,158.03705103462562,158.03705103462562,158.03705103462562,10499.0
1750615701,1,GET,/product/0PUK6V6EV0,2.000000,0.000000,38,39,40,40,41,53,53,53,53,53,53,480,0,38,45.94480394771381,30.267167021520436,260.68762701470405,7955.258333333333
1750615701,1,GET,/product/1YMWWN1N4O,2.300000,0.000000,40,41,43,43,46,51,51,51,51,51,51,495,0,39,46.46420704184401,31.392459000926465,173.2590430183336,7978.654545454546
1750615701,1,GET,/product/2ZYFJ3GM2N,2.600000,0.000000,38,42,44,48,53,110,110,110,110,110,110,488,0,38,44.94949915318952,28.33826298592612,293.10180502943695,7974.516393442623
1750615701,1,GET,/product/66VCHSJNUP,1.400000,0.000000,41,43,47,58,59,67,67,67,67,67,67,429,0,39,47.50794533798623,30.157680972479284,495.779535965994,7940.79254079254
1750615701,1,GET,/product/6E92ZMYYFZ,2.000000,0.000000,41,44,47,48,51,61,93,93,93,93,93,476,0,39,45.79061019063649,30.15046496875584,179.285533959046,7930.004201680672
1750615701,1,GET,/product/9SIQT8TOJO,2.600000,0.000000,38,40,40,41,43,43,51,51,51,51,51,497,0,39,45.10383225424155,30.659020005259663,222.74189302697778,7980.643863179074
1750615701,1,GET,/product/L9ECAV7KIM,1.900000,0.000000,40,41,42,42,45,50,55,55,55,55,55,483,0,38,45.40144336890954,31.020343012642115,178.531433979515,7947.966873706004
1750615701,1,GET,/product/LS4PSXUNUM,2.200000,0.000000,40,43,44,44,46,47,47,47,47,47,47,487,0,38,44.09785420685008,30.718712019734085,219.1432780236937,7946.64681724846
1750615701,1,GET,/product/OLJCESPC7Z,2.400000,0.000000,40,43,44,45,50,51,51,51,51,51,51,466,0,38,44.246274003006576,30.54888203041628,270.5894109676592,7980.364806866953
1750615701,1,,Aggregated,19.400000,0.000000,39,41,43,44,48,53,61,93,110,110,110,4302,0,38,45.50530927029847,28.33826298592612,495.779535965994,7960.348210134821
1750615702,1,GET,/,0.000000,0.000000,0,0,0,0,0,0,0,0,0,0,0,1,0,158.03705103462562,158.03705103462562,158.03705103462562,158.03705103462562,10499.0
1750615702,1,GET,/product/0PUK6V6EV0,1.900000,0.000000,38,39,39,40,41,53,53,53,53,53,53,482,0,38,45.88912057033856,30.267167021520436,260.68762701470405,7955.236514522821
1750615702,1,GET,/product/1YMWWN1N4O,2.300000,0.000000,40,41,43,43,46,51,51,51,51,51,51,497,0,39,46.44097517452051,31.392459000926465,173.2590430183336,7978.639839034206
1750615702,1,GET,/product/2ZYFJ3GM2N,2.400000,0.000000,38,41,44,48,53,110,110,110,110,110,110,489,0,38,44.940827210130955,28.33826298592612,293.10180502943695,7974.433537832311
1750615702,1,GET,/product/66VCHSJNUP,1.700000,0.000000,40,42,46,47,59,67,67,67,67,67,67,432,0,39,47.42088215277396,30.157680972479284,495.779535965994,7940.805555555556
1750615702,1,GET,/product/6E92ZMYYFZ,2.100000,0.000000,41,44,48,49,60,61,93,93,93,93,93,479,0,39,45.76555296177402,30.15046496875584,179.285533959046,7929.935281837161
1750615702,1,GET,/product/9SIQT8TOJO,2.600000,0.000000,39,40,41,41,43,43,51,51,51,51,51,499,0,39,45.07139485452104,30.659020005259663,222.74189302697778,7980.7294589178355
1750615702,1,GET,/product/L9ECAV7KIM,1.800000,0.000000,39,41,42,42,45,50,55,55,55,55,55,486,0,38,45.364963132078444,31.020343012642115,178.531433979515,7948.0534979423865
1750615702,1,GET,/product/LS4PSXUNUM,2.100000,0.000000,39,43,44,44,46,47,47,47,47,47,47,490,0,38,44.073226825899575,30.718712019734085,219.1432780236937,7946.587755102041
1750615702,1,GET,/product/OLJCESPC7Z,2.300000,0.000000,40,40,43,44,50,51,51,51,51,51,51,467,0,38,44.22185172893234,30.54888203041628,270.5894109676592,7980.3533190578155
1750615702,1,,Aggregated,19.200000,0.000000,39,41,43,44,48,53,61,93,110,110,110,4322,0,38,45.4712696225856,28.33826298592612,495.779535965994,7960.310735770477
1750615703,1,GET,/,0.000000,0.000000,0,0,0,0,0,0,0,0,0,0,0,1,0,158.03705103462562,158.03705103462562,158.03705103462562,158.03705103462562,10499.0
1750615703,1,GET,/product/0PUK6V6EV0,1.900000,0.000000,37,38,39,39,40,41,41,41,41,41,41,483,0,38,45.86982238082327,30.267167021520436,260.68762701470405,7955.27950310559
1750615703,1,GET,/product/1YMWWN1N4O,2.600000,0.000000,40,40,43,43,46,51,51,51,51,51,51,497,0,39,46.44097517452051,31.392459000926465,173.2590430183336,7978.639839034206
1750615703,1,GET,/product/2ZYFJ3GM2N,2.200000,0.000000,38,41,44,48,53,110,110,110,110,110,110,489,0,38,44.940827210130955,28.33826298592612,293.10180502943695,7974.433537832311
1750615703,1,GET,/product/66VCHSJNUP,1.900000,0.000000,40,41,43,45,47,58,58,58,58,58,58,433,0,39,47.41607503236893,30.157680972479284,495.779535965994,7940.826789838337
1750615703,1,GET,/product/6E92ZMYYFZ,2.000000,0.000000,40,44,47,49,61,93,93,93,93,93,93,479,0,39,45.76555296177402,30.15046496875584,179.285533959046,7929.935281837161
1750615703,1,GET,/product/9SIQT8TOJO,2.800000,0.000000,39,40,41,41,43,43,51,51,51,51,51,499,0,39,45.07139485452104,30.659020005259663,222.74189302697778,7980.7294589178355
1750615703,1,GET,/product/L9ECAV7KIM,2.100000,0.000000,40,42,42,45,55,360,450,450,450,450,450,488,0,38,46.83459125452992,31.020343012642115,452.0060559734702,7948.004098360656
1750615703,1,GET,/product/LS4PSXUNUM,2.100000,0.000000,39,40,44,44,45,47,47,47,47,47,47,492,0,38,44.04626120668855,30.718712019734085,219.1432780236937,7946.638211382114
1750615703,1,GET,/product/OLJCESPC7Z,2.000000,0.000000,40,40,44,47,50,51,51,51,51,51,51,467,0,38,44.22185172893234,30.54888203041628,270.5894109676592,7980.3533190578155
1750615703,1,,Aggregated,19.600000,0.000000,39,41,43,43,48,53,93,360,450,450,450,4328,0,38,45.63112814738615,28.33826298592612,495.779535965994,7960.300138632163
1750615704,1,GET,/,0.000000,0.000000,0,0,0,0,0,0,0,0,0,0,0,1,0,158.03705103462562,158.03705103462562,158.03705103462562,158.03705103462562,10499.0
1750615704,1,GET,/product/0PUK6V6EV0,2.100000,0.000000,37,37,39,39,40,41,41,41,41,41,41,487,0,38,45.77942266945538,30.267167021520436,260.68762701470405,7955.29363449692
1750615704,1,GET,/product/1YMWWN1N4O,2.500000,0.000000,39,40,43,43,44,51,51,51,51,51,51,499,0,39,46.404489364222115,31.392459000926465,173.2590430183336,7978.605210420842
1750615704,1,GET,/product/2ZYFJ3GM2N,2.000000,0.000000,38,41,42,44,48,53,110,110,110,110,110,493,0,38,44.86466337878041,28.33826298592612,293.10180502943695,7974.361054766734
1750615704,1,GET,/product/66VCHSJNUP,2.100000,0.000000,38,40,42,45,47,58,58,58,58,58,58,435,0,39,47.37544479999349,30.157680972479284,495.779535965994,7940.754022988505
1750615704,1,GET,/product/6E92ZMYYFZ,2.100000,0.000000,39,41,44,44,60,93,93,93,93,93,93,481,0,39,45.72609430295173,30.15046496875584,179.285533959046,7930.051975051975
1750615704,1,GET,/product/9SIQT8TOJO,2.600000,0.000000,39,40,41,41,43,43,46,46,46,46,46,501,0,39,45.05264874944601,30.659020005259663,222.74189302697778,7980.718562874252
1750615704,1,GET,/product/L9ECAV7KIM,2.300000,0.000000,40,41,42,43,55,360,450,450,450,450,450,489,0,38,46.81589278777688,31.020343012642115,452.0060559734702,7947.9754601227
1750615704,1,GET,/product/LS4PSXUNUM,1.800000,0.000000,39,40,41,44,44,45,47,47,47,47,47,496,0,38,43.98733604372659,30.718712019734085,219.1432780236937,7946.649193548387
1750615704,1,GET,/product/OLJCESPC7Z,2.000000,0.000000,38,40,43,43,47,50,50,50,50,50,50,467,0,38,44.22185172893234,30.54888203041628,270.5894109676592,7980.3533190578155
1750615704,1,,Aggregated,19.500000,0.000000,39,40,41,43,46,51,93,360,450,450,450,4349,0,38,45.58817590458889,28.33826298592612,495.779535965994,7960.2798344447
1750615705,1,GET,/,0.000000,0.000000,0,0,0,0,0,0,0,0,0,0,0,1,0,158.03705103462562,158.03705103462562,158.03705103462562,158.03705103462562,10499.0
1750615705,1,GET,/product/0PUK6V6EV0,1.800000,0.000000,37,37,39,40,41,41,50,50,50,50,50,493,0,38,45.67584665725952,29.543057025875896,260.68762701470405,7955.314401622718
1750615705,1,GET,/product/1YMWWN1N4O,2.400000,0.000000,39,40,40,43,44,51,51,51,51,51,51,502,0,39,46.33650411696329,31.392459000926465,173.2590430183336,7978.613545816733
1750615705,1,GET,/product/2ZYFJ3GM2N,2.000000,0.000000,37,41,42,44,48,53,110,110,110,110,110,496,0,38,44.82917054596211,28.33826298592612,293.10180502943695,7974.3588709677415
1750615705,1,GET,/product/66VCHSJNUP,2.100000,0.000000,38,40,41,42,46,47,47,47,47,47,47,435,0,39,47.37544479999349,30.157680972479284,495.779535965994,7940.754022988505
1750615705,1,GET,/product/6E92ZMYYFZ,2.300000,0.000000,38,39,40,41,49,60,60,60,60,60,60,484,0,39,45.67015002633653,30.15046496875584,179.285533959046,7930.119834710744
1750615705,1,GET,/product/9SIQT8TOJO,2.300000,0.000000,38,40,41,43,43,46,46,46,46,46,46,503,0,39,45.031141885741434,30.659020005259663,222.74189302697778,7980.755467196819
1750615705,1,GET,/product/L9ECAV7KIM,2.500000,0.000000,39,41,42,42,45,360,450,450,450,450,450,492,0,38,46.74988689480304,31.020343012642115,452.0060559734702,7947.971544715447
1750615705,1,GET,/product/LS4PSXUNUM,2.100000,0.000000,38,40,41,44,44,45,47,47,47,47,47,497,0,38,43.97628600737249,30.718712019734085,219.1432780236937,7946.661971830986
1750615705,1,GET,/product/OLJCESPC7Z,1.800000,0.000000,38,40,43,47,50,50,50,50,50,50,50,467,0,38,44.22185172893234,30.54888203041628,270.5894109676592,7980.3533190578155
1750615705,1,,Aggregated,19.300000,0.000000,38,40,41,42,45,49,60,360,450,450,450,4370,0,38,45.5479455000382,28.33826298592612,495.779535965994,7960.288100686499
1750615706,1,GET,/,0.000000,0.000000,0,0,0,0,0,0,0,0,0,0,0,1,0,158.03705103462562,158.03705103462562,158.03705103462562,158.03705103462562,10499.0
1750615706,1,GET,/product/0PUK6V6EV0,1.800000,0.000000,37,37,39,40,44,46,50,50,50,50,50,497,0,38,45.6377055775421,29.543057025875896,260.68762701470405,7955.319919517103
1750615706,1,GET,/product/1YMWWN1N4O,2.500000,0.000000,39,40,41,43,46,51,51,51,51,51,51,505,0,39,46.298006235040944,31.392459000926465,173.2590430183336,7978.542574257426
1750615706,1,GET,/product/2ZYFJ3GM2N,1.900000,0.000000,38,41,42,44,48,53,110,110,110,110,110,498,0,38,44.79765237099117,28.33826298592612,293.10180502943695,7974.389558232931
1750615706,1,GET,/product/66VCHSJNUP,1.900000,0.000000,37,40,41,42,46,47,47,47,47,47,47,437,0,39,47.32036845770811,30.157680972479284,495.779535965994,7940.7734553775745
1750615706,1,GET,/product/6E92ZMYYFZ,2.000000,0.000000,38,39,39,40,49,60,60,60,60,60,60,486,0,39,45.643187423357396,30.15046496875584,179.285533959046,7930.098765432099
1750615706,1,GET,/product/9SIQT8TOJO,2.200000,0.000000,38,40,40,43,43,46,46,46,46,46,46,505,0,39,45.000061363392135,30.659020005259663,222.74189302697778,7980.764356435644
1750615706,1,GET,/product/L9ECAV7KIM,2.500000,0.000000,39,41,42,42,45,360,450,450,450,450,450,494,0,38,46.7079461785269,31.020343012642115,452.0060559734702,7947.931174089069
1750615706,1,GET,/product/LS4PSXUNUM,1.900000,0.000000,38,40,41,44,45,47,47,47,47,47,47,498,0,38,43.96615768200718,30.718712019734085,219.1432780236937,7946.682730923695
1750615706,1,GET,/product/OLJCESPC7Z,1.500000,0.000000,38,40,43,47,50,50,50,50,50,50,50,470,0,38,44.16541706032536,30.54888203041628,270.5894109676592,7980.4212765957445
1750615706,1,,Aggregated,18.200000,0.000000,38,40,41,42,45,49,60,360,450,450,450,4391,0,38,45.511942564561664,28.33826298592612,495.779535965994,7960.295832384422
1750615707,1,GET,/,0.000000,0.000000,0,0,0,0,0,0,0,0,0,0,0,1,0,158.03705103462562,158.03705103462562,158.03705103462562,158.03705103462562,10499.0
1750615707,1,GET,/product/0PUK6V6EV0,2.200000,0.000000,37,37,41,41,46,48,50,50,50,50,50,500,0,38,45.63161207421217,29.543057025875896,260.68762701470405,7955.456
1750615707,1,GET,/product/1YMWWN1N4O,2.400000,0.000000,40,41,42,43,46,51,51,51,51,51,51,508,0,39,46.27401786354484,31.392459000926465,173.2590430183336,7978.4842519685035
1750615707,1,GET,/product/2ZYFJ3GM2N,2.200000,0.000000,37,38,41,44,48,53,110,110,110,110,110,501,0,38,44.73849342872915,28.33826298592612,293.10180502943695,7974.419161676647
1750615707,1,GET,/product/66VCHSJNUP,1.900000,0.000000,37,40,42,45,46,47,47,47,47,47,47,437,0,39,47.32036845770811,30.157680972479284,495.779535965994,7940.7734553775745
1750615707,1,GET,/product/6E92ZMYYFZ,1.900000,0.000000,38,39,39,40,40,60,60,60,60,60,60,489,0,39,45.59038556597513,30.15046496875584,179.285533959046,7930.226993865031
1750615707,1,GET,/product/9SIQT8TOJO,2.100000,0.000000,39,40,42,43,43,46,46,46,46,46,46,508,0,39,44.95761324511749,30.659020005259663,222.74189302697778,7980.795275590551
1750615707,1,GET,/product/L9ECAV7KIM,2.400000,0.000000,39,41,42,42,45,360,450,450,450,450,450,495,0,38,46.69506390346214,31.020343012642115,452.0060559734702,7947.890909090909
1750615707,1,GET,/product/LS4PSXUNUM,2.300000,0.000000,38,40,41,42,44,47,47,47,47,47,47,500,0,38,43.94510785723105,30.718712019734085,219.1432780236937,7946.716
1750615707,1,GET,/product/OLJCESPC7Z,1.100000,0.000000,38,40,43,43,47,50,50,50,50,50,50,472,0,38,44.14327235675863,30.54888203041628,270.5894109676592,7980.4152542372885
1750615707,1,,Aggregated,18.500000,0.000000,38,40,41,42,45,48,60,360,450,450,450,4411,0,38,45.48366165725099,28.33826298592612,495.779535965994,7960.336431648152
1750615708,1,GET,/,0.000000,0.000000,0,0,0,0,0,0,0,0,0,0,0,1,0,158.03705103462562,158.03705103462562,158.03705103462562,158.03705103462562,10499.0
1750615708,1,GET,/product/0PUK6V6EV0,2.300000,0.000000,36,37,41,41,46,48,50,50,50,50,50,502,0,38,45.588161775112276,29.543057025875896,260.68762701470405,7955.406374501992
1750615708,1,GET,/product/1YMWWN1N4O,2.500000,0.000000,40,40,42,43,44,46,51,51,51,51,51,509,0,39,46.256284074046356,31.392459000926465,173.2590430183336,7978.440078585461
1750615708,1,GET,/product/2ZYFJ3GM2N,2.300000,0.000000,37,38,41,42,53,110,110,110,110,110,110,502,0,38,44.732653999592614,28.33826298592612,293.10180502943695,7974.402390438247
1750615708,1,GET,/product/66VCHSJNUP,1.700000,0.000000,37,40,41,42,46,47,47,47,47,47,47,440,0,39,47.25840908200057,30.157680972479284,495.779535965994,7940.886363636364
1750615708,1,GET,/product/6E92ZMYYFZ,1.800000,0.000000,37,39,39,40,40,60,60,60,60,60,60,490,0,39,45.571792062742595,30.15046496875584,179.285533959046,7930.224489795918
1750615708,1,GET,/product/9SIQT8TOJO,2.100000,0.000000,38,40,41,42,43,46,46,46,46,46,46,512,0,39,44.889960514638005,30.659020005259663,222.74189302697778,7980.77734375
1750615708,1,GET,/product/L9ECAV7KIM,2.600000,0.000000,39,41,42,42,45,360,450,450,450,450,450,495,0,38,46.69506390346214,31.020343012642115,452.0060559734702,7947.890909090909
1750615708,1,GET,/product/LS4PSXUNUM,2.200000,0.000000,39,40,40,41,42,44,47,47,47,47,47,505,0,38,43.903245353647094,30.718712019734085,219.1432780236937,7946.706930693069
1750615708,1,GET,/product/OLJCESPC7Z,1.200000,0.000000,38,41,43,43,47,50,50,50,50,50,50,476,0,38,44.10481390625458,30.54888203041628,270.5894109676592,7980.399159663865
1750615708,1,,Aggregated,18.700000,0.000000,38,40,41,42,45,47,60,360,450,450,450,4432,0,38,45.44904332335911,28.33826298592612,495.779535965994,7960.33619133574
1750615709,1,GET,/,0.000000,0.000000,0,0,0,0,0,0,0,0,0,0,0,1,0,158.03705103462562,158.03705103462562,158.03705103462562,158.03705103462562,10499.0
1750615709,1,GET,/product/0PUK6V6EV0,2.700000,0.000000,36,37,41,44,46,48,50,50,50,50,50,502,0,38,45.588161775112276,29.543057025875896,260.68762701470405,7955.406374501992
1750615709,1,GET,/product/1YMWWN1N4O,2.600000,0.000000,39,40,42,43,44,46,46,46,46,46,46,510,0,39,46.23563474639976,31.392459000926465,173.2590430183336,7978.427450980392
1750615709,1,GET,/product/2ZYFJ3GM2N,2.600000,0.000000,37,39,42,44,53,110,110,110,110,110,110,504,0,38,44.72787271192323,28.33826298592612,293.10180502943695,7974.369047619048
1750615709,1,GET,/product/66VCHSJNUP,1.700000,0.000000,39,40,40,41,45,49,49,49,49,49,49,445,0,39,47.1837948743526,30.157680972479284,495.779535965994,7940.755056179775
1750615709,1,GET,/product/6E92ZMYYFZ,1.900000,0.000000,38,39,40,40,41,55,60,60,60,60,60,494,0,39,45.556153566199484,30.15046496875584,179.285533959046,7930.307692307692
1750615709,1,GET,/product/9SIQT8TOJO,1.900000,0.000000,38,39,40,41,43,46,46,46,46,46,46,512,0,39,44.889960514638005,30.659020005259663,222.74189302697778,7980.77734375
1750615709,1,GET,/product/L9ECAV7KIM,2.300000,0.000000,40,41,42,43,46,360,450,450,450,450,450,499,0,38,46.64436640124115,31.020343012642115,452.0060559734702,7947.9879759519035
1750615709,1,GET,/product/LS4PSXUNUM,2.100000,0.000000,39,40,41,41,42,44,47,47,47,47,47,508,0,38,43.866825942110495,30.718712019734085,219.1432780236937,7946.633858267716
1750615709,1,GET,/product/OLJCESPC7Z,1.000000,0.000000,38,41,42,43,43,47,47,47,47,47,47,476,0,38,44.10481390625458,30.54888203041628,270.5894109676592,7980.399159663865
1750615709,1,,Aggregated,18.800000,0.000000,38,40,41,42,45,48,60,360,450,450,450,4451,0,38,45.429180414757795,28.33826298592612,495.779535965994,7960.270725679623
1750615710,1,GET,/,0.000000,0.000000,0,0,0,0,0,0,0,0,0,0,0,1,0,158.03705103462562,158.03705103462562,158.03705103462562,158.03705103462562,10499.0
1750615710,1,GET,/product/0PUK6V6EV0,2.800000,0.000000,36,37,41,44,46,48,50,50,50,50,50,504,0,38,45.560275661017165,29.543057025875896,260.68762701470405,7955.4047619047615
1750615710,1,GET,/product/1YMWWN1N4O,2.600000,0.000000,39,42,43,43,44,46,46,46,46,46,46,512,0,39,46.217405743618656,31.392459000926465,173.2590430183336,7978.45703125
1750615710,1,GET,/product/2ZYFJ3GM2N,2.200000,0.000000,37,39,41,42,52,53,110,110,110,110,110,507,0,38,44.684629054754765,28.33826298592612,293.10180502943695,7974.465483234714
1750615710,1,GET,/product/66VCHSJNUP,1.500000,0.000000,37,40,40,41,45,49,49,49,49,49,49,447,0,39,47.14394348787594,30.157680972479284,495.779535965994,7940.6711409395975
1750615710,1,GET,/product/6E92ZMYYFZ,2.000000,0.000000,38,39,39,40,41,55,60,60,60,60,60,497,0,39,45.500243403897315,30.15046496875584,179.285533959046,7930.2997987927565
1750615710,1,GET,/product/9SIQT8TOJO,2.100000,0.000000,37,39,40,41,43,46,46,46,46,46,46,514,0,39,44.86312916237817,30.659020005259663,222.74189302697778,7980.731517509727
1750615710,1,GET,/product/L9ECAV7KIM,2.300000,0.000000,39,41,42,42,46,360,450,450,450,450,450,500,0,38,46.61854410846718,31.020343012642115,452.0060559734702,7947.96
1750615710,1,GET,/product/LS4PSXUNUM,2.000000,0.000000,38,40,40,41,42,44,47,47,47,47,47,514,0,38,43.790585201406664,30.718712019734085,219.1432780236937,7946.591439688716
1750615710,1,GET,/product/OLJCESPC7Z,1.200000,0.000000,38,40,42,42,43,47,47,47,47,47,47,476,0,38,44.10481390625458,30.54888203041628,270.5894109676592,7980.399159663865
1750615710,1,,Aggregated,18.700000,0.000000,38,40,41,42,44,48,60,360,450,450,450,4472,0,38,45.39288260802647,28.33826298592612,495.779535965994,7960.237030411449
1750615711,1,GET,/,0.000000,0.000000,0,0,0,0,0,0,0,0,0,0,0,1,0,158.03705103462562,158.03705103462562,158.03705103462562,158.03705103462562,10499.0
1750615711,1,GET,/product/0PUK6V6EV0,2.700000,0.000000,37,41,43,44,46,48,50,50,50,50,50,506,0,38,45.54651514465991,29.543057025875896,260.68762701470405,7955.351778656126
1750615711,1,GET,/product/1YMWWN1N4O,2.300000,0.000000,37,40,42,43,43,44,46,46,46,46,46,515,0,39,46.14660192577132,31.392459000926465,173.2590430183336,7978.384466019417
1750615711,1,GET,/product/2ZYFJ3GM2N,1.900000,0.000000,37,39,39,39,42,44,52,52,52,52,52,511,0,38,44.62363926781279,28.33826298592612,293.10180502943695,7974.422700587084
1750615711,1,GET,/product/66VCHSJNUP,1.700000,0.000000,39,40,40,41,45,49,49,49,49,49,49,449,0,39,47.10345237437046,30.157680972479284,495.779535965994,7940.498886414254
1750615711,1,GET,/product/6E92ZMYYFZ,2.000000,0.000000,38,39,39,40,41,41,55,55,55,55,55,499,0,39,45.46744486723909,30.15046496875584,179.285533959046,7930.3186372745495
1750615711,1,GET,/product/9SIQT8TOJO,2.000000,0.000000,37,39,40,41,43,46,46,46,46,46,46,514,0,39,44.86312916237817,30.659020005259663,222.74189302697778,7980.731517509727
1750615711,1,GET,/product/L9ECAV7KIM,2.400000,0.000000,39,40,41,42,360,450,450,450,450,450,450,501,0,38,46.59078660316044,31.020343012642115,452.0060559734702,7947.984031936127
1750615711,1,GET,/product/LS4PSXUNUM,2.200000,0.000000,39,40,40,41,42,42,44,44,44,44,44,518,0,38,43.758283090003694,30.718712019734085,219.1432780236937,7946.610038610039
1750615711,1,GET,/product/OLJCESPC7Z,1.500000,0.000000,37,38,40,41,42,43,43,43,43,43,43,479,0,38,44.061139364005506,30.54888203041628,270.5894109676592,7980.436325678497
1750615711,1,,Aggregated,18.700000,0.000000,38,39,40,41,43,46,52,360,450,450,450,4493,0,38,45.355924182134,28.33826298592612,495.779535965994,7960.210772312486
1750615712,1,GET,/,0.000000,0.000000,0,0,0,0,0,0,0,0,0,0,0,1,0,158.03705103462562,158.03705103462562,158.03705103462562,158.03705103462562,10499.0
1750615712,1,GET,/product/0PUK6V6EV0,2.500000,0.000000,37,41,43,44,48,48,50,50,50,50,50,509,0,38,45.5194814406264,29.543057025875896,260.68762701470405,7955.43811394892
1750615712,1,GET,/product/1YMWWN1N4O,2.100000,0.000000,36,37,40,42,43,43,46,46,46,46,46,518,0,39,46.07867128143813,31.392459000926465,173.2590430183336,7978.42084942085
1750615712,1,GET,/product/2ZYFJ3GM2N,2.100000,0.000000,37,38,39,39,42,44,52,52,52,52,52,512,0,38,44.60712031618641,28.33826298592612,293.10180502943695,7974.46484375
1750615712,1,GET,/product/66VCHSJNUP,1.900000,0.000000,39,40,40,41,46,49,49,49,49,49,49,450,0,39,47.10064737359062,30.157680972479284,495.779535965994,7940.502222222222
1750615712,1,GET,/product/6E92ZMYYFZ,1.900000,0.000000,38,39,39,40,41,41,55,55,55,55,55,500,0,39,45.45100723148789,30.15046496875584,179.285533959046,7930.304
1750615712,1,GET,/product/9SIQT8TOJO,2.000000,0.000000,37,39,39,41,43,46,46,46,46,46,46,516,0,39,44.83276539817886,30.659020005259663,222.74189302697778,7980.782945736434
1750615712,1,GET,/product/L9ECAV7KIM,2.400000,0.000000,38,40,41,41,360,450,450,450,450,450,450,504,0,38,46.537632593494244,31.020343012642115,452.0060559734702,7947.956349206349
1750615712,1,GET,/product/LS4PSXUNUM,2.600000,0.000000,39,40,41,41,42,44,44,44,44,44,44,520,0,38,43.754929076105604,30.718712019734085,219.1432780236937,7946.6038461538465
1750615712,1,GET,/product/OLJCESPC7Z,1.300000,0.000000,37,38,40,40,42,43,43,43,43,43,43,483,0,38,44.009075332076264,30.54888203041628,270.5894109676592,7980.395445134575
1750615712,1,,Aggregated,18.800000,0.000000,38,39,41,41,43,46,52,360,450,450,450,4513,0,38,45.325385694968915,28.33826298592612,495.779535965994,7960.239751828052
1750615713,1,GET,/,0.000000,0.000000,0,0,0,0,0,0,0,0,0,0,0,1,0,158.03705103462562,158.03705103462562,158.03705103462562,158.03705103462562,10499.0
1750615713,1,GET,/product/0PUK6V6EV0,2.600000,0.000000,39,41,43,44,48,48,50,50,50,50,50,512,0,38,45.47959722333417,29.543057025875896,260.68762701470405,7955.328125
1750615713,1,GET,/product/1YMWWN1N4O,1.800000,0.000000,36,37,42,42,43,44,46,46,46,46,46,522,0,39,46.00996019885611,31.392459000926465,173.2590430183336,7978.494252873563
1750615713,1,GET,/product/2ZYFJ3GM2N,2.200000,0.000000,37,38,39,39,42,44,52,52,52,52,52,515,0,38,44.55655505993738,28.33826298592612,293.10180502943695,7974.419417475729
1750615713,1,GET,/product/66VCHSJNUP,1.900000,0.000000,40,40,41,41,46,49,49,49,49,49,49,450,0,39,47.10064737359062,30.157680972479284,495.779535965994,7940.502222222222
1750615713,1,GET,/product/6E92ZMYYFZ,2.300000,0.000000,38,39,40,40,41,41,55,55,55,55,55,504,0,39,45.39612833272374,30.15046496875584,179.285533959046,7930.265873015873
1750615713,1,GET,/product/9SIQT8TOJO,1.800000,0.000000,37,39,39,41,42,43,43,43,43,43,43,517,0,39,44.82799551931139,30.659020005259663,222.74189302697778,7980.800773694391
1750615713,1,GET,/product/L9ECAV7KIM,2.100000,0.000000,37,39,40,41,46,52,52,52,52,52,52,507,0,38,46.511513986408936,31.020343012642115,452.0060559734702,7948.039447731755
1750615713,1,GET,/product/LS4PSXUNUM,2.900000,0.000000,39,40,41,41,42,42,44,44,44,44,44,522,0,38,43.716561185040824,30.718712019734085,219.1432780236937,7946.567049808429
1750615713,1,GET,/product/OLJCESPC7Z,1.300000,0.000000,38,40,40,41,42,43,43,43,43,43,43,484,0,38,44.00222507509411,30.54888203041628,270.5894109676592,7980.438016528926
1750615713,1,,Aggregated,18.900000,0.000000,37,39,40,41,43,46,50,52,55,55,55,4534,0,38,45.292653078163006,28.33826298592612,495.779535965994,7960.22871636524
1750615714,1,GET,/,0.000000,0.000000,0,0,0,0,0,0,0,0,0,0,0,1,0,158.03705103462562,158.03705103462562,158.03705103462562,158.03705103462562,10499.0
1750615714,1,GET,/product/0PUK6V6EV0,2.600000,0.000000,41,41,44,45,48,48,50,50,50,50,50,514,0,38,45.44215714278113,29.543057025875896,260.68762701470405,7955.330739299611
1750615714,1,GET,/product/1YMWWN1N4O,1.900000,0.000000,36,40,42,43,44,45,46,46,46,46,46,524,0,39,45.997724367926814,31.392459000926465,173.2590430183336,7978.56106870229
1750615714,1,GET,/product/2ZYFJ3GM2N,2.300000,0.000000,37,39,39,39,42,44,52,52,52,52,52,517,0,38,44.52527302490255,28.33826298592612,293.10180502943695,7974.487427466151
1750615714,1,GET,/product/66VCHSJNUP,1.800000,0.000000,39,40,40,41,46,49,49,49,49,49,49,452,0,39,47.0367006396574,29.592318984214216,495.779535965994,7940.513274336283
1750615714,1,GET,/product/6E92ZMYYFZ,2.200000,0.000000,39,39,40,40,41,41,55,55,55,55,55,506,0,39,45.36440133728205,30.15046496875584,179.285533959046,7930.284584980237
1750615714,1,GET,/product/9SIQT8TOJO,1.800000,0.000000,38,39,41,41,42,43,43,43,43,43,43,519,0,39,44.80221688138188,30.659020005259663,222.74189302697778,7980.782273603083
1750615714,1,GET,/product/L9ECAV7KIM,2.000000,0.000000,37,39,40,41,41,46,52,52,52,52,52,510,0,38,46.46339671008344,31.020343012642115,452.0060559734702,7948.137254901961
1750615714,1,GET,/product/LS4PSXUNUM,3.100000,0.000000,39,40,41,41,42,42,44,44,44,44,44,526,0,38,43.665003875724636,30.718712019734085,219.1432780236937,7946.570342205323
1750615714,1,GET,/product/OLJCESPC7Z,1.400000,0.000000,38,39,40,41,42,43,43,43,43,43,43,486,0,38,43.97571597601873,30.54888203041628,270.5894109676592,7980.485596707819
1750615714,1,,Aggregated,19.100000,0.000000,38,39,41,41,43,46,50,52,55,55,55,4555,0,38,45.2560544890095,28.33826298592612,495.779535965994,7960.250054884742
1750615715,1,GET,/,0.000000,0.000000,0,0,0,0,0,0,0,0,0,0,0,1,0,158.03705103462562,158.03705103462562,158.03705103462562,158.03705103462562,10499.0
1750615715,1,GET,/product/0PUK6V6EV0,2.700000,0.000000,41,42,43,44,46,48,48,48,48,48,48,517,0,38,45.40764916509415,29.543057025875896,260.68762701470405,7955.272727272727
1750615715,1,GET,/product/1YMWWN1N4O,2.100000,0.000000,37,40,42,42,44,45,46,46,46,46,46,528,0,39,45.92718047878765,31.392459000926465,173.2590430183336,7978.583333333333
1750615715,1,GET,/product/2ZYFJ3GM2N,2.400000,0.000000,37,38,39,39,39,42,52,52,52,52,52,517,0,38,44.52527302490255,28.33826298592612,293.10180502943695,7974.487427466151
1750615715,1,GET,/product/66VCHSJNUP,1.700000,0.000000,39,40,41,42,46,49,49,49,49,49,49,455,0,39,46.98830803326628,29.592318984214216,495.779535965994,7940.558241758242
1750615715,1,GET,/product/6E92ZMYYFZ,2.300000,0.000000,39,39,40,40,41,41,55,55,55,55,55,509,0,39,45.325147313722695,30.15046496875584,179.285533959046,7930.296660117878
1750615715,1,GET,/product/9SIQT8TOJO,1.700000,0.000000,37,39,41,41,42,42,42,42,42,42,42,521,0,39,44.777594684156625,30.659020005259663,222.74189302697778,7980.7754318618045
1750615715,1,GET,/product/L9ECAV7KIM,1.900000,0.000000,37,39,40,41,46,52,52,52,52,52,52,513,0,38,46.40210781711177,31.020343012642115,452.0060559734702,7948.0857699805065
1750615715,1,GET,/product/LS4PSXUNUM,2.800000,0.000000,39,40,41,41,42,42,44,44,44,44,44,527,0,38,43.66043810363757,30.718712019734085,219.1432780236937,7946.563567362429
1750615715,1,GET,/product/OLJCESPC7Z,1.700000,0.000000,38,39,41,41,43,43,43,43,43,43,43,488,0,38,43.9597109966524,30.54888203041628,270.5894109676592,7980.479508196721
1750615715,1,,Aggregated,19.300000,0.000000,38,40,41,41,43,46,49,52,55,55,55,4576,0,38,45.22462570836782,28.33826298592612,495.779535965994,7960.230987762237
1750615716,1,GET,/,0.000000,0.000000,0,0,0,0,0,0,0,0,0,0,0,1,0,158.03705103462562,158.03705103462562,158.03705103462562,158.03705103462562,10499.0
1750615716,1,GET,/product/0PUK6V6EV0,2.800000,0.000000,39,41,42,43,48,48,48,48,48,48,48,518,0,38,45.38661546784482,29.543057025875896,260.68762701470405,7955.277992277992
1750615716,1,GET,/product/1YMWWN1N4O,2.500000,0.000000,36,40,41,42,43,44,45,45,45,45,45,531,0,39,45.868974487277946,31.392459000926465,173.2590430183336,7978.610169491525
1750615716,1,GET,/product/2ZYFJ3GM2N,2.600000,0.000000,37,39,39,42,47,52,52,52,52,52,52,520,0,38,44.504004753700706,28.33826298592612,293.10180502943695,7974.4384615384615
1750615716,1,GET,/product/66VCHSJNUP,1.600000,0.000000,39,40,41,42,46,49,49,49,49,49,49,455,0,39,46.98830803326628,29.592318984214216,495.779535965994,7940.558241758242
1750615716,1,GET,/product/6E92ZMYYFZ,2.500000,0.000000,39,39,40,40,41,41,55,55,55,55,55,513,0,39,45.25924603237823,30.15046496875584,179.285533959046,7930.270955165692
1750615716,1,GET,/product/9SIQT8TOJO,1.800000,0.000000,38,39,41,41,42,42,42,42,42,42,42,523,0,39,44.756237893805164,30.659020005259663,222.74189302697778,7980.810707456979
1750615716,1,GET,/product/L9ECAV7KIM,1.900000,0.000000,38,39,40,41,46,52,52,52,52,52,52,514,0,38,46.386549074328705,31.020343012642115,452.0060559734702,7948.1206225680935
1750615716,1,GET,/product/LS4PSXUNUM,3.200000,0.000000,39,40,41,41,42,44,51,51,51,51,51,533,0,38,43.614196357811764,30.718712019734085,219.1432780236937,7946.575984990619
1750615716,1,GET,/product/OLJCESPC7Z,1.700000,0.000000,38,40,41,41,43,43,43,43,43,43,43,489,0,38,43.95237126245291,30.54888203041628,270.5894109676592,7980.443762781186
1750615716,1,,Aggregated,20.600000,0.000000,38,40,41,41,43,46,51,52,55,55,55,4597,0,38,45.19333478497098,28.33826298592612,495.779535965994,7960.218838372852
1750615717,1,GET,/,0.000000,0.000000,0,0,0,0,0,0,0,0,0,0,0,1,0,158.03705103462562,158.03705103462562,158.03705103462562,158.03705103462562,10499.0
1750615717,1,GET,/product/0PUK6V6EV0,2.600000,0.000000,39,41,42,43,47,48,48,48,48,48,48,520,0,38,45.37174724100623,29.543057025875896,260.68762701470405,7955.253846153846
1750615717,1,GET,/product/1YMWWN1N4O,2.500000,0.000000,36,39,40,41,44,44,45,45,45,45,45,535,0,39,45.81457854914436,31.392459000926465,173.2590430183336,7978.553271028038
1750615717,1,GET,/product/2ZYFJ3GM2N,2.300000,0.000000,37,39,39,42,47,52,52,52,52,52,52,521,0,38,44.49999835684041,28.33826298592612,293.10180502943695,7974.42226487524
1750615717,1,GET,/product/66VCHSJNUP,1.700000,0.000000,38,40,40,41,46,46,49,49,49,49,49,458,0,39,46.92445173818927,29.592318984214216,495.779535965994,7940.576419213974
1750615717,1,GET,/product/6E92ZMYYFZ,2.400000,0.000000,38,39,39,40,41,41,55,55,55,55,55,516,0,38,45.19087114462055,30.15046496875584,179.285533959046,7930.282945736434
1750615717,1,GET,/product/9SIQT8TOJO,1.900000,0.000000,38,39,41,41,42,42,42,42,42,42,42,524,0,39,44.742875409229015,30.659020005259663,222.74189302697778,7980.801526717557
1750615717,1,GET,/product/L9ECAV7KIM,2.300000,0.000000,37,39,40,41,45,46,52,52,52,52,52,516,0,38,46.365653562437124,31.020343012642115,452.0060559734702,7948.127906976744
1750615717,1,GET,/product/LS4PSXUNUM,2.900000,0.000000,39,40,41,41,42,44,51,51,51,51,51,534,0,38,43.601132735517574,30.718712019734085,219.1432780236937,7946.610486891385
1750615717,1,GET,/product/OLJCESPC7Z,1.900000,0.000000,38,40,40,41,43,43,43,43,43,43,43,492,0,38,43.91160033803198,30.54888203041628,270.5894109676592,7980.361788617886
1750615717,1,,Aggregated,20.500000,0.000000,38,39,40,41,43,46,51,52,55,55,55,4617,0,38,45.16222414782554,28.33826298592612,495.779535965994,7960.199913363656
1750615718,1,GET,/,0.000000,0.000000,0,0,0,0,0,0,0,0,0,0,0,1,0,158.03705103462562,158.03705103462562,158.03705103462562,158.03705103462562,10499.0
1750615718,1,GET,/product/0PUK6V6EV0,2.400000,0.000000,38,41,41,42,43,47,48,48,48,48,48,523,0,38,45.32206518031091,29.543057025875896,260.68762701470405,7955.323135755258
1750615718,1,GET,/product/1YMWWN1N4O,2.700000,0.000000,36,40,40,42,44,45,45,45,45,45,45,539,0,39,45.767642567232286,31.392459000926465,173.2590430183336,7978.538033395176
1750615718,1,GET,/product/2ZYFJ3GM2N,2.200000,0.000000,37,39,39,42,47,52,52,52,52,52,52,522,0,38,44.479111817904474,28.33826298592612,293.10180502943695,7974.467432950191
1750615718,1,GET,/product/66VCHSJNUP,2.000000,0.000000,38,39,40,42,46,49,49,49,49,49,49,460,0,39,46.880575960993,29.592318984214216,495.779535965994,7940.569565217392
1750615718,1,GET,/product/6E92ZMYYFZ,2.500000,0.000000,38,39,39,40,41,45,55,55,55,55,55,519,0,38,45.16170387793788,30.15046496875584,179.285533959046,7930.244701348747
1750615718,1,GET,/product/9SIQT8TOJO,1.800000,0.000000,38,39,41,41,42,42,42,42,42,42,42,527,0,39,44.70610056429009,30.659020005259663,222.74189302697778,7980.8387096774195
1750615718,1,GET,/product/L9ECAV7KIM,2.000000,0.000000,37,39,41,42,45,46,52,52,52,52,52,518,0,38,46.35066187095066,31.020343012642115,452.0060559734702,7948.158301158302
1750615718,1,GET,/product/LS4PSXUNUM,3.000000,0.000000,38,40,41,41,42,45,51,51,51,51,51,536,0,38,43.59081891189857,30.718712019734085,219.1432780236937,7946.578358208955
1750615718,1,GET,/product/OLJCESPC7Z,1.900000,0.000000,38,40,40,41,43,43,43,43,43,43,43,493,0,38,43.900991183125676,30.54888203041628,270.5894109676592,7980.350912778905
1750615718,1,,Aggregated,20.500000,0.000000,38,39,40,41,43,46,49,52,55,55,55,4638,0,38,45.13366699963778,28.33826298592612,495.779535965994,7960.203320396723
1750615719,1,GET,/,0.000000,0.000000,0,0,0,0,0,0,0,0,0,0,0,1,0,158.03705103462562,158.03705103462562,158.03705103462562,158.03705103462562,10499.0
1750615719,1,GET,/product/0PUK6V6EV0,2.000000,0.000000,38,39,41,42,43,47,48,48,48,48,48,526,0,38,45.26998532549549,29.543057025875896,260.68762701470405,7955.38783269962
1750615719,1,GET,/product/1YMWWN1N4O,2.700000,0.000000,36,40,41,41,44,45,45,45,45,45,45,545,0,39,45.69346339584952,31.392459000926465,173.2590430183336,7978.484403669725
1750615719,1,GET,/product/2ZYFJ3GM2N,1.900000,0.000000,37,39,39,39,43,47,47,47,47,47,47,523,0,38,44.45664131919093,28.33826298592612,293.10180502943695,7974.458891013384
1750615719,1,GET,/product/66VCHSJNUP,2.000000,0.000000,37,37,38,39,46,46,46,46,46,46,46,463,0,39,46.812765255015236,29.592318984214216,495.779535965994,7940.652267818575
1750615719,1,GET,/product/6E92ZMYYFZ,2.700000,0.000000,37,39,39,40,41,45,51,51,51,51,51,521,0,38,45.15180314322147,30.15046496875584,179.285533959046,7930.25527831094
1750615719,1,GET,/product/9SIQT8TOJO,1.800000,0.000000,38,39,41,41,42,42,42,42,42,42,42,528,0,39,44.69303696102791,30.659020005259663,222.74189302697778,7980.810606060606
1750615719,1,GET,/product/L9ECAV7KIM,2.100000,0.000000,37,39,41,42,43,45,52,52,52,52,52,520,0,38,46.32328874453938,31.020343012642115,452.0060559734702,7948.076923076923
1750615719,1,GET,/product/LS4PSXUNUM,3.400000,0.000000,38,40,41,41,44,45,51,51,51,51,51,537,0,38,43.5807835396329,30.718712019734085,219.1432780236937,7946.579143389199
1750615719,1,GET,/product/OLJCESPC7Z,1.900000,0.000000,38,39,40,40,41,43,43,43,43,43,43,494,0,38,43.890384267775254,30.54888203041628,270.5894109676592,7980.295546558705
1750615719,1,,Aggregated,20.500000,0.000000,37,39,40,41,43,45,47,51,52,52,52,4658,0,38,45.10368705351172,28.33826298592612,495.779535965994,7960.193430656935
1750615720,1,GET,/,0.000000,0.000000,0,0,0,0,0,0,0,0,0,0,0,1,0,158.03705103462562,158.03705103462562,158.03705103462562,158.03705103462562,10499.0
1750615720,1,GET,/product/0PUK6V6EV0,1.900000,0.000000,38,39,39,41,42,47,48,48,48,48,48,530,0,38,45.213773588975016,29.543057025875896,260.68762701470405,7955.415094339623
1750615720,1,GET,/product/1YMWWN1N4O,2.700000,0.000000,36,39,41,41,44,45,45,45,45,45,45,546,0,39,45.675181312637484,31.392459000926465,173.2590430183336,7978.465201465201
1750615720,1,GET,/product/2ZYFJ3GM2N,1.900000,0.000000,37,39,39,42,43,47,47,47,47,47,47,523,0,38,44.45664131919093,28.33826298592612,293.10180502943695,7974.458891013384
1750615720,1,GET,/product/66VCHSJNUP,2.200000,0.000000,37,38,38,39,40,46,46,46,46,46,46,468,0,39,46.71963260675239,29.592318984214216,495.779535965994,7940.551282051282
1750615720,1,GET,/product/6E92ZMYYFZ,2.700000,0.000000,37,39,40,40,41,45,51,51,51,51,51,522,0,38,45.13239164295217,30.15046496875584,179.285533959046,7930.310344827586
1750615720,1,GET,/product/9SIQT8TOJO,1.500000,0.000000,38,40,41,41,42,42,42,42,42,42,42,530,0,39,44.673351366797746,30.659020005259663,222.74189302697778,7980.837735849057
1750615720,1,GET,/product/L9ECAV7KIM,2.200000,0.000000,38,39,41,42,43,45,52,52,52,52,52,522,0,38,46.29193437580105,31.020343012642115,452.0060559734702,7948.0268199233715
1750615720,1,GET,/product/LS4PSXUNUM,3.400000,0.000000,38,40,41,43,44,45,51,51,51,51,51,541,0,38,43.56056055963872,30.718712019734085,219.1432780236937,7946.541589648798
1750615720,1,GET,/product/OLJCESPC7Z,2.000000,0.000000,38,39,40,40,41,43,43,43,43,43,43,496,0,38,43.85948169604695,30.54888203041628,270.5894109676592,7980.370967741936
1750615720,1,,Aggregated,20.500000,0.000000,38,39,40,41,43,45,47,51,52,52,52,4679,0,38,45.07299382560039,28.33826298592612,495.779535965994,7960.164565078008
1750615721,1,GET,/,0.000000,0.000000,0,0,0,0,0,0,0,0,0,0,0,1,0,158.03705103462562,158.03705103462562,158.03705103462562,158.03705103462562,10499.0
1750615721,1,GET,/product/0PUK6V6EV0,2.100000,0.000000,38,39,40,41,42,47,48,48,48,48,48,533,0,38,45.17722839791429,29.543057025875896,260.68762701470405,7955.440900562852
1750615721,1,GET,/product/1YMWWN1N4O,3.100000,0.000000,37,40,41,41,44,45,45,45,45,45,45,547,0,39,45.65918915675207,31.392459000926465,173.2590430183336,7978.435100548446
1750615721,1,GET,/product/2ZYFJ3GM2N,1.900000,0.000000,37,42,42,42,47,50,50,50,50,50,50,528,0,38,44.42131536151547,28.33826298592612,293.10180502943695,7974.439393939394
1750615721,1,GET,/product/66VCHSJNUP,2.000000,0.000000,37,37,38,40,46,46,46,46,46,46,46,468,0,39,46.71963260675239,29.592318984214216,495.779535965994,7940.551282051282
1750615721,1,GET,/product/6E92ZMYYFZ,2.800000,0.000000,37,39,40,40,41,45,51,51,51,51,51,523,0,38,45.12234371060676,30.15046496875584,179.285533959046,7930.365200764818
1750615721,1,GET,/product/9SIQT8TOJO,1.500000,0.000000,38,39,40,41,42,42,42,42,42,42,42,533,0,39,44.624393708011446,30.659020005259663,222.74189302697778,7980.829268292683
1750615721,1,GET,/product/L9ECAV7KIM,2.200000,0.000000,38,41,42,43,45,52,52,52,52,52,52,522,0,38,46.29193437580105,31.020343012642115,452.0060559734702,7948.0268199233715
1750615721,1,GET,/product/LS4PSXUNUM,3.100000,0.000000,38,40,42,42,44,45,51,51,51,51,51,544,0,38,43.529101856192405,30.718712019734085,219.1432780236937,7946.52205882353
1750615721,1,GET,/product/OLJCESPC7Z,1.800000,0.000000,38,39,40,40,40,41,43,43,43,43,43,501,0,38,43.79270508041431,30.54888203041628,270.5894109676592,7980.48502994012
1750615721,1,,Aggregated,20.500000,0.000000,38,39,40,41,43,45,48,51,52,52,52,4700,0,38,45.042653794244345,28.33826298592612,495.779535965994,7960.212553191489
1750615722,1,GET,/,0.000000,0.000000,0,0,0,0,0,0,0,0,0,0,0,1,0,158.03705103462562,158.03705103462562,158.03705103462562,158.03705103462562,10499.0
1750615722,1,GET,/product/0PUK6V6EV0,2.500000,0.000000,38,38,39,40,41,42,47,47,47,47,47,536,0,38,45.13658327626068,29.543057025875896,260.68762701470405,7955.432835820896
1750615722,1,GET,/product/1YMWWN1N4O,3.400000,0.000000,37,39,41,41,44,45,45,45,45,45,45,552,0,39,45.58698741248404,31.392459000926465,173.2590430183336,7978.416666666667
1750615722,1,GET,/product/2ZYFJ3GM2N,1.700000,0.000000,38,42,42,42,47,50,50,50,50,50,50,530,0,38,44.398406680941335,28.33826298592612,293.10180502943695,7974.452830188679
1750615722,1,GET,/product/66VCHSJNUP,1.900000,0.000000,37,38,39,40,46,46,46,46,46,46,46,469,0,39,46.70247716840599,29.592318984214216,495.779535965994,7940.54157782516
1750615722,1,GET,/product/6E92ZMYYFZ,2.800000,0.000000,38,39,40,40,45,47,51,51,51,51,51,524,0,38,45.126339566195384,30.15046496875584,179.285533959046,7930.366412213741
1750615722,1,GET,/product/9SIQT8TOJO,1.600000,0.000000,38,40,41,41,42,170,170,170,170,170,170,535,0,39,44.84774846611893,30.659020005259663,222.74189302697778,7980.889719626168
1750615722,1,GET,/product/L9ECAV7KIM,2.100000,0.000000,38,39,41,42,43,45,45,45,45,45,45,523,0,38,46.26839907116917,31.020343012642115,452.0060559734702,7948.04206500956
1750615722,1,GET,/product/LS4PSXUNUM,2.800000,0.000000,38,40,41,43,45,45,51,51,51,51,51,545,0,38,43.53092732612864,30.718712019734085,219.1432780236937,7946.552293577982
1750615722,1,GET,/product/OLJCESPC7Z,1.800000,0.000000,38,39,40,40,41,43,44,44,44,44,44,502,0,38,43.794000685837425,30.54888203041628,270.5894109676592,7980.438247011953
1750615722,1,,Aggregated,20.600000,0.000000,38,39,40,41,43,45,50,51,170,170,170,4717,0,38,45.04917190693128,28.33826298592612,495.779535965994,7960.2365910536355
1750615723,1,GET,/,0.000000,0.000000,0,0,0,0,0,0,0,0,0,0,0,1,0,158.03705103462562,158.03705103462562,158.03705103462562,158.03705103462562,10499.0
1750615723,1,GET,/product/0PUK6V6EV0,2.500000,0.000000,38,38,39,40,42,42,47,47,47,47,47,538,0,38,45.11687006153509,29.543057025875896,260.68762701470405,7955.4758364312265
1750615723,1,GET,/product/1YMWWN1N4O,3.400000,0.000000,37,39,41,41,44,45,45,45,45,45,45,553,0,39,45.58042009890747,31.392459000926465,173.2590430183336,7978.405063291139
1750615723,1,GET,/product/2ZYFJ3GM2N,1.600000,0.000000,39,42,43,43,47,50,50,50,50,50,50,531,0,38,44.39562904504224,28.33826298592612,293.10180502943695,7974.504708097928
1750615723,1,GET,/product/66VCHSJNUP,2.100000,0.000000,37,37,38,38,40,40,46,46,46,46,46,471,0,39,46.65633573245273,29.592318984214216,495.779535965994,7940.594479830149
1750615723,1,GET,/product/6E92ZMYYFZ,2.400000,0.000000,37,39,40,41,47,51,51,51,51,51,51,525,0,38,45.11016591751416,30.15046496875584,179.285533959046,7930.375238095238
1750615723,1,GET,/product/9SIQT8TOJO,1.800000,0.000000,38,40,41,41,42,44,170,170,170,170,170,539,0,39,44.822889971196936,30.659020005259663,222.74189302697778,7980.842300556586
1750615723,1,GET,/product/L9ECAV7KIM,2.200000,0.000000,38,39,41,42,43,45,45,45,45,45,45,526,0,38,46.218887641193774,31.020343012642115,452.0060559734702,7948.0
1750615723,1,GET,/product/LS4PSXUNUM,2.500000,0.000000,39,40,42,43,45,45,51,51,51,51,51,548,0,38,43.505473673045394,30.718712019734085,219.1432780236937,7946.56204379562
1750615723,1,GET,/product/OLJCESPC7Z,2.100000,0.000000,39,39,40,40,40,43,44,44,44,44,44,505,0,38,43.77073556505199,30.54888203041628,270.5894109676592,7980.3861386138615
1750615723,1,,Aggregated,20.600000,0.000000,38,39,40,41,43,45,50,51,170,170,170,4737,0,38,45.02529646302663,28.33826298592612,495.779535965994,7960.241714165083
1750615724,1,GET,/,0.000000,0.000000,0,0,0,0,0,0,0,0,0,0,0,1,0,158.03705103462562,158.03705103462562,158.03705103462562,158.03705103462562,10499.0
1750615724,1,GET,/product/0PUK6V6EV0,2.600000,0.000000,38,38,40,40,42,42,47,47,47,47,47,538,0,38,45.11687006153509,29.543057025875896,260.68762701470405,7955.4758364312265
1750615724,1,GET,/product/1YMWWN1N4O,3.300000,0.000000,38,40,41,41,42,44,45,45,45,45,45,557,0,39,45.540221222225725,31.392459000926465,173.2590430183336,7978.5421903052065
1750615724,1,GET,/product/2ZYFJ3GM2N,1.800000,0.000000,39,42,43,43,48,50,50,50,50,50,50,535,0,38,44.35881127844887,28.33826298592612,293.10180502943695,7974.538317757009
1750615724,1,GET,/product/66VCHSJNUP,1.900000,0.000000,37,37,38,38,40,40,46,46,46,46,46,473,0,39,46.60949402958367,29.592318984214216,495.779535965994,7940.668076109937
1750615724,1,GET,/product/6E92ZMYYFZ,2.400000,0.000000,37,38,39,40,45,47,51,51,51,51,51,528,0,38,45.06426974551163,30.15046496875584,179.285533959046,7930.443181818182
1750615724,1,GET,/product/9SIQT8TOJO,1.800000,0.000000,38,40,41,41,42,44,170,170,170,170,170,541,0,39,44.80068148886303,30.659020005259663,222.74189302697778,7980.857670979667
1750615724,1,GET,/product/L9ECAV7KIM,1.900000,0.000000,38,39,42,43,43,45,45,45,45,45,45,527,0,38,46.200738846791815,31.020343012642115,452.0060559734702,7948.015180265655
1750615724,1,GET,/product/LS4PSXUNUM,2.700000,0.000000,39,40,41,43,45,45,51,51,51,51,51,551,0,38,43.46872956042825,30.718712019734085,219.1432780236937,7946.5680580762255
1750615724,1,GET,/product/OLJCESPC7Z,2.100000,0.000000,39,39,40,40,40,43,44,44,44,44,44,507,0,38,43.74476629449422,30.54888203041628,270.5894109676592,7980.376725838264
1750615724,1,,Aggregated,20.500000,0.000000,38,39,40,41,43,45,50,51,170,170,170,4758,0,38,44.99449980188153,28.33826298592612,495.779535965994,7960.285624211854
1750615725,1,GET,/,0.000000,0.000000,0,0,0,0,0,0,0,0,0,0,0,1,0,158.03705103462562,158.03705103462562,158.03705103462562,158.03705103462562,10499.0
1750615725,1,GET,/product/0PUK6V6EV0,2.700000,0.000000,38,40,40,41,42,47,48,48,48,48,48,541,0,38,45.10652369876821,29.543057025875896,260.68762701470405,7955.43438077634
1750615725,1,GET,/product/1YMWWN1N4O,3.400000,0.000000,38,39,41,41,44,44,45,45,45,45,45,559,0,39,45.499003314444785,31.392459000926465,173.2590430183336,7978.62969588551
1750615725,1,GET,/product/2ZYFJ3GM2N,1.700000,0.000000,39,42,43,43,48,50,50,50,50,50,50,537,0,38,44.33808018981515,28.33826298592612,293.10180502943695,7974.569832402235
1750615725,1,GET,/product/66VCHSJNUP,1.900000,0.000000,37,37,38,39,40,40,40,40,40,40,40,475,0,39,46.572347490460075,29.592318984214216,495.779535965994,7940.572631578947
1750615725,1,GET,/product/6E92ZMYYFZ,2.200000,0.000000,37,38,39,40,45,47,51,51,51,51,51,531,0,38,45.028592035084046,30.15046496875584,179.285533959046,7930.483992467043
1750615725,1,GET,/product/9SIQT8TOJO,2.000000,0.000000,38,40,41,41,44,44,170,170,170,170,170,543,0,39,44.7837803084026,30.659020005259663,222.74189302697778,7980.828729281768
1750615725,1,GET,/product/L9ECAV7KIM,1.900000,0.000000,38,39,41,42,43,45,45,45,45,45,45,530,0,38,46.143426343948,31.020343012642115,452.0060559734702,7948.098113207548
1750615725,1,GET,/product/LS4PSXUNUM,2.600000,0.000000,39,40,40,42,44,45,45,45,45,45,45,553,0,38,43.45527024553149,30.718712019734085,219.1432780236937,7946.54068716094
1750615725,1,GET,/product/OLJCESPC7Z,1.900000,0.000000,39,39,40,40,40,44,44,44,44,44,44,508,0,38,43.72966780572924,30.54888203041628,270.5894109676592,7980.299212598426
1750615725,1,,Aggregated,20.300000,0.000000,38,39,40,41,43,45,48,51,170,170,170,4778,0,38,44.967611987487686,28.33826298592612,495.779535965994,7960.267266638761
1750615726,1,GET,/,0.000000,0.000000,0,0,0,0,0,0,0,0,0,0,0,1,0,158.03705103462562,158.03705103462562,158.03705103462562,158.03705103462562,10499.0
1750615726,1,GET,/product/0PUK6V6EV0,2.600000,0.000000,38,39,40,41,43,47,48,48,48,48,48,545,0,38,45.05786293585691,29.543057025875896,260.68762701470405,7955.295412844037
1750615726,1,GET,/product/1YMWWN1N4O,3.200000,0.000000,37,40,41,41,44,44,45,45,45,45,45,561,0,39,45.461211441733845,31.392459000926465,173.2590430183336,7978.631016042781
1750615726,1,GET,/product/2ZYFJ3GM2N,1.700000,0.000000,39,42,43,43,48,50,50,50,50,50,50,540,0,38,44.31839080719295,28.33826298592612,293.10180502943695,7974.5888888888885
1750615726,1,GET,/product/66VCHSJNUP,2.100000,0.000000,37,38,39,39,40,40,40,40,40,40,40,477,0,39,46.533973874139605,29.592318984214216,495.779535965994,7940.578616352202
1750615726,1,GET,/product/6E92ZMYYFZ,2.000000,0.000000,38,38,41,44,47,51,51,51,51,51,51,533,0,38,45.008061789185874,30.15046496875584,179.285533959046,7930.564727954972
1750615726,1,GET,/product/9SIQT8TOJO,2.100000,0.000000,38,40,41,42,44,170,170,170,170,170,170,543,0,39,44.7837803084026,30.659020005259663,222.74189302697778,7980.828729281768
1750615726,1,GET,/product/L9ECAV7KIM,2.000000,0.000000,38,39,41,42,43,45,45,45,45,45,45,532,0,38,46.10530951743529,31.020343012642115,452.0060559734702,7948.082706766917
1750615726,1,GET,/product/LS4PSXUNUM,2.400000,0.000000,39,40,41,42,44,45,45,45,45,45,45,556,0,38,43.430376472537866,30.718712019734085,219.1432780236937,7946.564748201439
1750615726,1,GET,/product/OLJCESPC7Z,2.100000,0.000000,38,39,40,40,40,44,44,44,44,44,44,511,0,38,43.68908483220206,30.54888203041628,270.5894109676592,7980.228962818004
1750615726,1,,Aggregated,20.200000,0.000000,38,39,40,41,44,45,48,51,170,170,170,4799,0,38,44.9373358024794,28.33826298592612,495.779535965994,7960.24775994999
1750615727,1,GET,/,0.000000,0.000000,0,0,0,0,0,0,0,0,0,0,0,1,0,158.03705103462562,158.03705103462562,158.03705103462562,158.03705103462562,10499.0
1750615727,1,GET,/product/0PUK6V6EV0,2.200000,0.000000,38,39,40,40,42,43,48,48,48,48,48,546,0,38,45.04353939199517,29.543057025875896,260.68762701470405,7955.2967032967035
1750615727,1,GET,/product/1YMWWN1N4O,3.200000,0.000000,37,38,39,41,41,42,44,44,44,44,44,565,0,38,45.39843385614685,31.392459000926465,173.2590430183336,7978.573451327434
1750615727,1,GET,/product/2ZYFJ3GM2N,1.800000,0.000000,39,42,43,43,48,50,50,50,50,50,50,541,0,38,44.29889147668258,28.33826298592612,293.10180502943695,7974.561922365989
1750615727,1,GET,/product/66VCHSJNUP,2.100000,0.000000,37,38,39,39,40,40,40,40,40,40,40,479,0,39,46.49592294770396,29.592318984214216,495.779535965994,7940.521920668059
1750615727,1,GET,/product/6E92ZMYYFZ,2.200000,0.000000,38,38,41,44,47,51,51,51,51,51,51,535,0,38,44.968235644263814,30.15046496875584,179.285533959046,7930.585046728972
1750615727,1,GET,/product/9SIQT8TOJO,2.100000,0.000000,38,40,41,42,44,44,170,170,170,170,170,546,0,39,44.75454285247473,30.659020005259663,222.74189302697778,7980.8351648351645
1750615727,1,GET,/product/L9ECAV7KIM,1.700000,0.000000,37,39,39,41,43,43,43,43,43,43,43,535,0,38,46.04768681537934,31.020343012642115,452.0060559734702,7948.108411214953
1750615727,1,GET,/product/LS4PSXUNUM,2.700000,0.000000,39,41,42,43,45,45,45,45,45,45,45,557,0,38,43.432837663781854,30.718712019734085,219.1432780236937,7946.558348294435
1750615727,1,GET,/product/OLJCESPC7Z,2.100000,0.000000,38,39,39,40,40,44,44,44,44,44,44,515,0,38,43.63837321221069,30.54888203041628,270.5894109676592,7980.258252427185
1750615727,1,,Aggregated,20.100000,0.000000,38,39,40,41,43,45,48,51,170,170,170,4820,0,38,44.903428167011974,28.33826298592612,495.779535965994,7960.256431535269
1750615728,1,GET,/,0.000000,0.000000,0,0,0,0,0,0,0,0,0,0,0,1,0,158.03705103462562,158.03705103462562,158.03705103462562,158.03705103462562,10499.0
1750615728,1,GET,/product/0PUK6V6EV0,2.300000,0.000000,38,39,40,41,42,43,48,48,48,48,48,548,0,38,45.02143346533319,29.543057025875896,260.68762701470405,7955.2773722627735
1750615728,1,GET,/product/1YMWWN1N4O,3.000000,0.000000,37,38,41,41,44,44,55,55,55,55,55,568,0,38,45.399072133336695,31.392459000926465,173.2590430183336,7978.517605633803
1750615728,1,GET,/product/2ZYFJ3GM2N,2.000000,0.000000,39,42,43,43,48,50,50,50,50,50,50,542,0,38,44.28481655513242,28.33826298592612,293.10180502943695,7974.542435424354
1750615728,1,GET,/product/66VCHSJNUP,2.000000,0.000000,37,38,39,39,40,40,40,40,40,40,40,479,0,39,46.49592294770396,29.592318984214216,495.779535965994,7940.521920668059
1750615728,1,GET,/product/6E92ZMYYFZ,2.300000,0.000000,38,38,40,41,47,51,51,51,51,51,51,538,0,38,44.91806122605069,30.15046496875584,179.285533959046,7930.579925650558
1750615728,1,GET,/product/9SIQT8TOJO,2.100000,0.000000,38,40,42,43,44,44,170,170,170,170,170,549,0,39,44.71646361108123,30.659020005259663,222.74189302697778,7980.823315118397
1750615728,1,GET,/product/L9ECAV7KIM,1.800000,0.000000,37,38,39,39,42,45,45,45,45,45,45,537,0,38,46.03042011029994,31.020343012642115,452.0060559734702,7948.003724394785
1750615728,1,GET,/product/LS4PSXUNUM,2.700000,0.000000,39,40,41,42,44,45,45,45,45,45,45,560,0,38,43.39281327629578,30.718712019734085,219.1432780236937,7946.539285714286
1750615728,1,GET,/product/OLJCESPC7Z,2.000000,0.000000,38,39,39,39,40,44,44,44,44,44,44,519,0,38,43.573269634669096,30.54888203041628,270.5894109676592,7980.163776493257
1750615728,1,,Aggregated,20.200000,0.000000,38,39,40,41,43,45,50,55,170,170,170,4841,0,38,44.874709081399146,28.33826298592612,495.779535965994,7960.229291468705
1750615729,1,GET,/,0.000000,0.000000,0,0,0,0,0,0,0,0,0,0,0,1,0,158.03705103462562,158.03705103462562,158.03705103462562,158.03705103462562,10499.0
1750615729,1,GET,/product/0PUK6V6EV0,2.700000,0.000000,39,40,41,41,42,43,48,48,48,48,48,550,0,38,45.0010192853568,29.543057025875896,260.68762701470405,7955.356363636363
1750615729,1,GET,/product/1YMWWN1N4O,3.000000,0.000000,37,38,39,41,44,44,55,55,55,55,55,569,0,38,45.37928389065763,31.392459000926465,173.2590430183336,7978.488576449912
1750615729,1,GET,/product/2ZYFJ3GM2N,2.100000,0.000000,39,42,43,43,48,50,50,50,50,50,50,542,0,38,44.28481655513242,28.33826298592612,293.10180502943695,7974.542435424354
1750615729,1,GET,/product/66VCHSJNUP,2.000000,0.000000,38,38,39,39,40,43,43,43,43,43,43,481,0,39,46.471471852393485,29.592318984214216,495.779535965994,7940.507276507276
1750615729,1,GET,/product/6E92ZMYYFZ,2.000000,0.000000,38,40,41,41,44,47,51,51,51,51,51,542,0,38,44.8811061448775,30.15046496875584,179.285533959046,7930.642066420664
1750615729,1,GET,/product/9SIQT8TOJO,2.000000,0.000000,39,41,43,43,44,48,170,170,170,170,170,551,0,39,44.71221147274122,30.659020005259663,222.74189302697778,7980.878402903812
1750615729,1,GET,/product/L9ECAV7KIM,1.800000,0.000000,37,39,39,39,41,42,45,45,45,45,45,542,0,38,45.95104084720464,31.020343012642115,452.0060559734702,7948.047970479704
1750615729,1,GET,/product/LS4PSXUNUM,2.300000,0.000000,39,40,41,42,43,45,45,45,45,45,45,563,0,38,43.372639875175004,30.718712019734085,219.1432780236937,7946.559502664299
1750615729,1,GET,/product/OLJCESPC7Z,2.300000,0.000000,38,39,39,40,40,44,44,44,44,44,44,520,0,38,43.565728312219456,30.54888203041628,270.5894109676592,7980.169230769231
1750615729,1,,Aggregated,20.200000,0.000000,38,39,40,41,43,45,48,55,170,170,170,4861,0,38,44.85187942582075,28.33826298592612,495.779535965994,7960.215182061304
1750615730,1,GET,/,0.000000,0.000000,0,0,0,0,0,0,0,0,0,0,0,1,0,158.03705103462562,158.03705103462562,158.03705103462562,158.03705103462562,10499.0
1750615730,1,GET,/product/0PUK6V6EV0,2.700000,0.000000,39,40,41,41,42,43,48,48,48,48,48,552,0,38,44.98155709228266,29.543057025875896,260.68762701470405,7955.365942028986
1750615730,1,GET,/product/1YMWWN1N4O,2.900000,0.000000,37,38,39,42,44,52,55,55,55,55,55,571,0,38,45.372080894581806,31.392459000926465,173.2590430183336,7978.553415061296
1750615730,1,GET,/product/2ZYFJ3GM2N,2.000000,0.000000,39,42,43,43,48,50,50,50,50,50,50,544,0,38,44.26667470932657,28.33826298592612,293.10180502943695,7974.566176470588
1750615730,1,GET,/product/66VCHSJNUP,2.000000,0.000000,38,39,40,40,43,51,51,51,51,51,51,483,0,39,46.473518362356536,29.592318984214216,495.779535965994,7940.542443064182
1750615730,1,GET,/product/6E92ZMYYFZ,1.900000,0.000000,38,40,40,41,41,44,47,47,47,47,47,544,0,38,44.862835377845094,30.15046496875584,179.285533959046,7930.621323529412
1750615730,1,GET,/product/9SIQT8TOJO,2.300000,0.000000,38,41,43,43,44,48,170,170,170,170,170,553,0,39,44.68347333185543,30.659020005259663,222.74189302697778,7980.860759493671
1750615730,1,GET,/product/L9ECAV7KIM,1.800000,0.000000,37,39,39,40,41,42,45,45,45,45,45,543,0,38,45.940564298731296,31.020343012642115,452.0060559734702,7948.0184162062615
1750615730,1,GET,/product/LS4PSXUNUM,2.300000,0.000000,39,40,41,41,43,45,45,45,45,45,45,567,0,38,43.340392717397634,30.718712019734085,219.1432780236937,7946.5661375661375
1750615730,1,GET,/product/OLJCESPC7Z,2.300000,0.000000,38,39,40,40,44,44,50,50,50,50,50,523,0,38,43.56708637352794,30.54888203041628,270.5894109676592,7980.1434034416825
1750615730,1,,Aggregated,20.200000,0.000000,38,40,41,41,44,47,51,55,170,170,170,4881,0,38,44.83584380743027,28.33826298592612,495.779535965994,7960.218602745339
1750615731,1,GET,/,0.000000,0.000000,0,0,0,0,0,0,0,0,0,0,0,1,0,158.03705103462562,158.03705103462562,158.03705103462562,158.03705103462562,10499.0
1750615731,1,GET,/product/0PUK6V6EV0,2.500000,0.000000,39,41,41,42,48,48,48,48,48,48,48,553,0,38,44.986428692410605,29.543057025875896,260.68762701470405,7955.399638336347
1750615731,1,GET,/product/1YMWWN1N4O,2.700000,0.000000,37,38,41,42,44,52,55,55,55,55,55,573,0,38,45.34579938002106,31.392459000926465,173.2590430183336,7978.530541012216
1750615731,1,GET,/product/2ZYFJ3GM2N,2.000000,0.000000,39,39,41,43,47,48,48,48,48,48,48,546,0,38,44.23796740636032,28.33826298592612,293.10180502943695,7974.59706959707
1750615731,1,GET,/product/66VCHSJNUP,1.900000,0.000000,38,39,40,43,48,51,51,51,51,51,51,486,0,39,46.44211362953941,29.592318984214216,495.779535965994,7940.559670781893
1750615731,1,GET,/product/6E92ZMYYFZ,2.000000,0.000000,39,40,41,41,44,47,48,48,48,48,48,547,0,38,44.847097942500056,30.15046496875584,179.285533959046,7930.561243144424
1750615731,1,GET,/product/9SIQT8TOJO,2.200000,0.000000,39,43,44,44,47,48,170,170,170,170,170,556,0,39,44.675339081805376,30.659020005259663,222.74189302697778,7980.812949640288
1750615731,1,GET,/product/L9ECAV7KIM,2.000000,0.000000,37,39,39,40,41,42,45,45,45,45,45,543,0,38,45.940564298731296,31.020343012642115,452.0060559734702,7948.0184162062615
1750615731,1,GET,/product/LS4PSXUNUM,2.500000,0.000000,39,40,41,41,43,44,45,45,45,45,45,569,0,38,43.338107278955995,30.718712019734085,219.1432780236937,7946.55360281195
1750615731,1,GET,/product/OLJCESPC7Z,2.500000,0.000000,38,40,40,44,44,45,50,50,50,50,50,526,0,38,43.55092887523648,30.54888203041628,270.5894109676592,7980.12927756654
1750615731,1,,Aggregated,20.300000,0.000000,38,40,41,42,44,48,51,55,170,170,170,4900,0,38,44.82188198752274,28.33826298592612,495.779535965994,7960.211224489796
1750615732,1,GET,/,0.000000,0.000000,0,0,0,0,0,0,0,0,0,0,0,1,0,158.03705103462562,158.03705103462562,158.03705103462562,158.03705103462562,10499.0
1750615732,1,GET,/product/0PUK6V6EV0,2.400000,0.000000,39,41,41,42,48,48,48,48,48,48,48,557,0,38,44.94919768031737,29.543057025875896,260.68762701470405,7955.393177737881
1750615732,1,GET,/product/1YMWWN1N4O,2.400000,0.000000,37,38,41,42,44,52,55,55,55,55,55,576,0,38,45.2966958311865,31.392459000926465,173.2590430183336,7978.527777777777
1750615732,1,GET,/product/2ZYFJ3GM2N,1.900000,0.000000,38,39,41,43,47,48,48,48,48,48,48,549,0,38,44.194343059942064,28.33826298592612,293.10180502943695,7974.666666666667
1750615732,1,GET,/product/66VCHSJNUP,1.700000,0.000000,38,40,40,43,48,51,51,51,51,51,51,486,0,39,46.44211362953941,29.592318984214216,495.779535965994,7940.559670781893
1750615732,1,GET,/product/6E92ZMYYFZ,2.000000,0.000000,38,40,40,41,41,44,48,48,48,48,48,549,0,38,44.8233636931808,30.15046496875584,179.285533959046,7930.570127504554
1750615732,1,GET,/product/9SIQT8TOJO,2.200000,0.000000,38,41,43,44,45,47,48,48,48,48,48,559,0,39,44.63327572366959,30.659020005259663,222.74189302697778,7980.858676207514
1750615732,1,GET,/product/L9ECAV7KIM,2.200000,0.000000,38,39,40,41,42,45,45,45,45,45,45,544,0,38,45.92269507574041,31.020343012642115,452.0060559734702,7948.014705882353
1750615732,1,GET,/product/LS4PSXUNUM,2.600000,0.000000,39,40,41,41,43,44,45,45,45,45,45,573,0,38,43.297097580706506,30.718712019734085,219.1432780236937,7946.605584642234
1750615732,1,GET,/product/OLJCESPC7Z,2.800000,0.000000,37,39,40,40,44,45,50,50,50,50,50,527,0,38,43.53662886399691,30.54888203041628,270.5894109676592,7980.108159392789
1750615732,1,,Aggregated,20.200000,0.000000,38,40,41,41,44,48,50,52,55,55,55,4921,0,38,44.79012655252199,28.33826298592612,495.779535965994,7960.234505181874
1750615733,1,GET,/,0.000000,0.000000,0,0,0,0,0,0,0,0,0,0,0,1,0,158.03705103462562,158.03705103462562,158.03705103462562,158.03705103462562,10499.0
1750615733,1,GET,/product/0PUK6V6EV0,2.200000,0.000000,39,41,41,42,44,48,48,48,48,48,48,560,0,38,44.92553965361107,29.543057025875896,260.68762701470405,7955.335714285714
1750615733,1,GET,/product/1YMWWN1N4O,2.600000,0.000000,37,38,41,41,44,52,55,55,55,55,55,579,0,38,45.24961066629741,31.392459000926465,173.2590430183336,7978.483592400691
1750615733,1,GET,/product/2ZYFJ3GM2N,2.100000,0.000000,37,39,39,40,43,47,48,48,48,48,48,554,0,38,44.126802359015045,28.33826298592612,293.10180502943695,7974.675090252707
1750615733,1,GET,/product/66VCHSJNUP,1.600000,0.000000,38,40,40,43,48,51,51,51,51,51,51,488,0,39,46.392500553219044,29.592318984214216,495.779535965994,7940.606557377049
1750615733,1,GET,/product/6E92ZMYYFZ,2.200000,0.000000,38,40,40,40,41,44,48,48,48,48,48,551,0,38,44.79446822435962,30.15046496875584,179.285533959046,7930.50998185118
1750615733,1,GET,/product/9SIQT8TOJO,2.100000,0.000000,38,40,43,44,47,48,48,48,48,48,48,559,0,39,44.63327572366959,30.659020005259663,222.74189302697778,7980.858676207514
1750615733,1,GET,/product/L9ECAV7KIM,2.100000,0.000000,37,39,40,41,44,45,45,45,45,45,45,546,0,38,45.89930614326473,31.020343012642115,452.0060559734702,7948.062271062271
1750615733,1,GET,/product/LS4PSXUNUM,2.600000,0.000000,38,40,41,41,43,44,45,45,45,45,45,574,0,38,43.27898305530079,30.718712019734085,219.1432780236937,7946.623693379791
1750615733,1,GET,/product/OLJCESPC7Z,2.500000,0.000000,37,39,40,41,44,45,50,50,50,50,50,530,0,38,43.50209707989498,30.54888203041628,270.5894109676592,7980.25283018868
1750615733,1,,Aggregated,20.000000,0.000000,38,40,41,41,44,48,50,52,55,55,55,4942,0,38,44.75772452674448,28.33826298592612,495.779535965994,7960.251719951437
1750615734,1,GET,/,0.000000,0.000000,0,0,0,0,0,0,0,0,0,0,0,1,0,158.03705103462562,158.03705103462562,158.03705103462562,158.03705103462562,10499.0
1750615734,1,GET,/product/0PUK6V6EV0,2.100000,0.000000,40,41,41,42,44,48,48,48,48,48,48,564,0,38,44.883423436252265,29.543057025875896,260.68762701470405,7955.382978723404
1750615734,1,GET,/product/1YMWWN1N4O,2.500000,0.000000,36,37,38,39,44,52,55,55,55,55,55,581,0,38,45.213113906701125,31.392459000926465,173.2590430183336,7978.440619621342
1750615734,1,GET,/product/2ZYFJ3GM2N,1.800000,0.000000,37,39,39,39,41,43,47,47,47,47,47,556,0,38,44.102874454785066,28.33826298592612,293.10180502943695,7974.636690647482
1750615734,1,GET,/product/66VCHSJNUP,1.800000,0.000000,38,40,43,43,48,51,51,51,51,51,51,492,0,39,46.32647656109203,29.592318984214216,495.779535965994,7940.4796747967475
1750615734,1,GET,/product/6E92ZMYYFZ,2.400000,0.000000,39,40,40,41,41,44,48,48,48,48,48,552,0,38,44.78318762256463,30.15046496875584,179.285533959046,7930.521739130435
1750615734,1,GET,/product/9SIQT8TOJO,2.400000,0.000000,37,39,43,44,47,48,50,50,50,50,50,564,0,39,44.58479675807386,30.659020005259663,222.74189302697778,7980.91134751773
1750615734,1,GET,/product/L9ECAV7KIM,2.100000,0.000000,37,39,40,41,44,45,45,45,45,45,45,546,0,38,45.89930614326473,31.020343012642115,452.0060559734702,7948.062271062271
1750615734,1,GET,/product/LS4PSXUNUM,2.400000,0.000000,38,40,41,41,43,44,45,45,45,45,45,574,0,38,43.27898305530079,30.718712019734085,219.1432780236937,7946.623693379791
1750615734,1,GET,/product/OLJCESPC7Z,2.500000,0.000000,37,39,40,40,44,45,50,50,50,50,50,533,0,38,43.46970047349177,30.54888203041628,270.5894109676592,7980.279549718574
1750615734,1,,Aggregated,20.000000,0.000000,38,39,41,41,44,47,50,51,55,55,55,4963,0,38,44.72971679092034,28.33826298592612,495.779535965994,7960.26556518235
1750615735,1,GET,/,0.000000,0.000000,0,0,0,0,0,0,0,0,0,0,0,1,0,158.03705103462562,158.03705103462562,158.03705103462562,158.03705103462562,10499.0
1750615735,1,GET,/product/0PUK6V6EV0,2.000000,0.000000,39,41,41,41,43,44,48,48,48,48,48,568,0,38,44.84331655286541,29.543057025875896,260.68762701470405,7955.4260563380285
1750615735,1,GET,/product/1YMWWN1N4O,2.400000,0.000000,37,38,41,44,52,55,190,190,190,190,190,584,0,38,45.44680265367688,31.392459000926465,186.70842796564102,7978.434931506849
1750615735,1,GET,/product/2ZYFJ3GM2N,2.100000,0.000000,36,38,39,39,39,40,47,47,47,47,47,559,0,38,44.059389323426814,28.33826298592612,293.10180502943695,7974.719141323792
1750615735,1,GET,/product/66VCHSJNUP,1.700000,0.000000,38,40,43,45,48,51,51,51,51,51,51,494,0,39,46.309244392796984,29.592318984214216,495.779535965994,7940.473684210527
1750615735,1,GET,/product/6E92ZMYYFZ,2.500000,0.000000,39,40,40,40,41,41,48,48,48,48,48,553,0,38,44.767432107954754,30.15046496875584,179.285533959046,7930.508137432188
1750615735,1,GET,/product/9SIQT8TOJO,2.300000,0.000000,37,39,43,44,47,48,50,50,50,50,50,566,0,39,44.56300703985962,30.659020005259663,222.74189302697778,7980.9646643109545
1750615735,1,GET,/product/L9ECAV7KIM,2.200000,0.000000,37,40,40,41,44,45,45,45,45,45,45,548,0,38,45.87161407521739,31.020343012642115,452.0060559734702,7948.13503649635
1750615735,1,GET,/product/LS4PSXUNUM,2.700000,0.000000,38,40,41,42,44,45,45,45,45,45,45,574,0,38,43.27898305530079,30.718712019734085,219.1432780236937,7946.623693379791
1750615735,1,GET,/product/OLJCESPC7Z,2.400000,0.000000,37,39,40,41,44,45,50,50,50,50,50,533,0,38,43.46970047349177,30.54888203041628,270.5894109676592,7980.279549718574
1750615735,1,,Aggregated,20.300000,0.000000,38,39,40,41,44,48,51,55,190,190,190,4980,0,38,44.73978354301992,28.33826298592612,495.779535965994,7960.296184738956
1750615736,1,GET,/,0.000000,0.000000,0,0,0,0,0,0,0,0,0,0,0,1,0,158.03705103462562,158.03705103462562,158.03705103462562,158.03705103462562,10499.0
1750615736,1,GET,/product/0PUK6V6EV0,2.400000,0.000000,39,41,41,42,44,48,49,49,49,49,49,570,0,38,44.838356396506065,29.543057025875896,260.68762701470405,7955.435087719298
1750615736,1,GET,/product/1YMWWN1N4O,2.400000,0.000000,37,39,41,41,52,55,190,190,190,190,190,589,0,38,45.38683282450183,31.392459000926465,186.70842796564102,7978.468590831919
1750615736,1,GET,/product/2ZYFJ3GM2N,2.100000,0.000000,37,38,39,39,39,40,47,47,47,47,47,561,0,38,44.03518489084693,28.33826298592612,293.10180502943695,7974.652406417113
1750615736,1,GET,/product/66VCHSJNUP,1.700000,0.000000,40,43,45,48,49,51,51,51,51,51,51,497,0,39,46.29646552941187,29.592318984214216,495.779535965994,7940.515090543259
1750615736,1,GET,/product/6E92ZMYYFZ,2.700000,0.000000,39,40,40,40,41,41,48,48,48,48,48,555,0,38,44.73762793806256,30.15046496875584,179.285533959046,7930.4162162162165
1750615736,1,GET,/product/9SIQT8TOJO,2.000000,0.000000,37,39,39,43,47,48,50,50,50,50,50,569,0,39,44.52165942974651,30.659020005259663,222.74189302697778,7980.994727592267
1750615736,1,GET,/product/L9ECAV7KIM,1.900000,0.000000,38,40,41,42,44,45,45,45,45,45,45,548,0,38,45.87161407521739,31.020343012642115,452.0060559734702,7948.13503649635
1750615736,1,GET,/product/LS4PSXUNUM,2.600000,0.000000,38,40,42,43,44,45,45,45,45,45,45,575,0,38,43.27854433694206,30.718712019734085,219.1432780236937,7946.6104347826085
1750615736,1,GET,/product/OLJCESPC7Z,2.600000,0.000000,37,39,40,41,44,45,50,50,50,50,50,535,0,38,43.45948781565737,30.54888203041628,270.5894109676592,7980.297196261682
1750615736,1,,Aggregated,20.400000,0.000000,38,39,41,41,45,48,51,55,190,190,190,5000,0,38,44.719533606409094,28.33826298592612,495.779535965994,7960.3072
1750615737,1,GET,/,0.000000,0.000000,0,0,0,0,0,0,0,0,0,0,0,1,0,158.03705103462562,158.03705103462562,158.03705103462562,158.03705103462562,10499.0
1750615737,1,GET,/product/0PUK6V6EV0,2.600000,0.000000,39,41,41,42,44,48,49,49,49,49,49,572,0,38,44.81008447730308,29.543057025875896,260.68762701470405,7955.447552447553
1750615737,1,GET,/product/1YMWWN1N4O,2.500000,0.000000,37,39,41,41,52,55,190,190,190,190,190,591,0,38,45.356621999351084,31.392459000926465,186.70842796564102,7978.379018612522
1750615737,1,GET,/product/2ZYFJ3GM2N,2.200000,0.000000,37,38,39,39,39,40,40,40,40,40,40,562,0,38,44.02796430571263,28.33826298592612,293.10180502943695,7974.711743772242
1750615737,1,GET,/product/66VCHSJNUP,1.900000,0.000000,41,43,45,45,48,49,51,51,51,51,51,501,0,39,46.258553752546455,29.592318984214216,495.779535965994,7940.530938123752
1750615737,1,GET,/product/6E92ZMYYFZ,2.400000,0.000000,38,39,40,40,41,41,48,48,48,48,48,557,0,38,44.69638216989349,30.15046496875584,179.285533959046,7930.439856373429
1750615737,1,GET,/product/9SIQT8TOJO,2.400000,0.000000,37,39,39,39,47,48,50,50,50,50,50,571,0,39,44.4907476243134,30.659020005259663,222.74189302697778,7980.959719789842
1750615737,1,GET,/product/L9ECAV7KIM,1.700000,0.000000,39,40,41,41,44,45,45,45,45,45,45,551,0,38,45.84120866999338,31.020343012642115,452.0060559734702,7948.047186932849
1750615737,1,GET,/product/LS4PSXUNUM,2.100000,0.000000,38,39,40,41,43,43,44,44,44,44,44,578,0,38,43.252724591118145,30.718712019734085,219.1432780236937,7946.59169550173
1750615737,1,GET,/product/OLJCESPC7Z,2.600000,0.000000,39,40,41,42,44,45,50,50,50,50,50,537,0,38,43.44755941032895,30.54888203041628,270.5894109676592,7980.270018621974
1750615737,1,,Aggregated,20.400000,0.000000,38,40,41,41,45,48,51,55,190,190,190,5021,0,38,44.69317711607203,28.33826298592612,495.779535965994,7960.2714598685525
1750615738,1,GET,/,0.000000,0.000000,0,0,0,0,0,0,0,0,0,0,0,1,0,158.03705103462562,158.03705103462562,158.03705103462562,158.03705103462562,10499.0
1750615738,1,GET,/product/0PUK6V6EV0,2.700000,0.000000,40,41,41,42,44,48,49,49,49,49,49,572,0,38,44.81008447730308,29.543057025875896,260.68762701470405,7955.447552447553
1750615738,1,GET,/product/1YMWWN1N4O,2.500000,0.000000,37,39,40,41,45,52,190,190,190,190,190,592,0,38,45.343739333770216,31.392459000926465,186.70842796564102,7978.405405405405
1750615738,1,GET,/product/2ZYFJ3GM2N,2.100000,0.000000,37,38,39,39,39,40,40,40,40,40,40,564,0,38,43.99521570540849,28.33826298592612,293.10180502943695,7974.709219858156
1750615738,1,GET,/product/66VCHSJNUP,2.000000,0.000000,40,43,43,45,48,49,51,51,51,51,51,504,0,39,46.21050115487638,29.592318984214216,495.779535965994,7940.571428571428
1750615738,1,GET,/product/6E92ZMYYFZ,2.100000,0.000000,38,39,40,40,41,41,48,48,48,48,48,561,0,38,44.64401807943143,30.15046496875584,179.285533959046,7930.393939393939
1750615738,1,GET,/product/9SIQT8TOJO,2.400000,0.000000,37,39,39,39,47,48,50,50,50,50,50,574,0,39,44.44669122208974,30.659020005259663,222.74189302697778,7980.93031358885
1750615738,1,GET,/product/L9ECAV7KIM,1.700000,0.000000,39,39,40,40,42,44,44,44,44,44,44,555,0,38,45.77490478399554,31.020343012642115,452.0060559734702,7948.050450450451
1750615738,1,GET,/product/LS4PSXUNUM,2.000000,0.000000,38,39,41,42,43,44,44,44,44,44,44,579,0,38,43.24496788715072,30.718712019734085,219.1432780236937,7946.5647668393785
1750615738,1,GET,/product/OLJCESPC7Z,2.500000,0.000000,39,40,41,42,44,45,50,50,50,50,50,540,0,38,43.4144352932452,30.54888203041628,270.5894109676592,7980.177777777778
1750615738,1,,Aggregated,20.000000,0.000000,38,39,40,41,44,48,50,52,190,190,190,5042,0,38,44.6611844152564,28.33826298592612,495.779535965994,7960.242959143197
1750615739,1,GET,/,0.000000,0.000000,0,0,0,0,0,0,0,0,0,0,0,1,0,158.03705103462562,158.03705103462562,158.03705103462562,158.03705103462562,10499.0
1750615739,1,GET,/product/0PUK6V6EV0,2.500000,0.000000,38,41,41,42,44,48,49,49,49,49,49,572,0,38,44.81008447730308,29.543057025875896,260.68762701470405,7955.447552447553
1750615739,1,GET,/product/1YMWWN1N4O,2.800000,0.000000,39,40,41,42,52,73,190,190,190,190,190,597,0,38,45.35068987367185,31.392459000926465,186.70842796564102,7978.442211055276
1750615739,1,GET,/product/2ZYFJ3GM2N,2.100000,0.000000,37,39,39,39,40,42,44,44,44,44,44,568,0,38,43.96978226393169,28.33826298592612,293.10180502943695,7974.760563380281
1750615739,1,GET,/product/66VCHSJNUP,2.100000,0.000000,40,41,45,45,48,49,51,51,51,51,51,505,0,39,46.18734336252979,29.592318984214216,495.779535965994,7940.617821782178
1750615739,1,GET,/product/6E92ZMYYFZ,2.100000,0.000000,37,39,40,40,41,48,48,48,48,48,48,561,0,38,44.64401807943143,30.15046496875584,179.285533959046,7930.393939393939
1750615739,1,GET,/product/9SIQT8TOJO,2.600000,0.000000,38,39,39,39,47,50,52,52,52,52,52,577,0,39,44.440840323136044,30.659020005259663,222.74189302697778,7980.870017331023
1750615739,1,GET,/product/L9ECAV7KIM,1.600000,0.000000,39,40,40,40,44,91,91,91,91,91,91,558,0,38,45.832593808360365,31.020343012642115,452.0060559734702,7948.0
1750615739,1,GET,/product/LS4PSXUNUM,1.900000,0.000000,38,39,41,41,43,44,44,44,44,44,44,580,0,38,43.231175164993175,30.718712019734085,219.1432780236937,7946.610344827586
1750615739,1,GET,/product/OLJCESPC7Z,2.300000,0.000000,39,39,41,42,45,50,50,50,50,50,50,541,0,38,43.40220476225683,30.54888203041628,270.5894109676592,7980.1534195933455
1750615739,1,,Aggregated,20.000000,0.000000,38,39,40,41,45,49,52,91,190,190,190,5060,0,38,44.6601052720904,28.33826298592612,495.779535965994,7960.279644268775
1750615740,1,GET,/,0.000000,0.000000,0,0,0,0,0,0,0,0,0,0,0,1,0,158.03705103462562,158.03705103462562,158.03705103462562,158.03705103462562,10499.0
1750615740,1,GET,/product/0PUK6V6EV0,2.500000,0.000000,40,41,42,42,44,48,49,49,49,49,49,574,0,38,44.79239076302542,29.543057025875896,260.68762701470405,7955.498257839721
1750615740,1,GET,/product/1YMWWN1N4O,2.600000,0.000000,39,41,41,41,45,73,190,190,190,190,190,598,0,38,45.343703012734366,31.392459000926465,186.70842796564102,7978.471571906354
1750615740,1,GET,/product/2ZYFJ3GM2N,2.200000,0.000000,36,38,39,40,40,42,44,44,44,44,44,570,0,38,43.93568482441958,28.33826298592612,293.10180502943695,7974.7649122807015
1750615740,1,GET,/product/66VCHSJNUP,2.200000,0.000000,38,41,41,43,48,48,49,49,49,49,49,510,0,39,46.09432346096226,29.592318984214216,495.779535965994,7940.654901960785
1750615740,1,GET,/product/6E92ZMYYFZ,2.200000,0.000000,36,39,39,39,41,48,48,48,48,48,48,561,0,38,44.64401807943143,30.15046496875584,179.285533959046,7930.393939393939
1750615740,1,GET,/product/9SIQT8TOJO,2.400000,0.000000,38,39,39,39,47,50,52,52,52,52,52,577,0,39,44.440840323136044,30.659020005259663,222.74189302697778,7980.870017331023
1750615740,1,GET,/product/L9ECAV7KIM,1.600000,0.000000,40,40,41,41,44,91,91,91,91,91,91,560,0,38,45.81530388407243,31.020343012642115,452.0060559734702,7947.935714285714
1750615740,1,GET,/product/LS4PSXUNUM,2.100000,0.000000,38,39,40,40,43,44,44,44,44,44,44,583,0,38,43.195923992614766,30.718712019734085,219.1432780236937,7946.6054888507715
1750615740,1,GET,/product/OLJCESPC7Z,2.200000,0.000000,38,39,41,42,43,45,50,50,50,50,50,547,0,38,43.36608802804798,30.54888203041628,270.5894109676592,7980.023765996344
1750615740,1,,Aggregated,20.000000,0.000000,38,39,40,41,44,48,52,91,190,190,190,5081,0,38,44.63384217452549,28.33826298592612,495.779535965994,7960.270025585514
1750615741,1,GET,/,0.000000,0.000000,0,0,0,0,0,0,0,0,0,0,0,1,0,158.03705103462562,158.03705103462562,158.03705103462562,158.03705103462562,10499.0
1750615741,1,GET,/product/0PUK6V6EV0,2.400000,0.000000,40,41,41,42,44,44,49,49,49,49,49,576,0,38,44.78456823431366,29.543057025875896,260.68762701470405,7955.465277777777
1750615741,1,GET,/product/1YMWWN1N4O,2.500000,0.000000,39,41,41,42,45,73,190,190,190,190,190,599,0,38,45.32114462703482,31.392459000926465,186.70842796564102,7978.447412353923
1750615741,1,GET,/product/2ZYFJ3GM2N,2.200000,0.000000,37,38,39,39,40,42,44,44,44,44,44,574,0,38,43.886710973703934,28.33826298592612,293.10180502943695,7974.721254355401
1750615741,1,GET,/product/66VCHSJNUP,2.500000,0.000000,38,41,41,43,48,48,49,49,49,49,49,510,0,39,46.09432346096226,29.592318984214216,495.779535965994,7940.654901960785
1750615741,1,GET,/product/6E92ZMYYFZ,2.200000,0.000000,36,37,38,39,41,44,44,44,44,44,44,565,0,38,44.59464696382246,30.15046496875584,179.285533959046,7930.29203539823
1750615741,1,GET,/product/9SIQT8TOJO,2.600000,0.000000,38,39,39,39,41,50,52,52,52,52,52,582,0,39,44.386496815308,30.659020005259663,222.74189302697778,7980.958762886598
1750615741,1,GET,/product/L9ECAV7KIM,1.600000,0.000000,40,40,41,41,44,91,91,91,91,91,91,561,0,38,45.804961326361074,31.020343012642115,452.0060559734702,7947.889483065954
1750615741,1,GET,/product/LS4PSXUNUM,1.800000,0.000000,38,38,39,39,40,43,43,43,43,43,43,586,0,38,43.16971619061589,30.718712019734085,219.1432780236937,7946.624573378839
1750615741,1,GET,/product/OLJCESPC7Z,2.200000,0.000000,38,39,41,42,43,49,50,50,50,50,50,548,0,38,43.37677659371691,30.54888203041628,270.5894109676592,7980.043795620438
1750615741,1,,Aggregated,20.000000,0.000000,38,39,40,41,43,48,52,91,190,190,190,5102,0,38,44.60874525593988,28.33826298592612,495.779535965994,7960.2598980791845
1750615742,1,GET,/,0.000000,0.000000,0,0,0,0,0,0,0,0,0,0,0,1,0,158.03705103462562,158.03705103462562,158.03705103462562,158.03705103462562,10499.0
1750615742,1,GET,/product/0PUK6V6EV0,2.100000,0.000000,40,41,41,42,44,44,49,49,49,49,49,579,0,38,44.76037381348781,29.543057025875896,260.68762701470405,7955.481865284974
1750615742,1,GET,/product/1YMWWN1N4O,2.800000,0.000000,39,41,41,42,45,73,190,190,190,190,190,602,0,38,45.291410738593,31.392459000926465,186.70842796564102,7978.405315614618
1750615742,1,GET,/product/2ZYFJ3GM2N,2.600000,0.000000,37,38,39,40,42,42,44,44,44,44,44,576,0,38,43.86780023944286,28.33826298592612,293.10180502943695,7974.71875
1750615742,1,GET,/product/66VCHSJNUP,2.500000,0.000000,38,41,41,41,45,48,49,49,49,49,49,512,0,39,46.06897056066828,29.592318984214216,495.779535965994,7940.63671875
1750615742,1,GET,/product/6E92ZMYYFZ,1.900000,0.000000,36,37,38,38,41,44,44,44,44,44,44,565,0,38,44.59464696382246,30.15046496875584,179.285533959046,7930.29203539823
1750615742,1,GET,/product/9SIQT8TOJO,2.600000,0.000000,38,39,39,39,41,50,52,52,52,52,52,584,0,39,44.364474504394295,30.659020005259663,222.74189302697778,7980.962328767123
1750615742,1,GET,/product/L9ECAV7KIM,1.700000,0.000000,39,40,41,41,42,44,91,91,91,91,91,564,0,38,45.75598329274275,31.020343012642115,452.0060559734702,7947.86170212766
1750615742,1,GET,/product/LS4PSXUNUM,1.700000,0.000000,38,39,39,39,43,44,44,44,44,44,44,590,0,38,43.14141138081865,30.718712019734085,219.1432780236937,7946.603389830509
1750615742,1,GET,/product/OLJCESPC7Z,2.000000,0.000000,39,39,42,42,43,49,50,50,50,50,50,549,0,38,43.37666723567599,30.54888203041628,270.5894109676592,7980.034608378871
1750615742,1,,Aggregated,19.900000,0.000000,38,39,40,41,43,48,52,91,190,190,190,5122,0,38,44.5867463623507,28.33826298592612,495.779535965994,7960.248535728231
1750615743,1,GET,/,0.000000,0.000000,0,0,0,0,0,0,0,0,0,0,0,1,0,158.03705103462562,158.03705103462562,158.03705103462562,158.03705103462562,10499.0
1750615743,1,GET,/product/0PUK6V6EV0,2.200000,0.000000,40,41,41,42,44,44,49,49,49,49,49,584,0,38,44.71097832361447,29.543057025875896,260.68762701470405,7955.4554794520545
1750615743,1,GET,/product/1YMWWN1N4O,2.600000,0.000000,39,41,42,43,45,73,190,190,190,190,190,603,0,38,45.28459857154644,31.392459000926465,186.70842796564102,7978.451077943615
1750615743,1,GET,/product/2ZYFJ3GM2N,2.600000,0.000000,37,38,39,40,42,42,44,44,44,44,44,576,0,38,43.86780023944286,28.33826298592612,293.10180502943695,7974.71875
1750615743,1,GET,/product/66VCHSJNUP,2.600000,0.000000,39,41,43,43,45,48,49,49,49,49,49,516,0,39,46.03331484299427,29.592318984214216,495.779535965994,7940.643410852713
1750615743,1,GET,/product/6E92ZMYYFZ,1.800000,0.000000,36,37,38,39,41,44,44,44,44,44,44,568,0,38,44.55507548507893,30.15046496875584,179.285533959046,7930.345070422535
1750615743,1,GET,/product/9SIQT8TOJO,2.400000,0.000000,38,38,39,39,41,50,52,52,52,52,52,586,0,38,44.341850850799474,30.659020005259663,222.74189302697778,7981.017064846416
1750615743,1,GET,/product/L9ECAV7KIM,1.700000,0.000000,40,40,41,41,46,56,91,91,91,91,91,567,0,38,45.76127453983516,31.020343012642115,452.0060559734702,7947.880070546737
1750615743,1,GET,/product/LS4PSXUNUM,1.700000,0.000000,38,39,39,39,43,44,44,44,44,44,44,590,0,38,43.14141138081865,30.718712019734085,219.1432780236937,7946.603389830509
1750615743,1,GET,/product/OLJCESPC7Z,2.400000,0.000000,39,42,43,43,49,50,50,50,50,50,50,551,0,38,43.381564024292416,30.54888203041628,270.5894109676592,7980.016333938294
1750615743,1,,Aggregated,20.000000,0.000000,38,40,41,41,44,49,56,91,190,190,190,5142,0,38,44.572506681800874,28.33826298592612,495.779535965994,7960.2384286269935
1750615744,1,GET,/,0.000000,0.000000,0,0,0,0,0,0,0,0,0,0,0,1,0,158.03705103462562,158.03705103462562,158.03705103462562,158.03705103462562,10499.0
1750615744,1,GET,/product/0PUK6V6EV0,2.200000,0.000000,40,41,43,43,44,44,49,49,49,49,49,586,0,38,44.70616804426711,29.543057025875896,260.68762701470405,7955.447098976109
1750615744,1,GET,/product/1YMWWN1N4O,2.600000,0.000000,39,41,42,43,45,73,190,190,190,190,190,606,0,38,45.248164572017636,31.392459000926465,186.70842796564102,7978.465346534654
1750615744,1,GET,/product/2ZYFJ3GM2N,2.700000,0.000000,37,38,40,40,42,44,44,44,44,44,44,576,0,38,43.86780023944286,28.33826298592612,293.10180502943695,7974.71875
1750615744,1,GET,/product/66VCHSJNUP,2.400000,0.000000,39,41,41,43,45,48,49,49,49,49,49,519,0,39,45.98484537564218,29.592318984214216,495.779535965994,7940.635838150289
1750615744,1,GET,/product/6E92ZMYYFZ,1.800000,0.000000,36,39,40,41,44,44,44,44,44,44,44,572,0,38,44.53458202364968,30.15046496875584,179.285533959046,7930.314685314685
1750615744,1,GET,/product/9SIQT8TOJO,2.500000,0.000000,38,38,39,40,41,41,52,52,52,52,52,587,0,39,44.33598165177015,30.659020005259663,222.74189302697778,7980.954003407155
1750615744,1,GET,/product/L9ECAV7KIM,1.800000,0.000000,40,40,41,41,46,56,91,91,91,91,91,570,0,38,45.728187626554515,31.020343012642115,452.0060559734702,7947.873684210526
1750615744,1,GET,/product/LS4PSXUNUM,1.800000,0.000000,38,39,39,39,43,44,44,44,44,44,44,591,0,38,43.1275421162782,30.718712019734085,219.1432780236937,7946.617597292724
1750615744,1,GET,/product/OLJCESPC7Z,2.200000,0.000000,39,42,43,43,46,49,50,50,50,50,50,554,0,38,43.36494081111504,30.54888203041628,270.5894109676592,7979.992779783393
1750615744,1,,Aggregated,20.000000,0.000000,38,40,41,42,44,48,56,91,190,190,190,5162,0,38,44.55382615998182,28.33826298592612,495.779535965994,7960.206121658272
1750615745,1,GET,/,0.000000,0.000000,0,0,0,0,0,0,0,0,0,0,0,1,0,158.03705103462562,158.03705103462562,158.03705103462562,158.03705103462562,10499.0
1750615745,1,GET,/product/0PUK6V6EV0,2.200000,0.000000,40,43,43,44,44,49,49,49,49,49,49,588,0,38,44.694516493097034,29.543057025875896,260.68762701470405,7955.425170068027
1750615745,1,GET,/product/1YMWWN1N4O,2.600000,0.000000,39,41,41,41,43,44,73,73,73,73,73,607,0,38,45.236559152638435,31.392459000926465,186.70842796564102,7978.481054365733
1750615745,1,GET,/product/2ZYFJ3GM2N,2.500000,0.000000,37,38,40,40,42,44,44,44,44,44,44,577,0,38,43.85331878842111,28.33826298592612,293.10180502943695,7974.710571923743
1750615745,1,GET,/product/66VCHSJNUP,2.600000,0.000000,39,41,41,41,43,45,45,45,45,45,45,519,0,39,45.98484537564218,29.592318984214216,495.779535965994,7940.635838150289
1750615745,1,GET,/product/6E92ZMYYFZ,1.700000,0.000000,38,39,40,41,44,44,48,48,48,48,48,575,0,38,44.522788714030355,30.15046496875584,179.285533959046,7930.335652173913
1750615745,1,GET,/product/9SIQT8TOJO,2.600000,0.000000,38,38,39,40,41,41,52,52,52,52,52,589,0,38,44.30686925403088,30.659020005259663,222.74189302697778,7980.950764006791
1750615745,1,GET,/product/L9ECAV7KIM,1.800000,0.000000,40,41,41,41,46,56,91,91,91,91,91,574,0,38,45.68524264845306,31.020343012642115,452.0060559734702,7947.912891986062
1750615745,1,GET,/product/LS4PSXUNUM,1.700000,0.000000,38,39,39,40,40,43,44,44,44,44,44,595,0,38,43.100155174278285,30.718712019734085,219.1432780236937,7946.6
1750615745,1,GET,/product/OLJCESPC7Z,2.300000,0.000000,39,42,43,43,46,49,50,50,50,50,50,557,0,38,43.33288937596407,30.54888203041628,270.5894109676592,7980.001795332137
1750615745,1,,Aggregated,20.000000,0.000000,39,40,41,41,44,46,52,73,91,91,91,5182,0,38,44.53265039328748,28.33826298592612,495.779535965994,7960.196449247394
1750615746,1,GET,/,0.000000,0.000000,0,0,0,0,0,0,0,0,0,0,0,1,0,158.03705103462562,158.03705103462562,158.03705103462562,158.03705103462562,10499.0
1750615746,1,GET,/product/0PUK6V6EV0,2.200000,0.000000,40,41,43,43,44,44,44,44,44,44,44,591,0,38,44.6627222605494,29.543057025875896,260.68762701470405,7955.387478849408
1750615746,1,GET,/product/1YMWWN1N4O,2.500000,0.000000,41,41,43,43,54,73,73,73,73,73,73,610,0,38,45.235991727400446,31.392459000926465,186.70842796564102,7978.547540983606
1750615746,1,GET,/product/2ZYFJ3GM2N,2.200000,0.000000,37,38,40,40,42,44,44,44,44,44,44,578,0,38,43.84237690989869,28.33826298592612,293.10180502943695,7974.740484429066
1750615746,1,GET,/product/66VCHSJNUP,2.800000,0.000000,38,39,41,41,43,45,45,45,45,45,45,520,0,39,45.96842813256304,29.592318984214216,495.779535965994,7940.653846153846
1750615746,1,GET,/product/6E92ZMYYFZ,1.600000,0.000000,39,40,41,41,44,44,48,48,48,48,48,578,0,38,44.488747945582254,30.15046496875584,179.285533959046,7930.328719723183
1750615746,1,GET,/product/9SIQT8TOJO,2.800000,0.000000,38,39,40,41,43,47,52,52,52,52,52,594,0,39,44.28233260373892,30.659020005259663,222.74189302697778,7981.010101010101
1750615746,1,GET,/product/L9ECAV7KIM,2.100000,0.000000,39,41,41,41,46,56,91,91,91,91,91,576,0,38,45.66225740482979,31.020343012642115,452.0060559734702,7947.940972222223
1750615746,1,GET,/product/LS4PSXUNUM,1.600000,0.000000,38,39,39,39,40,40,44,44,44,44,44,596,0,38,43.0843357797423,30.718712019734085,219.1432780236937,7946.580536912752
1750615746,1,GET,/product/OLJCESPC7Z,2.000000,0.000000,39,42,43,43,46,49,50,50,50,50,50,558,0,38,43.32868065666257,30.54888203041628,270.5894109676592,7979.956989247312
1750615746,1,,Aggregated,19.800000,0.000000,39,40,41,42,44,46,54,73,91,91,91,5202,0,38,44.51508408671307,28.33826298592612,495.779535965994,7960.213187235679
1750615747,1,GET,/,0.000000,0.000000,0,0,0,0,0,0,0,0,0,0,0,1,0,158.03705103462562,158.03705103462562,158.03705103462562,158.03705103462562,10499.0
1750615747,1,GET,/product/0PUK6V6EV0,2.200000,0.000000,40,42,43,43,44,44,45,45,45,45,45,592,0,38,44.664060633442354,29.543057025875896,260.68762701470405,7955.4222972972975
1750615747,1,GET,/product/1YMWWN1N4O,2.400000,0.000000,39,41,42,43,44,54,73,73,73,73,73,612,0,38,45.21564787051722,31.392459000926465,186.70842796564102,7978.5424836601305
1750615747,1,GET,/product/2ZYFJ3GM2N,1.900000,0.000000,38,40,40,42,44,46,46,46,46,46,46,580,0,38,43.83806547386861,28.33826298592612,293.10180502943695,7974.772413793104
1750615747,1,GET,/product/66VCHSJNUP,2.700000,0.000000,38,38,39,39,41,43,45,45,45,45,45,524,0,39,45.90841206863704,29.592318984214216,495.779535965994,7940.660305343511
1750615747,1,GET,/product/6E92ZMYYFZ,2.100000,0.000000,39,40,41,41,44,44,48,48,48,48,48,580,0,38,44.470220275026556,30.15046496875584,179.285533959046,7930.324137931035
1750615747,1,GET,/product/9SIQT8TOJO,2.200000,0.000000,38,40,40,41,43,47,52,52,52,52,52,594,0,39,44.28233260373892,30.659020005259663,222.74189302697778,7981.010101010101
1750615747,1,GET,/product/L9ECAV7KIM,2.400000,0.000000,39,41,41,41,46,56,91,91,91,91,91,579,0,38,45.62006790011185,31.020343012642115,452.0060559734702,7947.910189982729
1750615747,1,GET,/product/LS4PSXUNUM,1.800000,0.000000,38,39,40,40,43,44,45,45,45,45,45,600,0,38,43.06675332947634,30.718712019734085,219.1432780236937,7946.583333333333
1750615747,1,GET,/product/OLJCESPC7Z,2.100000,0.000000,39,42,43,43,46,49,50,50,50,50,50,560,0,38,43.30990906507525,30.54888203041628,270.5894109676592,7979.978571428572
1750615747,1,,Aggregated,19.800000,0.000000,39,40,41,42,44,46,54,73,91,91,91,5222,0,38,44.49584011030787,28.33826298592612,495.779535965994,7960.194752968211
1750615748,1,GET,/,0.000000,0.000000,0,0,0,0,0,0,0,0,0,0,0,1,0,158.03705103462562,158.03705103462562,158.03705103462562,158.03705103462562,10499.0
1750615748,1,GET,/product/0PUK6V6EV0,2.000000,0.000000,40,42,43,43,44,44,45,45,45,45,45,593,0,38,44.65643214334735,29.543057025875896,260.68762701470405,7955.423271500843
1750615748,1,GET,/product/1YMWWN1N4O,2.400000,0.000000,41,41,43,43,44,54,73,73,73,73,73,617,0,39,45.17145264628487,31.392459000926465,186.70842796564102,7978.554294975689
1750615748,1,GET,/product/2ZYFJ3GM2N,1.800000,0.000000,38,40,42,42,44,46,46,46,46,46,46,580,0,38,43.83806547386861,28.33826298592612,293.10180502943695,7974.772413793104
1750615748,1,GET,/product/66VCHSJNUP,2.400000,0.000000,38,38,39,39,41,43,45,45,45,45,45,527,0,39,45.85568471517912,29.592318984214216,495.779535965994,7940.523719165086
1750615748,1,GET,/product/6E92ZMYYFZ,2.200000,0.000000,39,40,41,44,45,45,48,48,48,48,48,583,0,39,44.46142816901731,30.15046496875584,179.285533959046,7930.317324185249
1750615748,1,GET,/product/9SIQT8TOJO,2.200000,0.000000,39,40,41,41,47,52,52,52,52,52,52,595,0,39,44.27382398079768,30.659020005259663,222.74189302697778,7980.981512605042
1750615748,1,GET,/product/L9ECAV7KIM,2.600000,0.000000,40,41,41,41,46,56,91,91,91,91,91,581,0,38,45.60895193998963,31.020343012642115,452.0060559734702,7947.882960413081
1750615748,1,GET,/product/LS4PSXUNUM,2.100000,0.000000,38,39,40,40,43,44,45,45,45,45,45,603,0,38,43.03697603424566,30.718712019734085,219.1432780236937,7946.611940298508
1750615748,1,GET,/product/OLJCESPC7Z,2.400000,0.000000,38,42,43,43,46,49,50,50,50,50,50,562,0,38,43.28961982638277,30.54888203041628,270.5894109676592,7979.879003558719
1750615748,1,,Aggregated,20.100000,0.000000,39,40,41,42,44,46,54,73,91,91,91,5242,0,38,44.4763283620495,28.33826298592612,495.779535965994,7960.155475009538
1750615749,1,GET,/,0.000000,0.000000,0,0,0,0,0,0,0,0,0,0,0,1,0,158.03705103462562,158.03705103462562,158.03705103462562,158.03705103462562,10499.0
1750615749,1,GET,/product/0PUK6V6EV0,2.100000,0.000000,40,42,43,43,44,44,45,45,45,45,45,593,0,38,44.65643214334735,29.543057025875896,260.68762701470405,7955.423271500843
1750615749,1,GET,/product/1YMWWN1N4O,2.000000,0.000000,39,41,42,43,44,51,54,54,54,54,54,621,0,39,45.148830205759246,31.392459000926465,186.70842796564102,7978.470209339775
1750615749,1,GET,/product/2ZYFJ3GM2N,1.600000,0.000000,38,38,39,40,42,46,46,46,46,46,46,581,0,38,43.827355275168635,28.33826298592612,293.10180502943695,7974.760757314974
1750615749,1,GET,/product/66VCHSJNUP,2.200000,0.000000,38,38,39,41,43,43,45,45,45,45,45,529,0,39,45.833039045222066,29.592318984214216,495.779535965994,7940.472589792061
1750615749,1,GET,/product/6E92ZMYYFZ,2.300000,0.000000,39,40,44,44,45,45,48,48,48,48,48,585,0,39,44.4490848794683,30.15046496875584,179.285533959046,7930.309401709402
1750615749,1,GET,/product/9SIQT8TOJO,2.500000,0.000000,39,40,41,43,46,47,52,52,52,52,52,599,0,39,44.25680147676739,30.659020005259663,222.74189302697778,7980.854757929883
1750615749,1,GET,/product/L9ECAV7KIM,2.900000,0.000000,40,41,41,41,46,47,56,56,56,56,56,585,0,38,45.564403046424,31.020343012642115,452.0060559734702,7947.811965811966
1750615749,1,GET,/product/LS4PSXUNUM,2.100000,0.000000,38,39,40,40,43,44,45,45,45,45,45,604,0,38,43.0229996517609,30.718712019734085,219.1432780236937,7946.622516556291
1750615749,1,GET,/product/OLJCESPC7Z,2.300000,0.000000,40,42,43,45,47,49,50,50,50,50,50,564,0,38,43.289588206486464,30.54888203041628,270.5894109676592,7979.829787234043
1750615749,1,,Aggregated,20.000000,0.000000,39,40,41,43,45,46,50,54,56,56,56,5262,0,38,44.461237171981026,28.33826298592612,495.779535965994,7960.121246674268
1750615750,1,GET,/,0.000000,0.000000,0,0,0,0,0,0,0,0,0,0,0,1,0,158.03705103462562,158.03705103462562,158.03705103462562,158.03705103462562,10499.0
1750615750,1,GET,/product/0PUK6V6EV0,2.000000,0.000000,40,41,43,43,44,44,45,45,45,45,45,597,0,38,44.62785101507383,29.543057025875896,260.68762701470405,7955.340033500837
1750615750,1,GET,/product/1YMWWN1N4O,2.200000,0.000000,39,40,42,43,44,51,54,54,54,54,54,622,0,39,45.141017149236966,31.392459000926465,186.70842796564102,7978.450160771704
1750615750,1,GET,/product/2ZYFJ3GM2N,1.700000,0.000000,39,40,41,41,42,46,46,46,46,46,46,583,0,38,43.8182434183146,28.33826298592612,293.10180502943695,7974.727272727273
1750615750,1,GET,/product/66VCHSJNUP,2.300000,0.000000,38,39,41,41,43,44,45,45,45,45,45,532,0,39,45.80884903369128,29.592318984214216,495.779535965994,7940.556390977444
1750615750,1,GET,/product/6E92ZMYYFZ,2.300000,0.000000,39,40,44,44,45,45,48,48,48,48,48,586,0,38,44.43681546327588,30.15046496875584,179.285533959046,7930.334470989761
1750615750,1,GET,/product/9SIQT8TOJO,2.300000,0.000000,39,41,41,43,44,46,47,47,47,47,47,600,0,39,44.256527614294704,30.659020005259663,222.74189302697778,7980.823333333334
1750615750,1,GET,/product/L9ECAV7KIM,2.800000,0.000000,39,41,41,42,46,47,56,56,56,56,56,587,0,38,45.55475648755947,31.020343012642115,452.0060559734702,7947.850085178876
1750615750,1,GET,/product/LS4PSXUNUM,2.200000,0.000000,38,39,40,40,43,44,45,45,45,45,45,606,0,38,43.005698930092535,30.718712019734085,219.1432780236937,7946.656765676567
1750615750,1,GET,/product/OLJCESPC7Z,2.200000,0.000000,40,43,44,45,47,49,49,49,49,49,49,567,0,38,43.269606529918995,30.54888203041628,270.5894109676592,7979.910052910053
1750615750,1,,Aggregated,20.000000,0.000000,39,41,41,43,45,46,49,54,56,56,56,5281,0,38,44.44703149309114,28.33826298592612,495.779535965994,7960.124218897936
1750615751,1,GET,/,0.000000,0.000000,0,0,0,0,0,0,0,0,0,0,0,1,0,158.03705103462562,158.03705103462562,158.03705103462562,158.03705103462562,10499.0
1750615751,1,GET,/product/0PUK6V6EV0,2.100000,0.000000,40,41,43,43,44,44,45,45,45,45,45,600,0,38,44.61477147163047,29.543057025875896,260.68762701470405,7955.416666666667
1750615751,1,GET,/product/1YMWWN1N4O,2.400000,0.000000,39,41,42,43,44,51,54,54,54,54,54,624,0,39,45.124644919456045,31.392459000926465,186.70842796564102,7978.410256410257
1750615751,1,GET,/product/2ZYFJ3GM2N,1.600000,0.000000,40,41,42,42,44,46,46,46,46,46,46,585,0,38,43.808262953614324,28.33826298592612,293.10180502943695,7974.752136752137
1750615751,1,GET,/product/66VCHSJNUP,2.300000,0.000000,38,39,41,42,43,44,45,45,45,45,45,533,0,39,45.79441226819202,29.592318984214216,495.779535965994,7940.555347091932
1750615751,1,GET,/product/6E92ZMYYFZ,2.300000,0.000000,39,40,41,44,45,45,48,48,48,48,48,591,0,39,44.394757264757025,30.15046496875584,179.285533959046,7930.3536379018615
1750615751,1,GET,/product/9SIQT8TOJO,2.000000,0.000000,39,41,43,43,45,46,47,47,47,47,47,606,0,39,44.201761407016164,30.659020005259663,222.74189302697778,7980.775577557756
1750615751,1,GET,/product/L9ECAV7KIM,2.700000,0.000000,39,41,42,45,47,47,56,56,56,56,56,588,0,38,45.55797566025008,31.020343012642115,452.0060559734702,7947.853741496599
1750615751,1,GET,/product/LS4PSXUNUM,2.400000,0.000000,38,39,40,40,43,45,45,45,45,45,45,606,0,38,43.005698930092535,30.718712019734085,219.1432780236937,7946.656765676567
1750615751,1,GET,/product/OLJCESPC7Z,2.100000,0.000000,40,42,43,44,46,47,47,47,47,47,47,567,0,38,43.269606529918995,30.54888203041628,270.5894109676592,7979.910052910053
1750615751,1,,Aggregated,19.900000,0.000000,39,41,42,43,45,46,48,54,56,56,56,5301,0,38,44.43084569496597,28.33826298592612,495.779535965994,7960.126957177891
1750615752,1,GET,/,0.000000,0.000000,0,0,0,0,0,0,0,0,0,0,0,1,0,158.03705103462562,158.03705103462562,158.03705103462562,158.03705103462562,10499.0
1750615752,1,GET,/product/0PUK6V6EV0,2.100000,0.000000,40,41,43,43,44,44,45,45,45,45,45,605,0,38,44.57109053051561,29.543057025875896,260.68762701470405,7955.385123966942
1750615752,1,GET,/product/1YMWWN1N4O,2.400000,0.000000,39,40,41,42,43,51,54,54,54,54,54,626,0,39,45.10225505235578,31.392459000926465,186.70842796564102,7978.367412140575
1750615752,1,GET,/product/2ZYFJ3GM2N,1.300000,0.000000,40,41,41,42,44,46,46,46,46,46,46,588,0,38,43.774901486166634,28.33826298592612,293.10180502943695,7974.738095238095
1750615752,1,GET,/product/66VCHSJNUP,2.300000,0.000000,38,39,41,42,43,44,45,45,45,45,45,534,0,38,45.779375438116254,29.592318984214216,495.779535965994,7940.550561797752
1750615752,1,GET,/product/6E92ZMYYFZ,2.400000,0.000000,39,40,41,44,45,45,48,48,48,48,48,592,0,39,44.38320386229001,30.15046496875584,179.285533959046,7930.385135135135
1750615752,1,GET,/product/9SIQT8TOJO,2.300000,0.000000,40,41,43,43,45,46,47,47,47,47,47,607,0,39,44.20003044258656,30.659020005259663,222.74189302697778,7980.823723228995
1750615752,1,GET,/product/L9ECAV7KIM,2.700000,0.000000,39,41,42,45,47,47,56,56,56,56,56,591,0,38,45.51755822022948,31.020343012642115,452.0060559734702,7947.983079526227
1750615752,1,GET,/product/LS4PSXUNUM,2.300000,0.000000,38,39,40,40,43,45,45,45,45,45,45,606,0,38,43.005698930092535,30.718712019734085,219.1432780236937,7946.656765676567
1750615752,1,GET,/product/OLJCESPC7Z,2.200000,0.000000,40,42,43,44,46,46,47,47,47,47,47,572,0,38,43.25349947449448,30.54888203041628,270.5894109676592,7979.972027972028
1750615752,1,,Aggregated,20.000000,0.000000,39,41,42,43,45,46,48,54,56,56,56,5322,0,38,44.410183082848484,28.33826298592612,495.779535965994,7960.163284479519
1750615753,1,GET,/,0.000000,0.000000,0,0,0,0,0,0,0,0,0,0,0,1,0,158.03705103462562,158.03705103462562,158.03705103462562,158.03705103462562,10499.0
1750615753,1,GET,/product/0PUK6V6EV0,2.300000,0.000000,40,41,43,43,44,44,45,45,45,45,45,607,0,38,44.54540231961702,29.543057025875896,260.68762701470405,7955.39373970346
1750615753,1,GET,/product/1YMWWN1N4O,2.500000,0.000000,39,40,41,42,43,51,54,54,54,54,54,626,0,39,45.10225505235578,31.392459000926465,186.70842796564102,7978.367412140575
1750615753,1,GET,/product/2ZYFJ3GM2N,1.200000,0.000000,38,39,40,41,44,46,46,46,46,46,46,594,0,38,43.69486133818458,28.33826298592612,293.10180502943695,7974.801346801347
1750615753,1,GET,/product/66VCHSJNUP,2.200000,0.000000,38,38,39,40,43,44,44,44,44,44,44,536,0,38,45.75175252417711,29.592318984214216,495.779535965994,7940.5335820895525
1750615753,1,GET,/product/6E92ZMYYFZ,2.400000,0.000000,39,40,41,44,45,45,48,48,48,48,48,596,0,39,44.328402733995155,30.15046496875584,179.285533959046,7930.416107382551
1750615753,1,GET,/product/9SIQT8TOJO,2.400000,0.000000,40,42,43,43,45,46,47,47,47,47,47,608,0,39,44.19714133502183,30.659020005259663,222.74189302697778,7980.848684210527
1750615753,1,GET,/product/L9ECAV7KIM,2.700000,0.000000,39,40,41,41,46,47,47,47,47,47,47,594,0,38,45.46887894973993,31.020343012642115,452.0060559734702,7947.9158249158245
1750615753,1,GET,/product/LS4PSXUNUM,2.200000,0.000000,39,39,40,40,45,46,46,46,46,46,46,608,0,38,43.0064949911244,30.718712019734085,219.1432780236937,7946.680921052632
1750615753,1,GET,/product/OLJCESPC7Z,2.000000,0.000000,39,41,42,43,45,46,47,47,47,47,47,573,0,38,43.24007813512375,30.54888203041628,270.5894109676592,7979.959860383944
1750615753,1,,Aggregated,19.900000,0.000000,39,40,41,42,44,46,47,51,54,54,54,5343,0,38,44.38207237375761,28.33826298592612,495.779535965994,7960.1504772599665
1750615754,1,GET,/,0.000000,0.000000,0,0,0,0,0,0,0,0,0,0,0,1,0,158.03705103462562,158.03705103462562,158.03705103462562,158.03705103462562,10499.0
1750615754,1,GET,/product/0PUK6V6EV0,2.400000,0.000000,39,40,41,42,43,44,45,45,45,45,45,609,0,38,44.51910976690587,29.543057025875896,260.68762701470405,7955.3727422003285
1750615754,1,GET,/product/1YMWWN1N4O,2.400000,0.000000,39,40,41,42,43,51,54,54,54,54,54,628,0,39,45.07162692959592,31.392459000926465,186.70842796564102,7978.372611464968
1750615754,1,GET,/product/2ZYFJ3GM2N,1.100000,0.000000,38,39,40,41,44,46,46,46,46,46,46,595,0,38,43.671227401482454,28.33826298592612,293.10180502943695,7974.789915966387
1750615754,1,GET,/product/66VCHSJNUP,2.400000,0.000000,38,38,39,39,42,43,44,44,44,44,44,539,0,38,45.68991975138285,29.592318984214216,495.779535965994,7940.482374768089
1750615754,1,GET,/product/6E92ZMYYFZ,2.600000,0.000000,39,39,40,41,45,45,47,47,47,47,47,599,0,39,44.30874445314716,30.15046496875584,179.285533959046,7930.368948247078
1750615754,1,GET,/product/9SIQT8TOJO,2.400000,0.000000,41,42,43,44,45,46,47,47,47,47,47,611,0,39,44.18491209434565,30.659020005259663,222.74189302697778,7980.818330605564
1750615754,1,GET,/product/L9ECAV7KIM,2.700000,0.000000,38,40,41,42,46,47,47,47,47,47,47,597,0,38,45.42692775389186,31.020343012642115,452.0060559734702,7947.959798994975
1750615754,1,GET,/product/LS4PSXUNUM,1.900000,0.000000,38,39,40,40,45,46,46,46,46,46,46,609,0,38,42.997003092900016,30.718712019734085,219.1432780236937,7946.7110016420365
1750615754,1,GET,/product/OLJCESPC7Z,2.000000,0.000000,39,40,42,42,44,46,47,47,47,47,47,576,0,38,43.21278615872062,30.54888203041628,270.5894109676592,7979.972222222223
1750615754,1,,Aggregated,19.900000,0.000000,39,40,41,42,44,46,47,51,54,54,54,5364,0,38,44.354947512657894,28.33826298592612,495.779535965994,7960.136651752424
1750615755,1,GET,/,0.000000,0.000000,0,0,0,0,0,0,0,0,0,0,0,1,0,158.03705103462562,158.03705103462562,158.03705103462562,158.03705103462562,10499.0
1750615755,1,GET,/product/0PUK6V6EV0,2.600000,0.000000,39,40,41,41,43,44,45,45,45,45,45,611,0,38,44.49731999521987,29.543057025875896,260.68762701470405,7955.378068739771
1750615755,1,GET,/product/1YMWWN1N4O,2.400000,0.000000,39,40,41,42,51,54,54,54,54,54,54,628,0,39,45.07162692959592,31.392459000926465,186.70842796564102,7978.372611464968
1750615755,1,GET,/product/2ZYFJ3GM2N,1.200000,0.000000,38,40,40,41,44,46,46,46,46,46,46,597,0,38,43.65092261791482,28.33826298592612,293.10180502943695,7974.7370184254605
1750615755,1,GET,/product/66VCHSJNUP,2.200000,0.000000,38,39,40,40,42,43,44,44,44,44,44,542,0,39,45.65739780619339,29.592318984214216,495.779535965994,7940.553505535056
1750615755,1,GET,/product/6E92ZMYYFZ,2.600000,0.000000,39,39,39,41,45,45,47,47,47,47,47,604,0,38,44.24236215805613,30.15046496875584,179.285533959046,7930.317880794702
1750615755,1,GET,/product/9SIQT8TOJO,2.200000,0.000000,41,43,44,45,45,46,47,47,47,47,47,612,0,39,44.18630168900302,30.659020005259663,222.74189302697778,7980.803921568628
1750615755,1,GET,/product/L9ECAV7KIM,2.700000,0.000000,38,40,41,42,46,47,47,47,47,47,47,599,0,38,45.398871913258425,31.020343012642115,452.0060559734702,7948.003338898164
1750615755,1,GET,/product/LS4PSXUNUM,1.700000,0.000000,39,40,42,43,46,46,46,46,46,46,46,612,0,38,42.99395526394102,30.718712019734085,219.1432780236937,7946.718954248366
1750615755,1,GET,/product/OLJCESPC7Z,2.200000,0.000000,39,40,41,42,44,46,47,47,47,47,47,578,0,38,43.19469712873612,30.54888203041628,270.5894109676592,7979.9446366782
1750615755,1,,Aggregated,19.800000,0.000000,39,40,41,42,45,46,47,51,54,54,54,5384,0,38,44.33394407668482,28.33826298592612,495.779535965994,7960.098254086181
1750615756,1,GET,/,0.000000,0.000000,0,0,0,0,0,0,0,0,0,0,0,1,0,158.03705103462562,158.03705103462562,158.03705103462562,158.03705103462562,10499.0
1750615756,1,GET,/product/0PUK6V6EV0,2.300000,0.000000,39,40,40,41,43,44,45,45,45,45,45,612,0,38,44.47915802796879,29.543057025875896,260.68762701470405,7955.362745098039
1750615756,1,GET,/product/1YMWWN1N4O,2.200000,0.000000,39,39,40,41,43,51,51,51,51,51,51,629,0,39,45.05681470077224,31.392459000926465,186.70842796564102,7978.391096979332
1750615756,1,GET,/product/2ZYFJ3GM2N,1.800000,0.000000,38,40,40,41,44,46,46,46,46,46,46,597,0,38,43.65092261791482,28.33826298592612,293.10180502943695,7974.7370184254605
1750615756,1,GET,/product/66VCHSJNUP,2.000000,0.000000,38,39,40,40,43,44,44,44,44,44,44,545,0,39,45.61931729912673,29.592318984214216,495.779535965994,7940.634862385321
1750615756,1,GET,/product/6E92ZMYYFZ,2.800000,0.000000,39,39,39,40,45,45,47,47,47,47,47,608,0,38,44.19849046960161,30.15046496875584,179.285533959046,7930.305921052632
1750615756,1,GET,/product/9SIQT8TOJO,2.200000,0.000000,40,42,43,44,45,46,47,47,47,47,47,617,0,39,44.129897886075874,30.659020005259663,222.74189302697778,7980.77471636953
1750615756,1,GET,/product/L9ECAV7KIM,2.700000,0.000000,38,40,41,42,46,47,47,47,47,47,47,601,0,38,45.37301081540326,31.020343012642115,452.0060559734702,7948.026622296173
1750615756,1,GET,/product/LS4PSXUNUM,1.800000,0.000000,39,40,43,45,46,46,46,46,46,46,46,614,0,38,42.98841504974318,30.718712019734085,219.1432780236937,7946.729641693811
1750615756,1,GET,/product/OLJCESPC7Z,2.200000,0.000000,39,40,42,43,45,46,47,47,47,47,47,581,0,38,43.18292277515265,30.54888203041628,270.5894109676592,7979.936316695353
1750615756,1,,Aggregated,20.000000,0.000000,39,40,41,42,45,46,47,47,51,51,51,5405,0,38,44.31014257466169,28.33826298592612,495.779535965994,7960.095467160037
